item_id,title,category,attributes,allergens,unit_price,store_format
N201436,Bluebell cold brew 250 ml pack of 2,Beverages,"{""brand"": ""Bluebell"", ""size"": ""250 ml"", ""pack_qty"": 2}",none,14.37,express
N202429,Bluebell rice cakes 1 kg pack of 12,Snacks,"{""brand"": ""Bluebell"", ""size"": ""1 kg"", ""pack_qty"": 12}",nuts;milk,16.47,express
N201368,Valley whole milk 1 kg pack of 6,Dairy,"{""brand"": ""Valley"", ""size"": ""1 kg"", ""pack_qty"": 6}",milk,11.99,online
N201028,Harvest cola zero 1 kg pack of 4,UNKNOWN_CAT,"{""brand"": ""Harvest"", ""size"": ""1 kg"", ""pack_qty"": 4}",none,7.17,supermarket
N200102,Meadow bin liners 330 ml pack of 4,Household,"{""brand"": ""Meadow"", ""size"": ""330 ml"", ""pack_qty"": 4}",none,14.55,supermarket
N200717,Orchard tortilla chips 250 ml pack of 6,Snacks,"{""brand"": ""Orchard"", ""size"": ""250 ml"", ""pack_qty"": 6}",nuts;milk,3.22,express
N202181,Orchard dark chocolate 500 g pack of 6,Snacks,"{""brand"": ""Orchard"", ""size"": ""500 g"", ""pack_qty"": 6}",nuts;milk,12.13,supermarket
N200925,Harvest dark chocolate 1 L pack of 6,Snacks,"{""brand"": ""Harvest"", ""size"": ""1 L"", ""pack_qty"": 6}",nuts;milk,21.6,supermarket
N201845,Bluebell tortilla chips 330 ml pack of 1,Snacks,"{""brand"": ""Bluebell"", ""size"": ""330 ml"", ""pack_qty"": 1}",nuts;milk,5.71,online
N202671,Bluebell body lotion 500 g pack of 1,Personal Care,"{""brand"": ""Bluebell"", ""size"": ""500 g"", ""pack_qty"": 1}",none,12.37,online
N202788,Meadow orange juice 2 L pack of 2,Beverages,"{""brand"": ""Meadow"", ""size"": ""2 L"", ""pack_qty"": 2}",none,21.23,express
N201421,Meadow tortilla chips 330 ml pack of 4,Snacks,"{""brand"": ""Meadow"", ""size"": ""330 ml"", ""pack_qty"": 4}",nuts;milk,11.38,express
N200333,Meadow dark chocolate 750 g pack of 4,Snacks,"{""brand"": ""Meadow"", ""size"": ""750 g"", ""pack_qty"": 4}",nuts;milk,19.73,express
N201651,Bluebell mixed berries 500 g pack of 2,Frozen,"{""brand"": ""Bluebell"", ""size"": ""500 g"", ""pack_qty"": 2}",gluten;fish,23.87,online
N200286,Valley laundry pods 750 g pack of 1,Household,"{""brand"": ""Valley"", ""size"": ""750 g"", ""pack_qty"": 1}",none,3.99,online
N200330,Harvest gala apple 330 ml pack of 1,Produce,"{""brand"": ""Harvest"", ""size"": ""330 ml"", ""pack_qty"": 1}",none,0.41,supermarket
N201577,Orchard blueberry muffin 250 ml pack of 2,Bakery,"{""brand"": ""Orchard"", ""size"": ""250 ml"", ""pack_qty"": 2}",gluten;egg,10.53,supermarket
N202628,Harvest sparkling water 2 L pack of 4,Beverages,"{""brand"": ""Harvest"", ""size"": ""2 L"", ""pack_qty"": 4}",none,4.24,express
N201420,Orchard oat drink 750 g pack of 1,Beverages,"{""brand"": ""Orchard"", ""size"": ""750 g"", ""pack_qty"": 1}",none,7.88,online
N201166,Valley paper towel 1 L pack of 6,Household,"{""brand"": ""Valley"", ""size"": ""1 L"", ""pack_qty"": 6}",none,7.71,express
N201090,Harvest banana bunch 6 pk pack of 4,Produce,"{""brand"": ""Harvest"", ""size"": ""6 pk"", ""pack_qty"": 4}",none,7.0,supermarket
N202334,Northfield paper towel 750 g pack of 12,Household,"{""brand"": ""Northfield"", ""size"": ""750 g"", ""pack_qty"": 12}",none,16.68,supermarket
N202569,Harvest seeded bagel 1 kg pack of 6,Bakery,"{""brand"": ""Harvest"", ""size"": ""1 kg"", ""pack_qty"": 6}",gluten;egg,10.51,express
N201863,Meadow toothpaste mint 250 ml pack of 2,Personal Care,"{""brand"": ""Meadow"", ""size"": ""250 ml"", ""pack_qty"": 2}",none,5.58,supermarket
N202718,Northfield glass cleaner 250 ml pack of 1,Household,"{""brand"": ""Northfield"", ""size"": ""250 ml"", ""pack_qty"": 1}",none,22.42,online
N202300,Meadow sparkling water 250 ml pack of 6,Beverages,"{""brand"": ""Meadow"", ""size"": ""250 ml"", ""pack_qty"": 6}",none,21.85,online
N200518,Bluebell paper towel 750 g pack of 12,Household,"{""brand"": ""Bluebell"", ""size"": ""750 g"", ""pack_qty"": 12}",none,13.28,supermarket
N202680,Meadow cheddar cheese 1 L pack of 4,Dairy,"{""brand"": ""Meadow"", ""size"": ""1 L"", ""pack_qty"": 4}",milk,11.99,express
N202433,Orchard blueberry muffin 6 pk pack of 2,Bakery,"{""brand"": ""Orchard"", ""size"": ""6 pk"", ""pack_qty"": 2}",gluten;egg,13.39,supermarket
N201338,Valley cherry tomato 750 g pack of 12,Produce,"{""brand"": ""Valley"", ""size"": ""750 g"", ""pack_qty"": 12}",none,8.61,supermarket
N200280,Meadow double cream 1 kg pack of 12,Dairy,"{""brand"": ""Meadow"", ""size"": ""1 kg"", ""pack_qty"": 12}",milk,17.9,express
N202512,Harvest greek yogurt 330 ml pack of 6,Dairy,"{""brand"": ""Harvest"", ""size"": ""330 ml"", ""pack_qty"": 6}",milk,13.6,express
N200210,Meadow cherry tomato 250 ml pack of 2,Produce,"{""brand"": ""Meadow"", ""size"": ""250 ml"", ""pack_qty"": 2}",none,7.53,express
N201675,Orchard vanilla icecream 2 L pack of 12,Frozen,"{""brand"": ""Orchard"", ""size"": ""2 L"", ""pack_qty"": 12}",gluten;fish,8.24,online
N200404,Orchard orange juice 6 pk pack of 6,Beverages,"{""brand"": ""Orchard"", ""size"": ""6 pk"", ""pack_qty"": 6}",none,13.28,express
N200306,Meadow cherry tomato 1 L pack of 4,Produce,"{""brand"": ""Meadow"", ""size"": ""1 L"", ""pack_qty"": 4}",none,22.49,online
N200630,Northfield laundry pods 1 L pack of 6,Household,"{""brand"": ""Northfield"", ""size"": ""1 L"", ""pack_qty"": 6}",none,10.85,express
N200337,Harvest blueberry muffin 750 g pack of 12,Bakery,"{""brand"": ""Harvest"", ""size"": ""750 g"", ""pack_qty"": 12}",gluten;egg,2.43,supermarket
N201131,Northfield garden peas 250 ml pack of 2,Frozen,"{""brand"": ""Northfield"", ""size"": ""250 ml"", ""pack_qty"": 2}",gluten;fish,3.46,supermarket
N202557,Northfield dark chocolate 1 L pack of 1,Snacks,"{""brand"": ""Northfield"", ""size"": ""1 L"", ""pack_qty"": 1}",nuts;milk,8.18,express
N201860,Bluebell oat drink 500 g pack of 1,Beverages,"{""brand"": ""Bluebell"", ""size"": ""500 g"", ""pack_qty"": 1}",none,4.63,supermarket
N202990,Orchard glass cleaner 500 g pack of 2,Household,"{""brand"": ""Orchard"", ""size"": ""500 g"", ""pack_qty"": 2}",none,5.11,supermarket
N200703,Meadow hand soap 2 L pack of 2,Personal Care,"{""brand"": ""Meadow"", ""size"": ""2 L"", ""pack_qty"": 2}",none,14.38,supermarket
N202092,Valley sparkling water 6 pk pack of 12,Beverages,"{""brand"": ""Valley"", ""size"": ""6 pk"", ""pack_qty"": 12}",none,17.64,express
N200301,Northfield dark chocolate 1 L pack of 2,Snacks,"{""brand"": ""Northfield"", ""size"": ""1 L"", ""pack_qty"": 2}",nuts;milk,21.88,online
N200991,Harvest body lotion 6 pk pack of 12,Personal Care,"{""brand"": ""Harvest"", ""size"": ""6 pk"", ""pack_qty"": 12}",none,10.95,express
N202896,Harvest salted butter 250 ml pack of 6,Dairy,"{""brand"": ""Harvest"", ""size"": ""250 ml"", ""pack_qty"": 6}",milk,8.95,online
N200637,Orchard salted crisps 1 L pack of 4,Snacks,"{""brand"": ""Orchard"", ""size"": ""1 L"", ""pack_qty"": 4}",nuts;milk,2.62,express
N200918,Meadow laundry pods 2 L pack of 1,Household,"{""brand"": ""Meadow"", ""size"": ""2 L"", ""pack_qty"": 1}",none,18.05,supermarket
N200160,Northfield whole milk 1 L pack of 2,Dairy,"{""brand"": ""Northfield"", ""size"": ""1 L"", ""pack_qty"": 2}",milk,20.31,online
N202007,Northfield toothpaste mint 330 ml pack of 2,Personal Care,"{""brand"": ""Northfield"", ""size"": ""330 ml"", ""pack_qty"": 2}",none,6.33,express
N200252,Orchard cola zero 330 ml pack of 4,Beverages,"{""brand"": ""Orchard"", ""size"": ""330 ml"", ""pack_qty"": 4}",none,5.04,express
N200592,Northfield greek yogurt 250 ml pack of 12,Dairy,"{""brand"": ""Northfield"", ""size"": ""250 ml"", ""pack_qty"": 12}",milk,9.6,supermarket
N201429,Orchard dark chocolate 750 g pack of 6,Snacks,"{""brand"": ""Orchard"", ""size"": ""750 g"", ""pack_qty"": 6}",nuts;milk,1.44,supermarket
N200385,Valley sourdough loaf 250 ml pack of 1,Bakery,"{""brand"": ""Valley"", ""size"": ""250 ml"", ""pack_qty"": 1}",gluten;egg,19.16,supermarket
N200968,Orchard cheddar cheese 1 kg pack of 2,Dairy,"{""brand"": ""Orchard"", ""size"": ""1 kg"", ""pack_qty"": 2}",milk,3.66,express
N202733,Orchard trail mix 1 kg pack of 6,Snacks,"{""brand"": ""Orchard"", ""size"": ""1 kg"", ""pack_qty"": 6}",nuts;milk,2.19,online
N202784,Bluebell double cream 500 g pack of 6,Dairy,"{""brand"": ""Bluebell"", ""size"": ""500 g"", ""pack_qty"": 6}",milk,16.09,online
N201021,Valley dark chocolate 1 L pack of 4,Snacks,"{""brand"": ""Valley"", ""size"": ""1 L"", ""pack_qty"": 4}",nuts;milk,19.75,express
N200531,Harvest vanilla icecream 1 L pack of 6,Frozen,"{""brand"": ""Harvest"", ""size"": ""1 L"", ""pack_qty"": 6}",gluten;fish,23.85,express
N202351,Meadow hand soap 2 L pack of 1,Personal Care,"{""brand"": ""Meadow"", ""size"": ""2 L"", ""pack_qty"": 1}",none,5.33,supermarket
N202565,Meadow rice cakes 2 L pack of 2,Snacks,"{""brand"": ""Meadow"", ""size"": ""2 L"", ""pack_qty"": 2}",nuts;milk,12.97,express
N202276,Bluebell cold brew 330 ml pack of 12,Beverages,"{""brand"": ""Bluebell"", ""size"": ""330 ml"", ""pack_qty"": 12}",none,2.46,express
N200739N,VALLEY FISH FINGERS 1 KG PACK OF 2  ,Frozen,"{""brand"": ""Valley"", ""size"": ""1 kg"", ""pack_qty"": 2}",gluten;fish,9.9,express
N201804,Northfield oat drink 500 g pack of 4,Beverages,"{""brand"": ""Northfield"", ""size"": ""500 g"", ""pack_qty"": 4}",none,12.94,express
N202874,Valley avocado ripe 750 g pack of 12,Produce,"{""brand"": ""Valley"", ""size"": ""750 g"", ""pack_qty"": 12}",none,11.82,online
N201081,Harvest wholemeal bread 330 ml pack of 6,Bakery,"{""brand"": ""Harvest"", ""size"": ""330 ml"", ""pack_qty"": 6}",gluten;egg,23.06,online
N202644,Harvest cola zero 1 kg pack of 2,Beverages,"{""brand"": ""Harvest"", ""size"": ""1 kg"", ""pack_qty"": 2}",none,13.13,supermarket
N202986,Bluebell avocado ripe 1 L pack of 6,Produce,"{""brand"": ""Bluebell"", ""size"": ""1 L"", ""pack_qty"": 6}",none,5.06,supermarket
N202135,Valley razor blades 250 ml pack of 2,Personal Care,"{""brand"": ""Valley"", ""size"": ""250 ml"", ""pack_qty"": 2}",none,12.7,express
N202677,Bluebell dark chocolate 6 pk pack of 12,Snacks,"{""brand"": ""Bluebell"", ""size"": ""6 pk"", ""pack_qty"": 12}",nuts;milk,16.85,supermarket
N201914,Orchard baby spinach 6 pk pack of 2,Produce,"{""brand"": ""Orchard"", ""size"": ""6 pk"", ""pack_qty"": 2}",none,15.1,express
N202066,Northfield banana bunch 750 g pack of 1,Produce,"{""brand"": ""Northfield"", ""size"": ""750 g"", ""pack_qty"": 1}",none,9.22,online
N201387,Northfield garden peas 6 pk pack of 4,Frozen,"{""brand"": ""Northfield"", ""size"": ""6 pk"", ""pack_qty"": 4}",gluten;fish,15.27,express
N201726,Bluebell dish soap 750 g pack of 6,Household,"{""brand"": ""Bluebell"", ""size"": ""750 g"", ""pack_qty"": 6}",none,23.92,online
N201133,Northfield trail mix 250 ml pack of 6,Snacks,"{""brand"": ""Northfield"", ""size"": ""250 ml"", ""pack_qty"": 6}",nuts;milk,10.6,supermarket
N202128,Orchard cheddar cheese 1 L pack of 4,Dairy,"{""brand"": ""Orchard"", ""size"": ""1 L"", ""pack_qty"": 4}",milk,6.06,express
N202932,Northfield orange juice 500 g pack of 2,Beverages,"{""brand"": ""Northfield"", ""size"": ""500 g"", ""pack_qty"": 2}",none,7.5,online
N202919,Bluebell hand soap 500 g pack of 2,Personal Care,"{""brand"": ""Bluebell"", ""size"": ""500 g"", ""pack_qty"": 2}",none,16.88,supermarket
N202113,Meadow butter croissant 250 ml pack of 6,Bakery,"{""brand"": ""Meadow"", ""size"": ""250 ml"", ""pack_qty"": 6}",gluten;egg,24.0,supermarket
N201490,Orchard baby spinach 1 kg pack of 2,Produce,"{""brand"": ""Orchard"", ""size"": ""1 kg"", ""pack_qty"": 2}",none,1.29,express
N202390,Meadow glass cleaner 750 g pack of 1,Household,"{""brand"": ""Meadow"", ""size"": ""750 g"", ""pack_qty"": 1}",none,18.26,express
N202203,Valley fish fingers 750 g pack of 6,Frozen,"{""brand"": ""Valley"", ""size"": ""750 g"", ""pack_qty"": 6}",gluten;fish,5.96,express
N201891,Harvest garden peas 1 L pack of 4,Frozen,"{""brand"": ""Harvest"", ""size"": ""1 L"", ""pack_qty"": 4}",gluten;fish,6.85,online
N202688,Valley salted butter 6 pk pack of 6,Dairy,"{""brand"": ""Valley"", ""size"": ""6 pk"", ""pack_qty"": 6}",milk,8.48,online
N202752,Bluebell greek yogurt 2 L pack of 2,Dairy,"{""brand"": ""Bluebell"", ""size"": ""2 L"", ""pack_qty"": 2}",milk,15.62,supermarket
N202222,Valley glass cleaner 2 L pack of 2,Household,"{""brand"": ""Valley"", ""size"": ""2 L"", ""pack_qty"": 2}",none,17.08,supermarket
N202742,Bluebell paper towel 2 L pack of 6,Household,"{""brand"": ""Bluebell"", ""size"": ""2 L"", ""pack_qty"": 6}",none,13.17,supermarket
N200694,Harvest bin liners 500 g pack of 12,Household,"{""brand"": ""Harvest"", ""size"": ""500 g"", ""pack_qty"": 12}",none,17.35,online
N202891,Valley margherita pizza 1 L pack of 1,Frozen,"{""brand"": ""Valley"", ""size"": ""1 L"", ""pack_qty"": 1}",gluten;fish,5.7,supermarket
N201455,Valley hand soap 1 L pack of 1,Personal Care,"{""brand"": ""Valley"", ""size"": ""1 L"", ""pack_qty"": 1}",none,13.51,online
N201761,Orchard wholemeal bread 6 pk pack of 12,Bakery,"{""brand"": ""Orchard"", ""size"": ""6 pk"", ""pack_qty"": 12}",gluten;egg,14.62,express
N202883,Bluebell vanilla icecream 500 g pack of 1,Frozen,"{""brand"": ""Bluebell"", ""size"": ""500 g"", ""pack_qty"": 1}",gluten;fish,15.36,supermarket
N201466N,MEADOW GALA APPLE 2 L PACK OF 2  ,Produce,"{""brand"": ""Meadow"", ""size"": ""2 L"", ""pack_qty"": 2}",none,11.67,express
N202177,Meadow butter croissant 1 L pack of 2,Bakery,"{""brand"": ""Meadow"", ""size"": ""1 L"", ""pack_qty"": 2}",gluten;egg,2.91,online
N200314,Orchard gala apple 1 L pack of 1,Produce,"{""brand"": ""Orchard"", ""size"": ""1 L"", ""pack_qty"": 1}",none,8.33,express
N202254,Valley bin liners 500 g pack of 4,Household,"{""brand"": ""Valley"", ""size"": ""500 g"", ""pack_qty"": 4}",none,21.89,express
N201532,Meadow orange juice 750 g pack of 12,Beverages,"{""brand"": ""Meadow"", ""size"": ""750 g"", ""pack_qty"": 12}",none,21.27,express
N201550,Northfield bin liners 6 pk pack of 12,Household,"{""brand"": ""Northfield"", ""size"": ""6 pk"", ""pack_qty"": 12}",none,19.69,express
N200090,Bluebell banana bunch 250 ml pack of 2,Produce,"{""brand"": ""Bluebell"", ""size"": ""250 ml"", ""pack_qty"": 2}",none,16.58,supermarket
N201277,Harvest salted crisps 6 pk pack of 12,UNKNOWN_CAT,"{""brand"": ""Harvest"", ""size"": ""6 pk"", ""pack_qty"": 12}",nuts;milk,15.69,supermarket
N200666,Northfield banana bunch 1 L pack of 12,Produce,"{""brand"": ""Northfield"", ""size"": ""1 L"", ""pack_qty"": 12}",none,3.67,online
N201758,Meadow paper towel 750 g pack of 4,Household,"{""brand"": ""Meadow"", ""size"": ""750 g"", ""pack_qty"": 4}",none,2.69,express
N202220,Valley orange juice 1 kg pack of 1,Beverages,"{""brand"": ""Valley"", ""size"": ""1 kg"", ""pack_qty"": 1}",none,2.48,online
N202458,Valley avocado ripe 250 ml pack of 6,Produce,"{""brand"": ""Valley"", ""size"": ""250 ml"", ""pack_qty"": 6}",none,10.29,online
N200376,Meadow cheddar cheese 500 g pack of 1,Dairy,"{""brand"": ""Meadow"", ""size"": ""500 g"", ""pack_qty"": 1}",milk,17.95,supermarket
N200952,Bluebell whole milk 500 g pack of 2,Dairy,"{""brand"": ""Bluebell"", ""size"": ""500 g"", ""pack_qty"": 2}",milk,9.05,supermarket
N201226,Harvest gala apple 1 kg pack of 1,Produce,"{""brand"": ""Harvest"", ""size"": ""1 kg"", ""pack_qty"": 1}",none,14.32,express
N201909,Meadow trail mix 330 ml pack of 1,Snacks,"{""brand"": ""Meadow"", ""size"": ""330 ml"", ""pack_qty"": 1}",nuts;milk,5.66,online
N200913,Valley wholemeal bread 330 ml pack of 4,Bakery,"{""brand"": ""Valley"", ""size"": ""330 ml"", ""pack_qty"": 4}",gluten;egg,4.04,supermarket
N202535,Northfield shampoo daily 750 g pack of 2,Personal Care,"{""brand"": ""Northfield"", ""size"": ""750 g"", ""pack_qty"": 2}",none,7.58,supermarket
N201022,Valley paper towel 2 L pack of 6,Household,"{""brand"": ""Valley"", ""size"": ""2 L"", ""pack_qty"": 6}",none,2.14,supermarket
N200315,Bluebell garden peas 750 g pack of 2,Frozen,"{""brand"": ""Bluebell"", ""size"": ""750 g"", ""pack_qty"": 2}",gluten;fish,18.67,supermarket
N201600,Meadow cheddar cheese 250 ml pack of 1,Dairy,"{""brand"": ""Meadow"", ""size"": ""250 ml"", ""pack_qty"": 1}",milk,21.58,express
N202870,Bluebell laundry pods 2 L pack of 6,Household,"{""brand"": ""Bluebell"", ""size"": ""2 L"", ""pack_qty"": 6}",none,10.51,online
N201787,Meadow margherita pizza 6 pk pack of 12,Frozen,"{""brand"": ""Meadow"", ""size"": ""6 pk"", ""pack_qty"": 12}",gluten;fish,3.01,express
N200492,Meadow oat drink 1 L pack of 4,Beverages,"{""brand"": ""Meadow"", ""size"": ""1 L"", ""pack_qty"": 4}",none,12.1,express
N201932,Orchard cola zero 6 pk pack of 6,Beverages,"{""brand"": ""Orchard"", ""size"": ""6 pk"", ""pack_qty"": 6}",none,7.89,online
N201650,Valley gala apple 2 L pack of 6,Produce,"{""brand"": ""Valley"", ""size"": ""2 L"", ""pack_qty"": 6}",none,13.36,express
N202022,Valley glass cleaner 250 ml pack of 1,Household,"{""brand"": ""Valley"", ""size"": ""250 ml"", ""pack_qty"": 1}",none,22.96,online
N200331,Valley mixed berries 750 g pack of 1,Frozen,"{""brand"": ""Valley"", ""size"": ""750 g"", ""pack_qty"": 1}",gluten;fish,15.79,supermarket
N200137,Valley sourdough loaf 250 ml pack of 12,Bakery,"{""brand"": ""Valley"", ""size"": ""250 ml"", ""pack_qty"": 12}",gluten;egg,14.28,supermarket
N200898,Northfield gala apple 1 L pack of 12,Produce,"{""brand"": ""Northfield"", ""size"": ""1 L"", ""pack_qty"": 12}",none,15.49,supermarket
N202136,Northfield cheddar cheese 250 ml pack of 2,Dairy,"{""brand"": ""Northfield"", ""size"": ""250 ml"", ""pack_qty"": 2}",milk,10.42,express
N201307,Meadow mixed berries 1 kg pack of 2,Frozen,"{""brand"": ""Meadow"", ""size"": ""1 kg"", ""pack_qty"": 2}",gluten;fish,2.27,online
N201056,Harvest greek yogurt 330 ml pack of 1,Dairy,"{""brand"": ""Harvest"", ""size"": ""330 ml"", ""pack_qty"": 1}",milk,0.98,supermarket
N201016,Meadow cheddar cheese 330 ml pack of 12,Dairy,"{""brand"": ""Meadow"", ""size"": ""330 ml"", ""pack_qty"": 12}",milk,15.1,express
N201673,Bluebell seeded bagel 330 ml pack of 6,Bakery,"{""brand"": ""Bluebell"", ""size"": ""330 ml"", ""pack_qty"": 6}",gluten;egg,13.49,express
N201170,Harvest banana bunch 1 kg pack of 4,Produce,"{""brand"": ""Harvest"", ""size"": ""1 kg"", ""pack_qty"": 4}",none,15.07,express
N202174,Bluebell glass cleaner 250 ml pack of 6,Household,"{""brand"": ""Bluebell"", ""size"": ""250 ml"", ""pack_qty"": 6}",none,17.92,supermarket
N201754,Northfield baby spinach 2 L pack of 1,Produce,"{""brand"": ""Northfield"", ""size"": ""2 L"", ""pack_qty"": 1}",none,4.1,online
N201483,Orchard fish fingers 2 L pack of 6,Frozen,"{""brand"": ""Orchard"", ""size"": ""2 L"", ""pack_qty"": 6}",gluten;fish,16.33,supermarket
N201252,Harvest sparkling water 1 kg pack of 4,Beverages,"{""brand"": ""Harvest"", ""size"": ""1 kg"", ""pack_qty"": 4}",none,20.27,express
N202163,Orchard garden peas 6 pk pack of 6,Frozen,"{""brand"": ""Orchard"", ""size"": ""6 pk"", ""pack_qty"": 6}",gluten;fish,8.88,supermarket
N200862,Harvest dish soap 330 ml pack of 2,Household,"{""brand"": ""Harvest"", ""size"": ""330 ml"", ""pack_qty"": 2}",none,5.94,express
N201674,Meadow banana bunch 250 ml pack of 6,Produce,"{""brand"": ""Meadow"", ""size"": ""250 ml"", ""pack_qty"": 6}",none,1.12,supermarket
N202444,Harvest oat drink 750 g pack of 1,Beverages,"{""brand"": ""Harvest"", ""size"": ""750 g"", ""pack_qty"": 1}",none,16.39,online
N200247,Northfield body lotion 6 pk pack of 6,Personal Care,"{""brand"": ""Northfield"", ""size"": ""6 pk"", ""pack_qty"": 6}",none,19.24,online
N201983,Bluebell razor blades 250 ml pack of 4,Personal Care,"{""brand"": ""Bluebell"", ""size"": ""250 ml"", ""pack_qty"": 4}",none,14.48,express
N202516,Bluebell orange juice 500 g pack of 6,Beverages,"{""brand"": ""Bluebell"", ""size"": ""500 g"", ""pack_qty"": 6}",none,21.86,online
N200222,Valley dish soap 6 pk pack of 6,Household,"{""brand"": ""Valley"", ""size"": ""6 pk"", ""pack_qty"": 6}",none,20.59,supermarket
N200807,Meadow razor blades 2 L pack of 1,Personal Care,"{""brand"": ""Meadow"", ""size"": ""2 L"", ""pack_qty"": 1}",none,5.59,express
N201167,Orchard razor blades 6 pk pack of 2,Personal Care,"{""brand"": ""Orchard"", ""size"": ""6 pk"", ""pack_qty"": 2}",none,14.96,express
N201973,Bluebell dark chocolate 2 L pack of 12,Snacks,"{""brand"": ""Bluebell"", ""size"": ""2 L"", ""pack_qty"": 12}",nuts;milk,23.7,online
N200547,Northfield mixed berries 1 kg pack of 12,Frozen,"{""brand"": ""Northfield"", ""size"": ""1 kg"", ""pack_qty"": 12}",gluten;fish,17.51,express
N201125,Orchard trail mix 250 ml pack of 6,Snacks,"{""brand"": ""Orchard"", ""size"": ""250 ml"", ""pack_qty"": 6}",nuts;milk,2.12,supermarket
N200765,Bluebell rice cakes 2 L pack of 1,Snacks,"{""brand"": ""Bluebell"", ""size"": ""2 L"", ""pack_qty"": 1}",nuts;milk,19.29,express
N200229,Harvest salted crisps 6 pk pack of 1,Snacks,"{""brand"": ""Harvest"", ""size"": ""6 pk"", ""pack_qty"": 1}",nuts;milk,3.37,express
N201471,Meadow body lotion 1 L pack of 1,Personal Care,"{""brand"": ""Meadow"", ""size"": ""1 L"", ""pack_qty"": 1}",none,2.48,express
N202326,Harvest paper towel 1 L pack of 2,Household,"{""brand"": ""Harvest"", ""size"": ""1 L"", ""pack_qty"": 2}",none,8.38,online
N200182,Bluebell bin liners 2 L pack of 6,Household,"{""brand"": ""Bluebell"", ""size"": ""2 L"", ""pack_qty"": 6}",none,20.82,online
N201017,Orchard butter croissant 2 L pack of 6,Bakery,"{""brand"": ""Orchard"", ""size"": ""2 L"", ""pack_qty"": 6}",gluten;egg,21.75,express
N202879,Orchard hand soap 1 kg pack of 1,Personal Care,"{""brand"": ""Orchard"", ""size"": ""1 kg"", ""pack_qty"": 1}",none,17.24,online
N202758,Orchard bin liners 500 g pack of 12,Household,"{""brand"": ""Orchard"", ""size"": ""500 g"", ""pack_qty"": 12}",none,19.75,supermarket
N200504,Harvest whole milk 250 ml pack of 1,Dairy,"{""brand"": ""Harvest"", ""size"": ""250 ml"", ""pack_qty"": 1}",milk,23.76,supermarket
N202380,Harvest orange juice 500 g pack of 6,Beverages,"{""brand"": ""Harvest"", ""size"": ""500 g"", ""pack_qty"": 6}",none,2.29,online
N202585,Valley butter croissant 6 pk pack of 6,Bakery,"{""brand"": ""Valley"", ""size"": ""6 pk"", ""pack_qty"": 6}",gluten;egg,2.51,express
N201171,Bluebell margherita pizza 6 pk pack of 4,Frozen,"{""brand"": ""Bluebell"", ""size"": ""6 pk"", ""pack_qty"": 4}",gluten;fish,15.95,supermarket
N201878,Harvest bin liners 1 L pack of 4,Household,"{""brand"": ""Harvest"", ""size"": ""1 L"", ""pack_qty"": 4}",none,15.14,supermarket
N200356,Meadow oat drink 250 ml pack of 2,Beverages,"{""brand"": ""Meadow"", ""size"": ""250 ml"", ""pack_qty"": 2}",none,21.37,supermarket
N201568,Orchard cheddar cheese 2 L pack of 6,Dairy,"{""brand"": ""Orchard"", ""size"": ""2 L"", ""pack_qty"": 6}",milk,7.78,online
N202275,Bluebell mixed berries 2 L pack of 4,Frozen,"{""brand"": ""Bluebell"", ""size"": ""2 L"", ""pack_qty"": 4}",gluten;fish,19.61,supermarket
N202949,Orchard tortilla chips 1 kg pack of 12,Snacks,"{""brand"": ""Orchard"", ""size"": ""1 kg"", ""pack_qty"": 12}",nuts;milk,5.55,express
N202748,Northfield cold brew 6 pk pack of 6,Beverages,"{""brand"": ""Northfield"", ""size"": ""6 pk"", ""pack_qty"": 6}",none,4.36,online
N202330,Harvest avocado ripe 1 L pack of 12,Produce,"{""brand"": ""Harvest"", ""size"": ""1 L"", ""pack_qty"": 12}",none,5.47,online
N201287,Northfield hand soap 250 ml pack of 6,Personal Care,"{""brand"": ""Northfield"", ""size"": ""250 ml"", ""pack_qty"": 6}",none,4.83,express
N201100,Orchard cold brew 330 ml pack of 2,Beverages,"{""brand"": ""Orchard"", ""size"": ""330 ml"", ""pack_qty"": 2}",none,9.06,online
N201359,Valley body lotion 6 pk pack of 4,Personal Care,"{""brand"": ""Valley"", ""size"": ""6 pk"", ""pack_qty"": 4}",none,22.4,supermarket
N200430,Valley laundry pods 500 g pack of 6,Household,"{""brand"": ""Valley"", ""size"": ""500 g"", ""pack_qty"": 6}",none,11.25,express
N202900,Northfield cold brew 750 g pack of 12,Beverages,"{""brand"": ""Northfield"", ""size"": ""750 g"", ""pack_qty"": 12}",none,1.44,supermarket
N200681,Northfield sourdough loaf 500 g pack of 2,Bakery,"{""brand"": ""Northfield"", ""size"": ""500 g"", ""pack_qty"": 2}",gluten;egg,23.7,online
N202936,Northfield salted butter 1 kg pack of 4,Dairy,"{""brand"": ""Northfield"", ""size"": ""1 kg"", ""pack_qty"": 4}",milk,1.49,online
N200328,Harvest cheddar cheese 1 kg pack of 12,Dairy,"{""brand"": ""Harvest"", ""size"": ""1 kg"", ""pack_qty"": 12}",milk,3.8,express
N200835,Northfield garden peas 2 L pack of 6,Frozen,"{""brand"": ""Northfield"", ""size"": ""2 L"", ""pack_qty"": 6}",gluten;fish,14.32,supermarket
N200224,Meadow double cream 500 g pack of 2,Dairy,"{""brand"": ""Meadow"", ""size"": ""500 g"", ""pack_qty"": 2}",milk,19.59,supermarket
N202551,Valley body lotion 1 L pack of 12,Personal Care,"{""brand"": ""Valley"", ""size"": ""1 L"", ""pack_qty"": 12}",none,7.04,express
N200448,Orchard cheddar cheese 250 ml pack of 4,Dairy,"{""brand"": ""Orchard"", ""size"": ""250 ml"", ""pack_qty"": 4}",milk,10.01,express
N202303,Orchard shampoo daily 1 kg pack of 1,Personal Care,"{""brand"": ""Orchard"", ""size"": ""1 kg"", ""pack_qty"": 1}",none,18.24,express
N201524,Valley sparkling water 1 L pack of 6,Beverages,"{""brand"": ""Valley"", ""size"": ""1 L"", ""pack_qty"": 6}",none,16.8,online
N202194,Orchard avocado ripe 250 ml pack of 12,Produce,"{""brand"": ""Orchard"", ""size"": ""250 ml"", ""pack_qty"": 12}",none,16.21,express
N201883,Harvest vanilla icecream 2 L pack of 4,Frozen,"{""brand"": ""Harvest"", ""size"": ""2 L"", ""pack_qty"": 4}",gluten;fish,19.36,express
N202395,Northfield mixed berries 1 L pack of 4,Frozen,"{""brand"": ""Northfield"", ""size"": ""1 L"", ""pack_qty"": 4}",gluten;fish,9.51,supermarket
N202520,Northfield greek yogurt 500 g pack of 4,Dairy,"{""brand"": ""Northfield"", ""size"": ""500 g"", ""pack_qty"": 4}",milk,15.51,online
N202096,Harvest salted butter 6 pk pack of 4,Dairy,"{""brand"": ""Harvest"", ""size"": ""6 pk"", ""pack_qty"": 4}",milk,3.52,online
N202349,Bluebell dark chocolate 1 L pack of 1,Snacks,"{""brand"": ""Bluebell"", ""size"": ""1 L"", ""pack_qty"": 1}",nuts;milk,6.72,online
N200707,Valley fish fingers 500 g pack of 6,Frozen,"{""brand"": ""Valley"", ""size"": ""500 g"", ""pack_qty"": 6}",gluten;fish,4.96,supermarket
N201246,Bluebell laundry pods 6 pk pack of 6,Household,"{""brand"": ""Bluebell"", ""size"": ""6 pk"", ""pack_qty"": 6}",none,23.5,online
N201521,Northfield wholemeal bread 1 kg pack of 4,Bakery,"{""brand"": ""Northfield"", ""size"": ""1 kg"", ""pack_qty"": 4}",gluten;egg,14.61,supermarket
N201263,Harvest body lotion 1 kg pack of 4,Personal Care,"{""brand"": ""Harvest"", ""size"": ""1 kg"", ""pack_qty"": 4}",none,5.79,express
N200352,Valley whole milk 1 L pack of 6,Dairy,"{""brand"": ""Valley"", ""size"": ""1 L"", ""pack_qty"": 6}",milk,5.45,online
N200654,Harvest paper towel 1 kg pack of 12,Household,"{""brand"": ""Harvest"", ""size"": ""1 kg"", ""pack_qty"": 12}",none,17.11,express
N202979,Northfield vanilla icecream 750 g pack of 4,Frozen,"{""brand"": ""Northfield"", ""size"": ""750 g"", ""pack_qty"": 4}",gluten;fish,14.82,express
N202985,Northfield wholemeal bread 500 g pack of 12,Bakery,"{""brand"": ""Northfield"", ""size"": ""500 g"", ""pack_qty"": 12}",gluten;egg,11.63,supermarket
N202716,Valley cold brew 2 L pack of 1,Beverages,"{""brand"": ""Valley"", ""size"": ""2 L"", ""pack_qty"": 1}",none,17.46,supermarket
N200036,Harvest sparkling water 2 L pack of 1,Beverages,"{""brand"": ""Harvest"", ""size"": ""2 L"", ""pack_qty"": 1}",none,2.84,supermarket
N200664,Harvest greek yogurt 250 ml pack of 12,Dairy,"{""brand"": ""Harvest"", ""size"": ""250 ml"", ""pack_qty"": 12}",milk,5.33,supermarket
N200078,Valley laundry pods 330 ml pack of 6,Household,"{""brand"": ""Valley"", ""size"": ""330 ml"", ""pack_qty"": 6}",none,9.69,online
N200997,Valley dark chocolate 330 ml pack of 12,Snacks,"{""brand"": ""Valley"", ""size"": ""330 ml"", ""pack_qty"": 12}",nuts;milk,20.6,supermarket
N200772,Northfield sparkling water 2 L pack of 12,Beverages,"{""brand"": ""Northfield"", ""size"": ""2 L"", ""pack_qty"": 12}",none,17.15,supermarket
N200759,Valley hand soap 330 ml pack of 4,Personal Care,"{""brand"": ""Valley"", ""size"": ""330 ml"", ""pack_qty"": 4}",none,5.73,supermarket
N201199,Northfield shampoo daily 6 pk pack of 6,Personal Care,"{""brand"": ""Northfield"", ""size"": ""6 pk"", ""pack_qty"": 6}",none,2.82,supermarket
N201225,Harvest butter croissant 6 pk pack of 12,Bakery,"{""brand"": ""Harvest"", ""size"": ""6 pk"", ""pack_qty"": 12}",gluten;egg,2.39,express
N201844,Harvest oat drink 6 pk pack of 6,Beverages,"{""brand"": ""Harvest"", ""size"": ""6 pk"", ""pack_qty"": 6}",none,11.54,supermarket
N202304,Valley double cream 1 L pack of 1,Dairy,"{""brand"": ""Valley"", ""size"": ""1 L"", ""pack_qty"": 1}",milk,3.41,express
N200993,Valley seeded bagel 750 g pack of 4,Bakery,"{""brand"": ""Valley"", ""size"": ""750 g"", ""pack_qty"": 4}",gluten;egg,22.4,online
N201776,Orchard cheddar cheese 1 L pack of 6,Dairy,"{""brand"": ""Orchard"", ""size"": ""1 L"", ""pack_qty"": 6}",milk,5.01,express
N201815,Bluebell toothpaste mint 250 ml pack of 6,Personal Care,"{""brand"": ""Bluebell"", ""size"": ""250 ml"", ""pack_qty"": 6}",none,12.2,supermarket
N201951,Orchard shampoo daily 2 L pack of 6,Personal Care,"{""brand"": ""Orchard"", ""size"": ""2 L"", ""pack_qty"": 6}",none,14.99,express
N200880,Harvest greek yogurt 1 kg pack of 1,Dairy,"{""brand"": ""Harvest"", ""size"": ""1 kg"", ""pack_qty"": 1}",milk,15.96,supermarket
N202234,Bluebell baby spinach 2 L pack of 6,Produce,"{""brand"": ""Bluebell"", ""size"": ""2 L"", ""pack_qty"": 6}",none,14.04,online
N200534,Bluebell glass cleaner 1 kg pack of 2,Household,"{""brand"": ""Bluebell"", ""size"": ""1 kg"", ""pack_qty"": 2}",none,10.78,supermarket
N201786,Harvest banana bunch 250 ml pack of 4,Produce,"{""brand"": ""Harvest"", ""size"": ""250 ml"", ""pack_qty"": 4}",none,8.83,supermarket
N202159,Harvest hand soap 1 L pack of 6,Personal Care,"{""brand"": ""Harvest"", ""size"": ""1 L"", ""pack_qty"": 6}",none,21.48,online
N200965,Meadow trail mix 250 ml pack of 2,Snacks,"{""brand"": ""Meadow"", ""size"": ""250 ml"", ""pack_qty"": 2}",nuts;milk,7.17,online
N202719,Meadow hand soap 1 L pack of 2,Personal Care,"{""brand"": ""Meadow"", ""size"": ""1 L"", ""pack_qty"": 2}",none,3.64,supermarket
N202385,Northfield sourdough loaf 500 g pack of 1,Bakery,"{""brand"": ""Northfield"", ""size"": ""500 g"", ""pack_qty"": 1}",gluten;egg,21.73,supermarket
N201485,Valley rice cakes 750 g pack of 2,Snacks,"{""brand"": ""Valley"", ""size"": ""750 g"", ""pack_qty"": 2}",nuts;milk,6.47,express
N200663,Northfield razor blades 500 g pack of 1,Personal Care,"{""brand"": ""Northfield"", ""size"": ""500 g"", ""pack_qty"": 1}",none,2.29,express
N200674,Valley gala apple 330 ml pack of 12,Produce,"{""brand"": ""Valley"", ""size"": ""330 ml"", ""pack_qty"": 12}",none,1.62,supermarket
N201947,Orchard fish fingers 1 kg pack of 6,Frozen,"{""brand"": ""Orchard"", ""size"": ""1 kg"", ""pack_qty"": 6}",gluten;fish,4.89,express
N202595,Northfield mixed berries 1 kg pack of 12,Frozen,"{""brand"": ""Northfield"", ""size"": ""1 kg"", ""pack_qty"": 12}",gluten;fish,2.6,supermarket
N200262,Valley dish soap 6 pk pack of 2,Household,"{""brand"": ""Valley"", ""size"": ""6 pk"", ""pack_qty"": 2}",none,13.45,express
N200631N,NORTHFIELD BODY LOTION 500 G PACK OF 6  ,Personal Care,"{""brand"": ""Northfield"", ""size"": ""500 g"", ""pack_qty"": 6}",none,11.15,online
N202779,Harvest fish fingers 1 L pack of 2,Frozen,"{""brand"": ""Harvest"", ""size"": ""1 L"", ""pack_qty"": 2}",gluten;fish,22.58,express
N200675,Valley garden peas 6 pk pack of 1,Frozen,"{""brand"": ""Valley"", ""size"": ""6 pk"", ""pack_qty"": 1}",gluten;fish,16.57,express
N200248,Orchard whole milk 500 g pack of 2,Dairy,"{""brand"": ""Orchard"", ""size"": ""500 g"", ""pack_qty"": 2}",milk,17.95,express
N200382,Meadow laundry pods 6 pk pack of 12,Household,"{""brand"": ""Meadow"", ""size"": ""6 pk"", ""pack_qty"": 12}",none,9.24,supermarket
N201180,Orchard oat drink 750 g pack of 6,Beverages,"{""brand"": ""Orchard"", ""size"": ""750 g"", ""pack_qty"": 6}",none,10.49,supermarket
N202019,Bluebell margherita pizza 6 pk pack of 2,Frozen,"{""brand"": ""Bluebell"", ""size"": ""6 pk"", ""pack_qty"": 2}",gluten;fish,17.1,express
N201581,Valley trail mix 750 g pack of 2,Snacks,"{""brand"": ""Valley"", ""size"": ""750 g"", ""pack_qty"": 2}",nuts;milk,7.43,online
N202633,Bluebell seeded bagel 6 pk pack of 12,Bakery,"{""brand"": ""Bluebell"", ""size"": ""6 pk"", ""pack_qty"": 12}",gluten;egg,18.91,online
N201405,Bluebell trail mix 6 pk pack of 1,Snacks,"{""brand"": ""Bluebell"", ""size"": ""6 pk"", ""pack_qty"": 1}",nuts;milk,9.6,express
N201467,Meadow mixed berries 330 ml pack of 4,Frozen,"{""brand"": ""Meadow"", ""size"": ""330 ml"", ""pack_qty"": 4}",gluten;fish,1.34,supermarket
N201862,Meadow bin liners 750 g pack of 2,Household,"{""brand"": ""Meadow"", ""size"": ""750 g"", ""pack_qty"": 2}",none,7.57,supermarket
N202232,Bluebell salted butter 330 ml pack of 2,Dairy,"{""brand"": ""Bluebell"", ""size"": ""330 ml"", ""pack_qty"": 2}",milk,13.48,express
N201172,Valley cold brew 250 ml pack of 2,Beverages,"{""brand"": ""Valley"", ""size"": ""250 ml"", ""pack_qty"": 2}",none,21.81,online
N202398,Northfield bin liners 250 ml pack of 1,Household,"{""brand"": ""Northfield"", ""size"": ""250 ml"", ""pack_qty"": 1}",none,13.15,express
N202847,Northfield hand soap 500 g pack of 1,Personal Care,"{""brand"": ""Northfield"", ""size"": ""500 g"", ""pack_qty"": 1}",none,15.04,express
N201236,Harvest orange juice 500 g pack of 6,Beverages,"{""brand"": ""Harvest"", ""size"": ""500 g"", ""pack_qty"": 6}",none,20.23,supermarket
N200379,Valley mixed berries 330 ml pack of 1,Frozen,"{""brand"": ""Valley"", ""size"": ""330 ml"", ""pack_qty"": 1}",gluten;fish,4.19,supermarket
N200031,Northfield hand soap 6 pk pack of 1,Personal Care,"{""brand"": ""Northfield"", ""size"": ""6 pk"", ""pack_qty"": 1}",none,5.18,express
N200049,Orchard seeded bagel 1 L pack of 12,Bakery,"{""brand"": ""Orchard"", ""size"": ""1 L"", ""pack_qty"": 12}",gluten;egg,4.28,online
N201278,Northfield dish soap 6 pk pack of 4,Household,"{""brand"": ""Northfield"", ""size"": ""6 pk"", ""pack_qty"": 4}",none,15.85,express
N202765,Bluebell trail mix 250 ml pack of 1,Snacks,"{""brand"": ""Bluebell"", ""size"": ""250 ml"", ""pack_qty"": 1}",nuts;milk,13.93,express
N202457,Valley seeded bagel 330 ml pack of 6,Bakery,"{""brand"": ""Valley"", ""size"": ""330 ml"", ""pack_qty"": 6}",gluten;egg,7.46,supermarket
N202379,Bluebell garden peas 330 ml pack of 6,Frozen,"{""brand"": ""Bluebell"", ""size"": ""330 ml"", ""pack_qty"": 6}",gluten;fish,11.63,online
N200922,Valley gala apple 1 L pack of 6,Produce,"{""brand"": ""Valley"", ""size"": ""1 L"", ""pack_qty"": 6}",none,11.81,supermarket
N202819,Northfield fish fingers 750 g pack of 2,Frozen,"{""brand"": ""Northfield"", ""size"": ""750 g"", ""pack_qty"": 2}",gluten;fish,22.23,supermarket
N202036,Meadow sparkling water 750 g pack of 4,Beverages,"{""brand"": ""Meadow"", ""size"": ""750 g"", ""pack_qty"": 4}",none,20.49,express
N200828,Meadow oat drink 330 ml pack of 4,Beverages,"{""brand"": ""Meadow"", ""size"": ""330 ml"", ""pack_qty"": 4}",none,9.46,express
N200065,Orchard sourdough loaf 2 L pack of 12,Bakery,"{""brand"": ""Orchard"", ""size"": ""2 L"", ""pack_qty"": 12}",gluten;egg,3.71,supermarket
N200175,Meadow shampoo daily 6 pk pack of 1,Personal Care,"{""brand"": ""Meadow"", ""size"": ""6 pk"", ""pack_qty"": 1}",none,17.72,supermarket
N202625,Orchard wholemeal bread 750 g pack of 4,Bakery,"{""brand"": ""Orchard"", ""size"": ""750 g"", ""pack_qty"": 4}",gluten;egg,11.35,express
N202417,Orchard sourdough loaf 6 pk pack of 4,Bakery,"{""brand"": ""Orchard"", ""size"": ""6 pk"", ""pack_qty"": 4}",gluten;egg,15.94,express
N201617,Bluebell blueberry muffin 250 ml pack of 4,Bakery,"{""brand"": ""Bluebell"", ""size"": ""250 ml"", ""pack_qty"": 4}",gluten;egg,12.87,supermarket
N202572,Northfield cold brew 250 ml pack of 1,Beverages,"{""brand"": ""Northfield"", ""size"": ""250 ml"", ""pack_qty"": 1}",none,0.61,online
N200186,Bluebell avocado ripe 330 ml pack of 6,Produce,"{""brand"": ""Bluebell"", ""size"": ""330 ml"", ""pack_qty"": 6}",none,6.01,express
N202982,Harvest glass cleaner 330 ml pack of 12,Household,"{""brand"": ""Harvest"", ""size"": ""330 ml"", ""pack_qty"": 12}",none,10.34,supermarket
N201304,Northfield whole milk 330 ml pack of 6,Dairy,"{""brand"": ""Northfield"", ""size"": ""330 ml"", ""pack_qty"": 6}",milk,18.22,supermarket
N201222,Meadow glass cleaner 6 pk pack of 2,Household,"{""brand"": ""Meadow"", ""size"": ""6 pk"", ""pack_qty"": 2}",none,16.92,online
N202374,Northfield glass cleaner 750 g pack of 12,Household,"{""brand"": ""Northfield"", ""size"": ""750 g"", ""pack_qty"": 12}",none,7.86,supermarket
N202484,Northfield oat drink 330 ml pack of 4,Beverages,"{""brand"": ""Northfield"", ""size"": ""330 ml"", ""pack_qty"": 4}",none,3.93,express
N201925,Orchard dark chocolate 750 g pack of 2,Snacks,"{""brand"": ""Orchard"", ""size"": ""750 g"", ""pack_qty"": 2}",nuts;milk,14.53,supermarket
N201442,Bluebell avocado ripe 6 pk pack of 1,Produce,"{""brand"": ""Bluebell"", ""size"": ""6 pk"", ""pack_qty"": 1}",none,23.53,online
N201671,Northfield razor blades 750 g pack of 6,Personal Care,"{""brand"": ""Northfield"", ""size"": ""750 g"", ""pack_qty"": 6}",none,20.78,online
N200354,Northfield gala apple 2 L pack of 12,Produce,"{""brand"": ""Northfield"", ""size"": ""2 L"", ""pack_qty"": 12}",none,7.96,express
N202340,Harvest oat drink 6 pk pack of 12,Beverages,"{""brand"": ""Harvest"", ""size"": ""6 pk"", ""pack_qty"": 12}",none,3.09,express
N200172,Orchard cola zero 330 ml pack of 6,Beverages,"{""brand"": ""Orchard"", ""size"": ""330 ml"", ""pack_qty"": 6}",none,23.13,express
N200268,Harvest cola zero 2 L pack of 1,Beverages,"{""brand"": ""Harvest"", ""size"": ""2 L"", ""pack_qty"": 1}",none,6.64,supermarket
N200289,Orchard sourdough loaf 250 ml pack of 6,Bakery,"{""brand"": ""Orchard"", ""size"": ""250 ml"", ""pack_qty"": 6}",gluten;egg,8.49,online
N201209,Northfield butter croissant 2 L pack of 2,Bakery,"{""brand"": ""Northfield"", ""size"": ""2 L"", ""pack_qty"": 2}",gluten;egg,1.99,online
N201887,Bluebell shampoo daily 500 g pack of 6,Personal Care,"{""brand"": ""Bluebell"", ""size"": ""500 g"", ""pack_qty"": 6}",none,5.62,online
N201639,Orchard razor blades 2 L pack of 1,Personal Care,"{""brand"": ""Orchard"", ""size"": ""2 L"", ""pack_qty"": 1}",none,9.39,online
N201560,Orchard salted butter 2 L pack of 1,Dairy,"{""brand"": ""Orchard"", ""size"": ""2 L"", ""pack_qty"": 1}",milk,2.91,online
N201806,Harvest paper towel 2 L pack of 12,Household,"{""brand"": ""Harvest"", ""size"": ""2 L"", ""pack_qty"": 12}",none,2.99,express
N200722,Northfield avocado ripe 6 pk pack of 12,Produce,"{""brand"": ""Northfield"", ""size"": ""6 pk"", ""pack_qty"": 12}",none,15.3,express
N200953,Valley wholemeal bread 330 ml pack of 4,Bakery,"{""brand"": ""Valley"", ""size"": ""330 ml"", ""pack_qty"": 4}",gluten;egg,7.3,online
N200221,Meadow trail mix 500 g pack of 2,Snacks,"{""brand"": ""Meadow"", ""size"": ""500 g"", ""pack_qty"": 2}",nuts;milk,15.01,online
N201279,Orchard razor blades 1 kg pack of 6,Personal Care,"{""brand"": ""Orchard"", ""size"": ""1 kg"", ""pack_qty"": 6}",none,23.3,online
N201690,Orchard baby spinach 2 L pack of 6,Produce,"{""brand"": ""Orchard"", ""size"": ""2 L"", ""pack_qty"": 6}",none,18.74,online
N202937,Meadow blueberry muffin 2 L pack of 2,Bakery,"{""brand"": ""Meadow"", ""size"": ""2 L"", ""pack_qty"": 2}",gluten;egg,10.74,online
N202667,Orchard garden peas 750 g pack of 4,Frozen,"{""brand"": ""Orchard"", ""size"": ""750 g"", ""pack_qty"": 4}",gluten;fish,13.34,express
N200072,Harvest cheddar cheese 330 ml pack of 2,Dairy,"{""brand"": ""Harvest"", ""size"": ""330 ml"", ""pack_qty"": 2}",milk,5.99,online
N202127,Northfield body lotion 2 L pack of 6,Personal Care,"{""brand"": ""Northfield"", ""size"": ""2 L"", ""pack_qty"": 6}",none,9.12,express
N200449,Orchard blueberry muffin 330 ml pack of 6,Bakery,"{""brand"": ""Orchard"", ""size"": ""330 ml"", ""pack_qty"": 6}",gluten;egg,2.96,online
N200067,Meadow vanilla icecream 750 g pack of 4,Frozen,"{""brand"": ""Meadow"", ""size"": ""750 g"", ""pack_qty"": 4}",gluten;fish,18.92,express
N200213,Valley salted crisps 1 L pack of 4,Snacks,"{""brand"": ""Valley"", ""size"": ""1 L"", ""pack_qty"": 4}",nuts;milk,18.82,express
N200115,Bluebell margherita pizza 500 g pack of 2,Frozen,"{""brand"": ""Bluebell"", ""size"": ""500 g"", ""pack_qty"": 2}",gluten;fish,21.15,online
N202530,Orchard gala apple 1 L pack of 12,Produce,"{""brand"": ""Orchard"", ""size"": ""1 L"", ""pack_qty"": 12}",none,22.98,online
N200590,Northfield glass cleaner 2 L pack of 4,Household,"{""brand"": ""Northfield"", ""size"": ""2 L"", ""pack_qty"": 4}",none,23.32,online
N202293,Valley rice cakes 250 ml pack of 12,Snacks,"{""brand"": ""Valley"", ""size"": ""250 ml"", ""pack_qty"": 12}",nuts;milk,23.11,online
N201286,Bluebell laundry pods 750 g pack of 6,Household,"{""brand"": ""Bluebell"", ""size"": ""750 g"", ""pack_qty"": 6}",none,11.27,supermarket
N200398,Harvest dish soap 500 g pack of 12,UNKNOWN_CAT,"{""brand"": ""Harvest"", ""size"": ""500 g"", ""pack_qty"": 12}",none,4.08,online
N201396,Bluebell orange juice 500 g pack of 6,Beverages,"{""brand"": ""Bluebell"", ""size"": ""500 g"", ""pack_qty"": 6}",none,9.69,express
N200111,Northfield toothpaste mint 750 g pack of 12,Personal Care,"{""brand"": ""Northfield"", ""size"": ""750 g"", ""pack_qty"": 12}",none,3.28,express
N201413,Bluebell salted crisps 330 ml pack of 4,Snacks,"{""brand"": ""Bluebell"", ""size"": ""330 ml"", ""pack_qty"": 4}",nuts;milk,15.87,online
N201392,Orchard salted butter 1 kg pack of 4,Dairy,"{""brand"": ""Orchard"", ""size"": ""1 kg"", ""pack_qty"": 4}",milk,12.66,supermarket
N202191,Orchard body lotion 330 ml pack of 4,Personal Care,"{""brand"": ""Orchard"", ""size"": ""330 ml"", ""pack_qty"": 4}",none,4.5,online
N201120,Valley greek yogurt 750 g pack of 12,Dairy,"{""brand"": ""Valley"", ""size"": ""750 g"", ""pack_qty"": 12}",milk,8.57,supermarket
N202869,Valley dark chocolate 330 ml pack of 2,Snacks,"{""brand"": ""Valley"", ""size"": ""330 ml"", ""pack_qty"": 2}",nuts;milk,8.24,express
N202299,Bluebell fish fingers 6 pk pack of 2,Frozen,"{""brand"": ""Bluebell"", ""size"": ""6 pk"", ""pack_qty"": 2}",gluten;fish,16.74,express
N200323,Meadow garden peas 330 ml pack of 1,Frozen,"{""brand"": ""Meadow"", ""size"": ""330 ml"", ""pack_qty"": 1}",gluten;fish,17.58,supermarket
N201319,Northfield hand soap 330 ml pack of 4,Personal Care,"{""brand"": ""Northfield"", ""size"": ""330 ml"", ""pack_qty"": 4}",none,12.49,express
N200719,Northfield shampoo daily 1 kg pack of 12,Personal Care,"{""brand"": ""Northfield"", ""size"": ""1 kg"", ""pack_qty"": 12}",none,5.48,express
N200040,Harvest cheddar cheese 2 L pack of 4,Dairy,"{""brand"": ""Harvest"", ""size"": ""2 L"", ""pack_qty"": 4}",milk,22.53,supermarket
N202350,Valley dish soap 750 g pack of 6,Household,"{""brand"": ""Valley"", ""size"": ""750 g"", ""pack_qty"": 6}",none,4.24,supermarket
N200052,Northfield cold brew 250 ml pack of 2,Beverages,"{""brand"": ""Northfield"", ""size"": ""250 ml"", ""pack_qty"": 2}",none,18.62,express
N200420,Bluebell cola zero 750 g pack of 1,Beverages,"{""brand"": ""Bluebell"", ""size"": ""750 g"", ""pack_qty"": 1}",none,2.93,express
N202800,Harvest whole milk 330 ml pack of 6,Dairy,"{""brand"": ""Harvest"", ""size"": ""330 ml"", ""pack_qty"": 6}",milk,16.65,supermarket
N201905,Valley sourdough loaf 1 kg pack of 12,Bakery,"{""brand"": ""Valley"", ""size"": ""1 kg"", ""pack_qty"": 12}",gluten;egg,9.07,online
N202754,Bluebell banana bunch 750 g pack of 6,Produce,"{""brand"": ""Bluebell"", ""size"": ""750 g"", ""pack_qty"": 6}",none,3.85,online
N201904,Meadow greek yogurt 2 L pack of 6,Dairy,"{""brand"": ""Meadow"", ""size"": ""2 L"", ""pack_qty"": 6}",milk,19.43,online
N201768,Bluebell salted butter 750 g pack of 6,Dairy,"{""brand"": ""Bluebell"", ""size"": ""750 g"", ""pack_qty"": 6}",milk,20.22,supermarket
N202554,Harvest avocado ripe 2 L pack of 1,Produce,"{""brand"": ""Harvest"", ""size"": ""2 L"", ""pack_qty"": 1}",none,3.17,supermarket
N200203,Meadow margherita pizza 2 L pack of 2,Frozen,"{""brand"": ""Meadow"", ""size"": ""2 L"", ""pack_qty"": 2}",gluten;fish,21.7,online
N202842,Orchard banana bunch 500 g pack of 6,Produce,"{""brand"": ""Orchard"", ""size"": ""500 g"", ""pack_qty"": 6}",none,13.35,online
N202425,Northfield wholemeal bread 750 g pack of 1,Bakery,"{""brand"": ""Northfield"", ""size"": ""750 g"", ""pack_qty"": 1}",gluten;egg,5.29,online
N202061,Orchard trail mix 750 g pack of 12,Snacks,"{""brand"": ""Orchard"", ""size"": ""750 g"", ""pack_qty"": 12}",nuts;milk,16.7,supermarket
N200099,Meadow garden peas 1 L pack of 6,Frozen,"{""brand"": ""Meadow"", ""size"": ""1 L"", ""pack_qty"": 6}",gluten;fish,2.64,express
N202762,Meadow avocado ripe 250 ml pack of 12,Produce,"{""brand"": ""Meadow"", ""size"": ""250 ml"", ""pack_qty"": 12}",none,20.95,express
N200836,Harvest oat drink 250 ml pack of 4,Beverages,"{""brand"": ""Harvest"", ""size"": ""250 ml"", ""pack_qty"": 4}",none,9.02,express
N202027,Bluebell garden peas 1 L pack of 6,Frozen,"{""brand"": ""Bluebell"", ""size"": ""1 L"", ""pack_qty"": 6}",gluten;fish,8.32,express
N201923,Bluebell margherita pizza 330 ml pack of 6,Frozen,"{""brand"": ""Bluebell"", ""size"": ""330 ml"", ""pack_qty"": 6}",gluten;fish,19.19,online
N202875,Bluebell margherita pizza 500 g pack of 2,Frozen,"{""brand"": ""Bluebell"", ""size"": ""500 g"", ""pack_qty"": 2}",gluten;fish,22.21,express
N202597,Valley tortilla chips 2 L pack of 1,Snacks,"{""brand"": ""Valley"", ""size"": ""2 L"", ""pack_qty"": 1}",nuts;milk,3.5,express
N201370,Harvest gala apple 6 pk pack of 1,Produce,"{""brand"": ""Harvest"", ""size"": ""6 pk"", ""pack_qty"": 1}",none,11.71,online
N202786,Meadow avocado ripe 250 ml pack of 2,Produce,"{""brand"": ""Meadow"", ""size"": ""250 ml"", ""pack_qty"": 2}",none,0.88,online
N202912,Orchard greek yogurt 1 kg pack of 4,Dairy,"{""brand"": ""Orchard"", ""size"": ""1 kg"", ""pack_qty"": 4}",milk,0.41,express
N201506,Orchard avocado ripe 330 ml pack of 12,Produce,"{""brand"": ""Orchard"", ""size"": ""330 ml"", ""pack_qty"": 12}",none,20.69,express
N200614,Northfield dish soap 1 L pack of 6,Household,"{""brand"": ""Northfield"", ""size"": ""1 L"", ""pack_qty"": 6}",none,1.21,online
N200493,Northfield trail mix 1 L pack of 12,Snacks,"{""brand"": ""Northfield"", ""size"": ""1 L"", ""pack_qty"": 12}",nuts;milk,1.13,online
N200809,Valley butter croissant 250 ml pack of 2,Bakery,"{""brand"": ""Valley"", ""size"": ""250 ml"", ""pack_qty"": 2}",gluten;egg,16.54,online
N200618,Meadow baby spinach 500 g pack of 12,Produce,"{""brand"": ""Meadow"", ""size"": ""500 g"", ""pack_qty"": 12}",none,6.78,online
N201109,Meadow trail mix 2 L pack of 12,Snacks,"{""brand"": ""Meadow"", ""size"": ""2 L"", ""pack_qty"": 12}",nuts;milk,23.4,express
N200973,Bluebell trail mix 330 ml pack of 2,Snacks,"{""brand"": ""Bluebell"", ""size"": ""330 ml"", ""pack_qty"": 2}",nuts;milk,12.34,supermarket
N201475,Northfield mixed berries 250 ml pack of 6,Frozen,"{""brand"": ""Northfield"", ""size"": ""250 ml"", ""pack_qty"": 6}",gluten;fish,17.71,express
N202112,Northfield greek yogurt 1 kg pack of 6,Dairy,"{""brand"": ""Northfield"", ""size"": ""1 kg"", ""pack_qty"": 6}",milk,20.59,online
N201872,Northfield double cream 6 pk pack of 1,Dairy,"{""brand"": ""Northfield"", ""size"": ""6 pk"", ""pack_qty"": 1}",milk,4.17,supermarket
N201302,Orchard bin liners 250 ml pack of 1,Household,"{""brand"": ""Orchard"", ""size"": ""250 ml"", ""pack_qty"": 1}",none,17.01,express
N200935,Orchard body lotion 2 L pack of 4,Personal Care,"{""brand"": ""Orchard"", ""size"": ""2 L"", ""pack_qty"": 4}",none,19.75,online
N202360,Orchard greek yogurt 500 g pack of 1,Dairy,"{""brand"": ""Orchard"", ""size"": ""500 g"", ""pack_qty"": 1}",milk,19.93,express
N201193,Orchard wholemeal bread 330 ml pack of 4,Bakery,"{""brand"": ""Orchard"", ""size"": ""330 ml"", ""pack_qty"": 4}",gluten;egg,15.83,online
N201101,Valley trail mix 330 ml pack of 2,Snacks,"{""brand"": ""Valley"", ""size"": ""330 ml"", ""pack_qty"": 2}",nuts;milk,19.38,supermarket
N200013,Bluebell tortilla chips 250 ml pack of 12,Snacks,"{""brand"": ""Bluebell"", ""size"": ""250 ml"", ""pack_qty"": 12}",nuts;milk,16.51,supermarket
N200791,Meadow razor blades 6 pk pack of 2,Personal Care,"{""brand"": ""Meadow"", ""size"": ""6 pk"", ""pack_qty"": 2}",none,19.27,supermarket
N202158,Orchard paper towel 2 L pack of 6,Household,"{""brand"": ""Orchard"", ""size"": ""2 L"", ""pack_qty"": 6}",none,22.1,supermarket
N201646,Harvest glass cleaner 1 L pack of 6,Household,"{""brand"": ""Harvest"", ""size"": ""1 L"", ""pack_qty"": 6}",none,22.39,online
N200313,Valley wholemeal bread 1 kg pack of 6,Bakery,"{""brand"": ""Valley"", ""size"": ""1 kg"", ""pack_qty"": 6}",gluten;egg,20.71,online
N202965,Harvest tortilla chips 330 ml pack of 4,Snacks,"{""brand"": ""Harvest"", ""size"": ""330 ml"", ""pack_qty"": 4}",nuts;milk,16.49,supermarket
N201579,Harvest garden peas 1 kg pack of 1,Frozen,"{""brand"": ""Harvest"", ""size"": ""1 kg"", ""pack_qty"": 1}",gluten;fish,19.53,online
N200947,Harvest margherita pizza 500 g pack of 1,Frozen,"{""brand"": ""Harvest"", ""size"": ""500 g"", ""pack_qty"": 1}",gluten;fish,2.8,online
N200895,Northfield body lotion 500 g pack of 2,Personal Care,"{""brand"": ""Northfield"", ""size"": ""500 g"", ""pack_qty"": 2}",none,18.36,online
N200487,Valley shampoo daily 6 pk pack of 2,Personal Care,"{""brand"": ""Valley"", ""size"": ""6 pk"", ""pack_qty"": 2}",none,10.13,supermarket
N200497,Bluebell blueberry muffin 1 kg pack of 6,Bakery,"{""brand"": ""Bluebell"", ""size"": ""1 kg"", ""pack_qty"": 6}",gluten;egg,1.04,supermarket
N200495,Bluebell hand soap 1 L pack of 4,Personal Care,"{""brand"": ""Bluebell"", ""size"": ""1 L"", ""pack_qty"": 4}",none,18.01,online
N201605N,MEADOW TORTILLA CHIPS 330 ML PACK OF 12  ,Snacks,"{""brand"": ""Meadow"", ""size"": ""330 ml"", ""pack_qty"": 12}",nuts;milk,10.85,supermarket
N202216,Orchard whole milk 330 ml pack of 1,Dairy,"{""brand"": ""Orchard"", ""size"": ""330 ml"", ""pack_qty"": 1}",milk,8.61,express
N200934,Harvest dish soap 6 pk pack of 12,Household,"{""brand"": ""Harvest"", ""size"": ""6 pk"", ""pack_qty"": 12}",none,14.44,supermarket
N202373,Northfield trail mix 2 L pack of 4,Snacks,"{""brand"": ""Northfield"", ""size"": ""2 L"", ""pack_qty"": 4}",nuts;milk,9.15,online
N200204,Harvest oat drink 250 ml pack of 1,Beverages,"{""brand"": ""Harvest"", ""size"": ""250 ml"", ""pack_qty"": 1}",none,13.67,supermarket
N201284,Northfield sparkling water 500 g pack of 2,Beverages,"{""brand"": ""Northfield"", ""size"": ""500 g"", ""pack_qty"": 2}",none,11.7,supermarket
N200357,Meadow rice cakes 500 g pack of 6,Snacks,"{""brand"": ""Meadow"", ""size"": ""500 g"", ""pack_qty"": 6}",nuts;milk,3.12,supermarket
N200285,Northfield trail mix 6 pk pack of 2,Snacks,"{""brand"": ""Northfield"", ""size"": ""6 pk"", ""pack_qty"": 2}",nuts;milk,1.86,supermarket
N200853,Harvest trail mix 500 g pack of 12,Snacks,"{""brand"": ""Harvest"", ""size"": ""500 g"", ""pack_qty"": 12}",nuts;milk,4.18,express
N202956,Valley cold brew 500 g pack of 4,Beverages,"{""brand"": ""Valley"", ""size"": ""500 g"", ""pack_qty"": 4}",none,8.88,supermarket
N202405,Meadow salted crisps 1 L pack of 1,Snacks,"{""brand"": ""Meadow"", ""size"": ""1 L"", ""pack_qty"": 1}",nuts;milk,7.01,supermarket
N202257,Harvest wholemeal bread 1 L pack of 6,Bakery,"{""brand"": ""Harvest"", ""size"": ""1 L"", ""pack_qty"": 6}",gluten;egg,22.71,express
N201842,Orchard baby spinach 500 g pack of 6,Produce,"{""brand"": ""Orchard"", ""size"": ""500 g"", ""pack_qty"": 6}",none,18.35,supermarket
N200832,Orchard cheddar cheese 1 kg pack of 6,Dairy,"{""brand"": ""Orchard"", ""size"": ""1 kg"", ""pack_qty"": 6}",milk,11.17,supermarket
N201542,Harvest paper towel 1 L pack of 6,Household,"{""brand"": ""Harvest"", ""size"": ""1 L"", ""pack_qty"": 6}",none,1.36,express
N200656,Northfield salted butter 330 ml pack of 1,Dairy,"{""brand"": ""Northfield"", ""size"": ""330 ml"", ""pack_qty"": 1}",milk,0.51,online
N200824,Valley cheddar cheese 1 L pack of 2,Dairy,"{""brand"": ""Valley"", ""size"": ""1 L"", ""pack_qty"": 2}",milk,0.97,express
N202109,Valley rice cakes 6 pk pack of 2,Snacks,"{""brand"": ""Valley"", ""size"": ""6 pk"", ""pack_qty"": 2}",nuts;milk,3.21,supermarket
N202920,Valley double cream 1 L pack of 6,Dairy,"{""brand"": ""Valley"", ""size"": ""1 L"", ""pack_qty"": 6}",milk,16.05,online
N201520,Valley whole milk 750 g pack of 6,Dairy,"{""brand"": ""Valley"", ""size"": ""750 g"", ""pack_qty"": 6}",milk,20.79,express
N200554,Harvest gala apple 750 g pack of 2,Produce,"{""brand"": ""Harvest"", ""size"": ""750 g"", ""pack_qty"": 2}",none,11.14,supermarket
N202778,Northfield banana bunch 1 L pack of 6,Produce,"{""brand"": ""Northfield"", ""size"": ""1 L"", ""pack_qty"": 6}",none,19.39,supermarket
N200665,Harvest sourdough loaf 330 ml pack of 4,Bakery,"{""brand"": ""Harvest"", ""size"": ""330 ml"", ""pack_qty"": 4}",gluten;egg,14.1,express
N200889,Harvest wholemeal bread 2 L pack of 4,Bakery,"{""brand"": ""Harvest"", ""size"": ""2 L"", ""pack_qty"": 4}",gluten;egg,11.05,express
N202420,Harvest cold brew 1 kg pack of 12,Beverages,"{""brand"": ""Harvest"", ""size"": ""1 kg"", ""pack_qty"": 12}",none,10.23,online
N201728,Harvest greek yogurt 250 ml pack of 4,Dairy,"{""brand"": ""Harvest"", ""size"": ""250 ml"", ""pack_qty"": 4}",milk,10.59,supermarket
N202792,Northfield salted butter 1 L pack of 4,Dairy,"{""brand"": ""Northfield"", ""size"": ""1 L"", ""pack_qty"": 4}",milk,18.75,supermarket
N202494,Meadow paper towel 500 g pack of 2,Household,"{""brand"": ""Meadow"", ""size"": ""500 g"", ""pack_qty"": 2}",none,12.93,express
N200875,Harvest garden peas 6 pk pack of 2,Frozen,"{""brand"": ""Harvest"", ""size"": ""6 pk"", ""pack_qty"": 2}",gluten;fish,10.93,express
N200260,Harvest oat drink 1 L pack of 12,Beverages,"{""brand"": ""Harvest"", ""size"": ""1 L"", ""pack_qty"": 12}",none,21.68,supermarket
N201186,Valley baby spinach 1 L pack of 4,Produce,"{""brand"": ""Valley"", ""size"": ""1 L"", ""pack_qty"": 4}",none,11.59,online
N200069,Bluebell trail mix 1 kg pack of 2,Snacks,"{""brand"": ""Bluebell"", ""size"": ""1 kg"", ""pack_qty"": 2}",nuts;milk,14.7,express
N202231,Meadow razor blades 500 g pack of 6,Personal Care,"{""brand"": ""Meadow"", ""size"": ""500 g"", ""pack_qty"": 6}",none,14.3,supermarket
N202483,Orchard margherita pizza 1 L pack of 1,Frozen,"{""brand"": ""Orchard"", ""size"": ""1 L"", ""pack_qty"": 1}",gluten;fish,1.23,supermarket
N200843,Northfield garden peas 750 g pack of 1,Frozen,"{""brand"": ""Northfield"", ""size"": ""750 g"", ""pack_qty"": 1}",gluten;fish,21.96,supermarket
N200970,Meadow avocado ripe 750 g pack of 1,Produce,"{""brand"": ""Meadow"", ""size"": ""750 g"", ""pack_qty"": 1}",none,3.0,supermarket
N201679,Orchard hand soap 1 kg pack of 1,Personal Care,"{""brand"": ""Orchard"", ""size"": ""1 kg"", ""pack_qty"": 1}",none,7.03,online
N201967,Meadow body lotion 6 pk pack of 12,Personal Care,"{""brand"": ""Meadow"", ""size"": ""6 pk"", ""pack_qty"": 12}",none,6.64,express
N202553,Meadow seeded bagel 1 kg pack of 12,Bakery,"{""brand"": ""Meadow"", ""size"": ""1 kg"", ""pack_qty"": 12}",gluten;egg,10.72,supermarket
N200640,Valley greek yogurt 750 g pack of 1,Dairy,"{""brand"": ""Valley"", ""size"": ""750 g"", ""pack_qty"": 1}",milk,9.11,express
N201850,Northfield gala apple 6 pk pack of 6,Produce,"{""brand"": ""Northfield"", ""size"": ""6 pk"", ""pack_qty"": 6}",none,10.4,express
N201152,Bluebell salted butter 1 kg pack of 4,Dairy,"{""brand"": ""Bluebell"", ""size"": ""1 kg"", ""pack_qty"": 4}",milk,3.33,supermarket
N201148,Meadow orange juice 1 L pack of 6,Beverages,"{""brand"": ""Meadow"", ""size"": ""1 L"", ""pack_qty"": 6}",none,5.63,online
N201329,Bluebell butter croissant 1 kg pack of 6,Bakery,"{""brand"": ""Bluebell"", ""size"": ""1 kg"", ""pack_qty"": 6}",gluten;egg,10.23,supermarket
N201546,Northfield cherry tomato 2 L pack of 2,Produce,"{""brand"": ""Northfield"", ""size"": ""2 L"", ""pack_qty"": 2}",none,4.85,online
N200742,Valley laundry pods 6 pk pack of 12,Household,"{""brand"": ""Valley"", ""size"": ""6 pk"", ""pack_qty"": 12}",none,22.84,express
N202387,Orchard vanilla icecream 750 g pack of 1,UNKNOWN_CAT,"{""brand"": ""Orchard"", ""size"": ""750 g"", ""pack_qty"": 1}",gluten;fish,3.13,online
N201491,Harvest garden peas 500 g pack of 4,Frozen,"{""brand"": ""Harvest"", ""size"": ""500 g"", ""pack_qty"": 4}",gluten;fish,13.64,supermarket
N202797,Meadow rice cakes 1 kg pack of 12,Snacks,"{""brand"": ""Meadow"", ""size"": ""1 kg"", ""pack_qty"": 12}",nuts;milk,1.23,supermarket
N200861,Bluebell trail mix 1 L pack of 12,Snacks,"{""brand"": ""Bluebell"", ""size"": ""1 L"", ""pack_qty"": 12}",nuts;milk,22.78,online
N200725,Valley dark chocolate 500 g pack of 12,Snacks,"{""brand"": ""Valley"", ""size"": ""500 g"", ""pack_qty"": 12}",nuts;milk,12.37,express
N200362,Bluebell avocado ripe 1 L pack of 4,Produce,"{""brand"": ""Bluebell"", ""size"": ""1 L"", ""pack_qty"": 4}",none,12.05,supermarket
N200573,Meadow rice cakes 250 ml pack of 2,Snacks,"{""brand"": ""Meadow"", ""size"": ""250 ml"", ""pack_qty"": 2}",nuts;milk,4.0,supermarket
N200434,Harvest gala apple 250 ml pack of 2,Produce,"{""brand"": ""Harvest"", ""size"": ""250 ml"", ""pack_qty"": 2}",none,12.89,supermarket
N201842N,ORCHARD BABY SPINACH 500 G PACK OF 6  ,Produce,"{""brand"": ""Orchard"", ""size"": ""500 g"", ""pack_qty"": 6}",none,18.35,supermarket
N200370,Northfield banana bunch 330 ml pack of 1,Produce,"{""brand"": ""Northfield"", ""size"": ""330 ml"", ""pack_qty"": 1}",none,4.32,express
N202944,Valley double cream 250 ml pack of 6,Dairy,"{""brand"": ""Valley"", ""size"": ""250 ml"", ""pack_qty"": 6}",milk,12.39,express
N201020,Harvest oat drink 6 pk pack of 1,Beverages,"{""brand"": ""Harvest"", ""size"": ""6 pk"", ""pack_qty"": 1}",none,7.65,online
N201779,Valley garden peas 1 L pack of 2,Frozen,"{""brand"": ""Valley"", ""size"": ""1 L"", ""pack_qty"": 2}",gluten;fish,10.64,express
N201371,Meadow margherita pizza 750 g pack of 4,Frozen,"{""brand"": ""Meadow"", ""size"": ""750 g"", ""pack_qty"": 4}",gluten;fish,5.33,express
N200299,Harvest garden peas 750 g pack of 12,Frozen,"{""brand"": ""Harvest"", ""size"": ""750 g"", ""pack_qty"": 12}",gluten;fish,6.22,online
N202513,Orchard butter croissant 250 ml pack of 4,Bakery,"{""brand"": ""Orchard"", ""size"": ""250 ml"", ""pack_qty"": 4}",gluten;egg,3.6,express
N202315,Bluebell garden peas 2 L pack of 2,Frozen,"{""brand"": ""Bluebell"", ""size"": ""2 L"", ""pack_qty"": 2}",gluten;fish,1.02,online
N200361,Meadow sourdough loaf 330 ml pack of 12,Bakery,"{""brand"": ""Meadow"", ""size"": ""330 ml"", ""pack_qty"": 12}",gluten;egg,4.42,online
N201115,Bluebell fish fingers 330 ml pack of 1,Frozen,"{""brand"": ""Bluebell"", ""size"": ""330 ml"", ""pack_qty"": 1}",gluten;fish,16.18,express
N201654,Meadow laundry pods 750 g pack of 12,Household,"{""brand"": ""Meadow"", ""size"": ""750 g"", ""pack_qty"": 12}",none,16.7,express
N201137,Orchard wholemeal bread 500 g pack of 4,Bakery,"{""brand"": ""Orchard"", ""size"": ""500 g"", ""pack_qty"": 4}",gluten;egg,14.12,express
N200227,Northfield vanilla icecream 1 L pack of 2,Frozen,"{""brand"": ""Northfield"", ""size"": ""1 L"", ""pack_qty"": 2}",gluten;fish,4.31,supermarket
N202189,Meadow tortilla chips 2 L pack of 6,Snacks,"{""brand"": ""Meadow"", ""size"": ""2 L"", ""pack_qty"": 6}",nuts;milk,3.83,online
N201154,Northfield avocado ripe 6 pk pack of 4,Produce,"{""brand"": ""Northfield"", ""size"": ""6 pk"", ""pack_qty"": 4}",none,18.18,online
N202140,Harvest cola zero 250 ml pack of 12,Beverages,"{""brand"": ""Harvest"", ""size"": ""250 ml"", ""pack_qty"": 12}",none,18.39,supermarket
N200975,Orchard hand soap 500 g pack of 4,Personal Care,"{""brand"": ""Orchard"", ""size"": ""500 g"", ""pack_qty"": 4}",none,5.88,supermarket
N200297,Northfield seeded bagel 500 g pack of 2,Bakery,"{""brand"": ""Northfield"", ""size"": ""500 g"", ""pack_qty"": 2}",gluten;egg,15.87,online
N202431,Meadow hand soap 750 g pack of 2,Personal Care,"{""brand"": ""Meadow"", ""size"": ""750 g"", ""pack_qty"": 2}",none,12.88,supermarket
N200762,Orchard gala apple 2 L pack of 4,Produce,"{""brand"": ""Orchard"", ""size"": ""2 L"", ""pack_qty"": 4}",none,11.43,supermarket
N201343,Meadow razor blades 250 ml pack of 6,Personal Care,"{""brand"": ""Meadow"", ""size"": ""250 ml"", ""pack_qty"": 6}",none,9.22,express
N201633,Harvest butter croissant 750 g pack of 2,Bakery,"{""brand"": ""Harvest"", ""size"": ""750 g"", ""pack_qty"": 2}",gluten;egg,2.72,online
N201990,Meadow laundry pods 1 kg pack of 4,Household,"{""brand"": ""Meadow"", ""size"": ""1 kg"", ""pack_qty"": 4}",none,4.49,express
N200785,Harvest blueberry muffin 250 ml pack of 12,Bakery,"{""brand"": ""Harvest"", ""size"": ""250 ml"", ""pack_qty"": 12}",gluten;egg,5.72,supermarket
N201984,Meadow greek yogurt 750 g pack of 6,Dairy,"{""brand"": ""Meadow"", ""size"": ""750 g"", ""pack_qty"": 6}",milk,17.48,online
N200658,Harvest baby spinach 750 g pack of 4,Produce,"{""brand"": ""Harvest"", ""size"": ""750 g"", ""pack_qty"": 4}",none,8.06,online
N200070,Meadow glass cleaner 750 g pack of 6,Household,"{""brand"": ""Meadow"", ""size"": ""750 g"", ""pack_qty"": 6}",none,10.14,supermarket
N201998,Harvest laundry pods 750 g pack of 6,Household,"{""brand"": ""Harvest"", ""size"": ""750 g"", ""pack_qty"": 6}",none,20.18,online
N201382,Valley dish soap 750 g pack of 1,Household,"{""brand"": ""Valley"", ""size"": ""750 g"", ""pack_qty"": 1}",none,4.08,supermarket
N202545,Bluebell seeded bagel 250 ml pack of 6,Bakery,"{""brand"": ""Bluebell"", ""size"": ""250 ml"", ""pack_qty"": 6}",gluten;egg,9.1,supermarket
N201745,Northfield sourdough loaf 1 L pack of 12,Bakery,"{""brand"": ""Northfield"", ""size"": ""1 L"", ""pack_qty"": 12}",gluten;egg,2.4,express
N202683,Orchard margherita pizza 750 g pack of 2,Frozen,"{""brand"": ""Orchard"", ""size"": ""750 g"", ""pack_qty"": 2}",gluten;fish,5.38,express
N200035,Northfield vanilla icecream 250 ml pack of 6,Frozen,"{""brand"": ""Northfield"", ""size"": ""250 ml"", ""pack_qty"": 6}",gluten;fish,12.06,supermarket
N201659,Bluebell vanilla icecream 750 g pack of 2,Frozen,"{""brand"": ""Bluebell"", ""size"": ""750 g"", ""pack_qty"": 2}",gluten;fish,18.22,supermarket
N201525,Orchard dark chocolate 750 g pack of 2,Snacks,"{""brand"": ""Orchard"", ""size"": ""750 g"", ""pack_qty"": 2}",nuts;milk,8.42,supermarket
N202726,Meadow glass cleaner 1 L pack of 4,Household,"{""brand"": ""Meadow"", ""size"": ""1 L"", ""pack_qty"": 4}",none,12.76,supermarket
N201827,Orchard garden peas 750 g pack of 4,Frozen,"{""brand"": ""Orchard"", ""size"": ""750 g"", ""pack_qty"": 4}",gluten;fish,4.07,online
N202083,Valley fish fingers 1 L pack of 1,Frozen,"{""brand"": ""Valley"", ""size"": ""1 L"", ""pack_qty"": 1}",gluten;fish,3.81,online
N201040,Orchard greek yogurt 2 L pack of 1,Dairy,"{""brand"": ""Orchard"", ""size"": ""2 L"", ""pack_qty"": 1}",milk,19.65,express
N201029,Northfield salted crisps 330 ml pack of 12,Snacks,"{""brand"": ""Northfield"", ""size"": ""330 ml"", ""pack_qty"": 12}",nuts;milk,22.48,supermarket
N202522,Orchard avocado ripe 330 ml pack of 1,Produce,"{""brand"": ""Orchard"", ""size"": ""330 ml"", ""pack_qty"": 1}",none,22.83,supermarket
N201861,Bluebell dark chocolate 1 kg pack of 1,Snacks,"{""brand"": ""Bluebell"", ""size"": ""1 kg"", ""pack_qty"": 1}",nuts;milk,17.67,express
N200218,Harvest gala apple 500 g pack of 12,Produce,"{""brand"": ""Harvest"", ""size"": ""500 g"", ""pack_qty"": 12}",none,0.62,online
N200686,Harvest bin liners 2 L pack of 6,Household,"{""brand"": ""Harvest"", ""size"": ""2 L"", ""pack_qty"": 6}",none,21.46,express
N202692,Valley cold brew 250 ml pack of 2,Beverages,"{""brand"": ""Valley"", ""size"": ""250 ml"", ""pack_qty"": 2}",none,14.66,online
N200750,Northfield laundry pods 2 L pack of 4,Household,"{""brand"": ""Northfield"", ""size"": ""2 L"", ""pack_qty"": 4}",none,8.49,supermarket
N200716,Orchard cola zero 2 L pack of 12,Beverages,"{""brand"": ""Orchard"", ""size"": ""2 L"", ""pack_qty"": 12}",none,12.97,online
N202709,Valley tortilla chips 6 pk pack of 1,Snacks,"{""brand"": ""Valley"", ""size"": ""6 pk"", ""pack_qty"": 1}",nuts;milk,18.07,express
N200601,Meadow wholemeal bread 330 ml pack of 1,Bakery,"{""brand"": ""Meadow"", ""size"": ""330 ml"", ""pack_qty"": 1}",gluten;egg,17.24,online
N200491,Orchard mixed berries 750 g pack of 12,Frozen,"{""brand"": ""Orchard"", ""size"": ""750 g"", ""pack_qty"": 12}",gluten;fish,5.6,supermarket
N200233,Meadow sourdough loaf 6 pk pack of 4,Bakery,"{""brand"": ""Meadow"", ""size"": ""6 pk"", ""pack_qty"": 4}",gluten;egg,15.07,express
N201739,Valley garden peas 1 kg pack of 12,Frozen,"{""brand"": ""Valley"", ""size"": ""1 kg"", ""pack_qty"": 12}",gluten;fish,17.61,express
N200708,Northfield sparkling water 6 pk pack of 12,Beverages,"{""brand"": ""Northfield"", ""size"": ""6 pk"", ""pack_qty"": 12}",none,12.32,online
N200029,Bluebell trail mix 1 L pack of 6,Snacks,"{""brand"": ""Bluebell"", ""size"": ""1 L"", ""pack_qty"": 6}",nuts;milk,18.78,online
N202393,Orchard wholemeal bread 2 L pack of 1,Bakery,"{""brand"": ""Orchard"", ""size"": ""2 L"", ""pack_qty"": 1}",gluten;egg,10.06,online
N201362,Northfield baby spinach 2 L pack of 2,Produce,"{""brand"": ""Northfield"", ""size"": ""2 L"", ""pack_qty"": 2}",none,17.14,supermarket
N201433,Harvest seeded bagel 330 ml pack of 6,Bakery,"{""brand"": ""Harvest"", ""size"": ""330 ml"", ""pack_qty"": 6}",gluten;egg,14.58,express
N201749,Valley salted crisps 2 L pack of 1,Snacks,"{""brand"": ""Valley"", ""size"": ""2 L"", ""pack_qty"": 1}",nuts;milk,1.96,express
N200535,Meadow hand soap 6 pk pack of 12,Personal Care,"{""brand"": ""Meadow"", ""size"": ""6 pk"", ""pack_qty"": 12}",none,19.24,online
N200878,Orchard bin liners 500 g pack of 12,Household,"{""brand"": ""Orchard"", ""size"": ""500 g"", ""pack_qty"": 12}",none,21.8,express
N202364,Meadow sparkling water 2 L pack of 2,Beverages,"{""brand"": ""Meadow"", ""size"": ""2 L"", ""pack_qty"": 2}",none,10.37,online
N200417,Valley wholemeal bread 750 g pack of 1,Bakery,"{""brand"": ""Valley"", ""size"": ""750 g"", ""pack_qty"": 1}",gluten;egg,4.71,express
N201223,Northfield razor blades 1 L pack of 1,Personal Care,"{""brand"": ""Northfield"", ""size"": ""1 L"", ""pack_qty"": 1}",none,3.46,express
N201722,Bluebell gala apple 330 ml pack of 12,Produce,"{""brand"": ""Bluebell"", ""size"": ""330 ml"", ""pack_qty"": 12}",none,4.5,express
N200574,Harvest bin liners 1 kg pack of 1,Household,"{""brand"": ""Harvest"", ""size"": ""1 kg"", ""pack_qty"": 1}",none,7.16,express
N202560,Valley greek yogurt 6 pk pack of 2,Dairy,"{""brand"": ""Valley"", ""size"": ""6 pk"", ""pack_qty"": 2}",milk,17.07,express
N202501,Bluebell dark chocolate 1 kg pack of 12,Snacks,"{""brand"": ""Bluebell"", ""size"": ""1 kg"", ""pack_qty"": 12}",nuts;milk,6.77,supermarket
N202221,Meadow dark chocolate 2 L pack of 12,Snacks,"{""brand"": ""Meadow"", ""size"": ""2 L"", ""pack_qty"": 12}",nuts;milk,5.13,express
N201059,Harvest fish fingers 2 L pack of 12,Frozen,"{""brand"": ""Harvest"", ""size"": ""2 L"", ""pack_qty"": 12}",gluten;fish,17.73,express
N202741,Orchard tortilla chips 250 ml pack of 2,Snacks,"{""brand"": ""Orchard"", ""size"": ""250 ml"", ""pack_qty"": 2}",nuts;milk,4.68,express
N200989,Bluebell dark chocolate 500 g pack of 2,Snacks,"{""brand"": ""Bluebell"", ""size"": ""500 g"", ""pack_qty"": 2}",nuts;milk,18.13,supermarket
N200485,Bluebell trail mix 6 pk pack of 1,Snacks,"{""brand"": ""Bluebell"", ""size"": ""6 pk"", ""pack_qty"": 1}",nuts;milk,22.06,online
N202250,Meadow gala apple 500 g pack of 6,Produce,"{""brand"": ""Meadow"", ""size"": ""500 g"", ""pack_qty"": 6}",none,18.74,supermarket
N202724,Northfield cola zero 750 g pack of 2,Beverages,"{""brand"": ""Northfield"", ""size"": ""750 g"", ""pack_qty"": 2}",none,20.64,supermarket
N200281,Valley seeded bagel 1 kg pack of 12,Bakery,"{""brand"": ""Valley"", ""size"": ""1 kg"", ""pack_qty"": 12}",gluten;egg,8.46,online
N201810,Meadow banana bunch 1 L pack of 4,Produce,"{""brand"": ""Meadow"", ""size"": ""1 L"", ""pack_qty"": 4}",none,8.35,express
N202556,Meadow orange juice 6 pk pack of 6,Beverages,"{""brand"": ""Meadow"", ""size"": ""6 pk"", ""pack_qty"": 6}",none,10.99,express
N201715,Orchard margherita pizza 1 kg pack of 4,Frozen,"{""brand"": ""Orchard"", ""size"": ""1 kg"", ""pack_qty"": 4}",gluten;fish,12.17,supermarket
N200867,Meadow garden peas 2 L pack of 6,Frozen,"{""brand"": ""Meadow"", ""size"": ""2 L"", ""pack_qty"": 6}",gluten;fish,0.52,express
N200071,Valley razor blades 250 ml pack of 1,Personal Care,"{""brand"": ""Valley"", ""size"": ""250 ml"", ""pack_qty"": 1}",none,20.87,express
N201997,Northfield tortilla chips 1 kg pack of 1,Snacks,"{""brand"": ""Northfield"", ""size"": ""1 kg"", ""pack_qty"": 1}",nuts;milk,21.8,supermarket
N201757,Bluebell rice cakes 750 g pack of 2,Snacks,"{""brand"": ""Bluebell"", ""size"": ""750 g"", ""pack_qty"": 2}",nuts;milk,8.86,online
N202012,Valley orange juice 250 ml pack of 2,Beverages,"{""brand"": ""Valley"", ""size"": ""250 ml"", ""pack_qty"": 2}",none,23.1,online
N201753,Harvest wholemeal bread 6 pk pack of 6,Bakery,"{""brand"": ""Harvest"", ""size"": ""6 pk"", ""pack_qty"": 6}",gluten;egg,4.72,supermarket
N200028,Valley orange juice 1 L pack of 12,Beverages,"{""brand"": ""Valley"", ""size"": ""1 L"", ""pack_qty"": 12}",none,21.84,express
N200276,Meadow cola zero 1 kg pack of 1,Beverages,"{""brand"": ""Meadow"", ""size"": ""1 kg"", ""pack_qty"": 1}",none,13.48,online
N201737,Meadow sourdough loaf 1 kg pack of 1,Bakery,"{""brand"": ""Meadow"", ""size"": ""1 kg"", ""pack_qty"": 1}",gluten;egg,13.92,supermarket
N202402,Harvest cherry tomato 750 g pack of 12,Produce,"{""brand"": ""Harvest"", ""size"": ""750 g"", ""pack_qty"": 12}",none,16.47,online
N202690,Bluebell baby spinach 750 g pack of 4,Produce,"{""brand"": ""Bluebell"", ""size"": ""750 g"", ""pack_qty"": 4}",none,17.79,express
N201311,Orchard shampoo daily 6 pk pack of 12,Personal Care,"{""brand"": ""Orchard"", ""size"": ""6 pk"", ""pack_qty"": 12}",none,12.12,supermarket
N200144,Bluebell cheddar cheese 1 L pack of 6,Dairy,"{""brand"": ""Bluebell"", ""size"": ""1 L"", ""pack_qty"": 6}",milk,7.82,express
N200511,Meadow razor blades 500 g pack of 12,Personal Care,"{""brand"": ""Meadow"", ""size"": ""500 g"", ""pack_qty"": 12}",none,7.66,online
N202989,Orchard salted crisps 500 g pack of 4,Snacks,"{""brand"": ""Orchard"", ""size"": ""500 g"", ""pack_qty"": 4}",nuts;milk,6.32,online
N202030,Valley dish soap 6 pk pack of 6,Household,"{""brand"": ""Valley"", ""size"": ""6 pk"", ""pack_qty"": 6}",none,13.81,supermarket
N200087,Meadow razor blades 250 ml pack of 6,UNKNOWN_CAT,"{""brand"": ""Meadow"", ""size"": ""250 ml"", ""pack_qty"": 6}",none,15.49,express
N200979,Northfield mixed berries 6 pk pack of 6,Frozen,"{""brand"": ""Northfield"", ""size"": ""6 pk"", ""pack_qty"": 6}",gluten;fish,19.79,online
N201513,Orchard wholemeal bread 6 pk pack of 6,Bakery,"{""brand"": ""Orchard"", ""size"": ""6 pk"", ""pack_qty"": 6}",gluten;egg,6.59,supermarket
N202759,Valley hand soap 500 g pack of 6,Personal Care,"{""brand"": ""Valley"", ""size"": ""500 g"", ""pack_qty"": 6}",none,9.74,online
N200731,Valley mixed berries 500 g pack of 12,Frozen,"{""brand"": ""Valley"", ""size"": ""500 g"", ""pack_qty"": 12}",gluten;fish,16.41,express
N201873,Valley butter croissant 750 g pack of 6,Bakery,"{""brand"": ""Valley"", ""size"": ""750 g"", ""pack_qty"": 6}",gluten;egg,21.06,supermarket
N200476,Harvest cola zero 500 g pack of 2,Beverages,"{""brand"": ""Harvest"", ""size"": ""500 g"", ""pack_qty"": 2}",none,1.59,online
N200007,Bluebell body lotion 1 kg pack of 2,Personal Care,"{""brand"": ""Bluebell"", ""size"": ""1 kg"", ""pack_qty"": 2}",none,1.43,express
N200034,Harvest cherry tomato 1 kg pack of 4,Produce,"{""brand"": ""Harvest"", ""size"": ""1 kg"", ""pack_qty"": 4}",none,15.74,express
N202365,Bluebell rice cakes 6 pk pack of 6,Snacks,"{""brand"": ""Bluebell"", ""size"": ""6 pk"", ""pack_qty"": 6}",nuts;milk,11.55,supermarket
N202954,Harvest cherry tomato 250 ml pack of 6,Produce,"{""brand"": ""Harvest"", ""size"": ""250 ml"", ""pack_qty"": 6}",none,23.43,online
N200594,Harvest gala apple 250 ml pack of 2,Produce,"{""brand"": ""Harvest"", ""size"": ""250 ml"", ""pack_qty"": 2}",none,5.12,online
N202645,Meadow dark chocolate 250 ml pack of 6,Snacks,"{""brand"": ""Meadow"", ""size"": ""250 ml"", ""pack_qty"": 6}",nuts;milk,23.64,express
N202008,Orchard salted butter 6 pk pack of 12,Dairy,"{""brand"": ""Orchard"", ""size"": ""6 pk"", ""pack_qty"": 12}",milk,0.42,express
N202914,Northfield avocado ripe 750 g pack of 6,Produce,"{""brand"": ""Northfield"", ""size"": ""750 g"", ""pack_qty"": 6}",none,18.56,supermarket
N200672,Bluebell greek yogurt 250 ml pack of 4,Dairy,"{""brand"": ""Bluebell"", ""size"": ""250 ml"", ""pack_qty"": 4}",milk,10.46,supermarket
N200110,Orchard glass cleaner 500 g pack of 6,Household,"{""brand"": ""Orchard"", ""size"": ""500 g"", ""pack_qty"": 6}",none,22.85,express
N201357,Northfield tortilla chips 1 kg pack of 2,Snacks,"{""brand"": ""Northfield"", ""size"": ""1 kg"", ""pack_qty"": 2}",nuts;milk,8.99,express
N202453,Valley trail mix 1 kg pack of 2,Snacks,"{""brand"": ""Valley"", ""size"": ""1 kg"", ""pack_qty"": 2}",nuts;milk,11.87,express
N201635,Northfield vanilla icecream 6 pk pack of 12,Frozen,"{""brand"": ""Northfield"", ""size"": ""6 pk"", ""pack_qty"": 12}",gluten;fish,21.2,online
N201327,Harvest hand soap 6 pk pack of 6,Personal Care,"{""brand"": ""Harvest"", ""size"": ""6 pk"", ""pack_qty"": 6}",none,5.48,online
N201858,Orchard avocado ripe 6 pk pack of 6,Produce,"{""brand"": ""Orchard"", ""size"": ""6 pk"", ""pack_qty"": 6}",none,1.36,online
N201175,Bluebell body lotion 330 ml pack of 2,Personal Care,"{""brand"": ""Bluebell"", ""size"": ""330 ml"", ""pack_qty"": 2}",none,6.72,online
N200549,Harvest tortilla chips 250 ml pack of 6,Snacks,"{""brand"": ""Harvest"", ""size"": ""250 ml"", ""pack_qty"": 6}",nuts;milk,5.7,express
N200088,Harvest greek yogurt 500 g pack of 1,Dairy,"{""brand"": ""Harvest"", ""size"": ""500 g"", ""pack_qty"": 1}",milk,11.68,supermarket
N200431,Harvest hand soap 2 L pack of 2,Personal Care,"{""brand"": ""Harvest"", ""size"": ""2 L"", ""pack_qty"": 2}",none,5.09,supermarket
N200509,Bluebell rice cakes 1 L pack of 4,Snacks,"{""brand"": ""Bluebell"", ""size"": ""1 L"", ""pack_qty"": 4}",nuts;milk,6.21,supermarket
N201354,Harvest cherry tomato 330 ml pack of 2,Produce,"{""brand"": ""Harvest"", ""size"": ""330 ml"", ""pack_qty"": 2}",none,5.73,express
N200003,Valley garden peas 6 pk pack of 6,Frozen,"{""brand"": ""Valley"", ""size"": ""6 pk"", ""pack_qty"": 6}",gluten;fish,19.82,express
N202747,Northfield garden peas 250 ml pack of 1,Frozen,"{""brand"": ""Northfield"", ""size"": ""250 ml"", ""pack_qty"": 1}",gluten;fish,2.08,supermarket
N202952,Bluebell cheddar cheese 330 ml pack of 1,Dairy,"{""brand"": ""Bluebell"", ""size"": ""330 ml"", ""pack_qty"": 1}",milk,4.85,express
N200415,Meadow body lotion 6 pk pack of 1,Personal Care,"{""brand"": ""Meadow"", ""size"": ""6 pk"", ""pack_qty"": 1}",none,2.54,express
N201957,Meadow dark chocolate 6 pk pack of 12,Snacks,"{""brand"": ""Meadow"", ""size"": ""6 pk"", ""pack_qty"": 12}",nuts;milk,17.14,express
N200571,Meadow vanilla icecream 330 ml pack of 2,Frozen,"{""brand"": ""Meadow"", ""size"": ""330 ml"", ""pack_qty"": 2}",gluten;fish,10.93,online
N202813,Orchard tortilla chips 750 g pack of 4,Snacks,"{""brand"": ""Orchard"", ""size"": ""750 g"", ""pack_qty"": 4}",nuts;milk,9.33,express
N202757,Valley salted crisps 750 g pack of 12,Snacks,"{""brand"": ""Valley"", ""size"": ""750 g"", ""pack_qty"": 12}",nuts;milk,4.25,online
N200810,Valley cherry tomato 6 pk pack of 6,Produce,"{""brand"": ""Valley"", ""size"": ""6 pk"", ""pack_qty"": 6}",none,6.78,express
N200829,Meadow dark chocolate 1 kg pack of 4,Snacks,"{""brand"": ""Meadow"", ""size"": ""1 kg"", ""pack_qty"": 4}",nuts;milk,9.35,online
N201003,Meadow vanilla icecream 2 L pack of 1,Frozen,"{""brand"": ""Meadow"", ""size"": ""2 L"", ""pack_qty"": 1}",gluten;fish,23.32,online
N201734,Orchard dish soap 1 L pack of 12,Household,"{""brand"": ""Orchard"", ""size"": ""1 L"", ""pack_qty"": 12}",none,1.59,express
N200403,Bluebell garden peas 6 pk pack of 6,UNKNOWN_CAT,"{""brand"": ""Bluebell"", ""size"": ""6 pk"", ""pack_qty"": 6}",gluten;fish,22.66,online
N200486,Northfield glass cleaner 250 ml pack of 2,Household,"{""brand"": ""Northfield"", ""size"": ""250 ml"", ""pack_qty"": 2}",none,15.46,express
N200406,Bluebell laundry pods 250 ml pack of 4,Household,"{""brand"": ""Bluebell"", ""size"": ""250 ml"", ""pack_qty"": 4}",none,9.52,supermarket
N201838,Orchard glass cleaner 330 ml pack of 4,Household,"{""brand"": ""Orchard"", ""size"": ""330 ml"", ""pack_qty"": 4}",none,9.57,supermarket
N201499,Orchard margherita pizza 1 kg pack of 4,Frozen,"{""brand"": ""Orchard"", ""size"": ""1 kg"", ""pack_qty"": 4}",gluten;fish,19.8,supermarket
N201244,Valley cola zero 1 kg pack of 6,Beverages,"{""brand"": ""Valley"", ""size"": ""1 kg"", ""pack_qty"": 6}",none,22.87,express
N201685,Meadow trail mix 330 ml pack of 12,Snacks,"{""brand"": ""Meadow"", ""size"": ""330 ml"", ""pack_qty"": 12}",nuts;milk,20.06,supermarket
N202701,Bluebell salted crisps 330 ml pack of 1,Snacks,"{""brand"": ""Bluebell"", ""size"": ""330 ml"", ""pack_qty"": 1}",nuts;milk,5.23,supermarket
N201398,Orchard paper towel 2 L pack of 6,Household,"{""brand"": ""Orchard"", ""size"": ""2 L"", ""pack_qty"": 6}",none,11.75,supermarket
N200423,Valley razor blades 500 g pack of 6,Personal Care,"{""brand"": ""Valley"", ""size"": ""500 g"", ""pack_qty"": 6}",none,5.78,express
N202141,Northfield salted crisps 6 pk pack of 6,Snacks,"{""brand"": ""Northfield"", ""size"": ""6 pk"", ""pack_qty"": 6}",nuts;milk,8.24,online
N200550,Bluebell dish soap 500 g pack of 2,Household,"{""brand"": ""Bluebell"", ""size"": ""500 g"", ""pack_qty"": 2}",none,17.19,express
N200877,Valley dark chocolate 500 g pack of 4,Snacks,"{""brand"": ""Valley"", ""size"": ""500 g"", ""pack_qty"": 4}",nuts;milk,19.65,online
N201364,Meadow orange juice 750 g pack of 1,Beverages,"{""brand"": ""Meadow"", ""size"": ""750 g"", ""pack_qty"": 1}",none,10.56,express
N202805,Northfield trail mix 250 ml pack of 1,Snacks,"{""brand"": ""Northfield"", ""size"": ""250 ml"", ""pack_qty"": 1}",nuts;milk,19.75,online
N202337,Valley seeded bagel 1 L pack of 12,Bakery,"{""brand"": ""Valley"", ""size"": ""1 L"", ""pack_qty"": 12}",gluten;egg,12.43,online
N201643,Northfield vanilla icecream 250 ml pack of 2,Frozen,"{""brand"": ""Northfield"", ""size"": ""250 ml"", ""pack_qty"": 2}",gluten;fish,18.17,online
N202447,Valley hand soap 1 L pack of 6,Personal Care,"{""brand"": ""Valley"", ""size"": ""1 L"", ""pack_qty"": 6}",none,11.14,online
N202333,Bluebell rice cakes 2 L pack of 4,Snacks,"{""brand"": ""Bluebell"", ""size"": ""2 L"", ""pack_qty"": 4}",nuts;milk,5.18,online
N200682,Harvest gala apple 1 L pack of 6,Produce,"{""brand"": ""Harvest"", ""size"": ""1 L"", ""pack_qty"": 6}",none,2.1,online
N200230,Bluebell dish soap 2 L pack of 6,Household,"{""brand"": ""Bluebell"", ""size"": ""2 L"", ""pack_qty"": 6}",none,4.48,online
N202544,Valley double cream 2 L pack of 2,Dairy,"{""brand"": ""Valley"", ""size"": ""2 L"", ""pack_qty"": 2}",milk,10.0,supermarket
N202249,Northfield seeded bagel 1 L pack of 12,Bakery,"{""brand"": ""Northfield"", ""size"": ""1 L"", ""pack_qty"": 12}",gluten;egg,13.19,supermarket
N200459,Meadow margherita pizza 1 L pack of 1,Frozen,"{""brand"": ""Meadow"", ""size"": ""1 L"", ""pack_qty"": 1}",gluten;fish,10.61,express
N201142,Meadow laundry pods 2 L pack of 2,Household,"{""brand"": ""Meadow"", ""size"": ""2 L"", ""pack_qty"": 2}",none,4.66,express
N200667,Valley garden peas 2 L pack of 2,Frozen,"{""brand"": ""Valley"", ""size"": ""2 L"", ""pack_qty"": 2}",gluten;fish,9.12,online
N202020,Northfield oat drink 750 g pack of 2,Beverages,"{""brand"": ""Northfield"", ""size"": ""750 g"", ""pack_qty"": 2}",none,7.56,express
N202827,Orchard mixed berries 750 g pack of 4,Frozen,"{""brand"": ""Orchard"", ""size"": ""750 g"", ""pack_qty"": 4}",gluten;fish,19.2,express
N200391,Harvest hand soap 1 L pack of 1,Personal Care,"{""brand"": ""Harvest"", ""size"": ""1 L"", ""pack_qty"": 1}",none,22.76,supermarket
N200712,Harvest whole milk 6 pk pack of 12,Dairy,"{""brand"": ""Harvest"", ""size"": ""6 pk"", ""pack_qty"": 12}",milk,21.25,express
N200076,Northfield sparkling water 330 ml pack of 1,Beverages,"{""brand"": ""Northfield"", ""size"": ""330 ml"", ""pack_qty"": 1}",none,3.13,express
N200893,Harvest dark chocolate 330 ml pack of 2,Snacks,"{""brand"": ""Harvest"", ""size"": ""330 ml"", ""pack_qty"": 2}",nuts;milk,16.66,supermarket
N200501,Bluebell salted crisps 1 L pack of 12,Snacks,"{""brand"": ""Bluebell"", ""size"": ""1 L"", ""pack_qty"": 12}",nuts;milk,3.73,express
N201342,Harvest laundry pods 1 kg pack of 4,Household,"{""brand"": ""Harvest"", ""size"": ""1 kg"", ""pack_qty"": 4}",none,18.71,express
N201331,Orchard margherita pizza 1 kg pack of 2,Frozen,"{""brand"": ""Orchard"", ""size"": ""1 kg"", ""pack_qty"": 2}",gluten;fish,22.03,online
N200879,Valley shampoo daily 330 ml pack of 1,Personal Care,"{""brand"": ""Valley"", ""size"": ""330 ml"", ""pack_qty"": 1}",none,6.71,express
N202836,Bluebell oat drink 2 L pack of 1,Beverages,"{""brand"": ""Bluebell"", ""size"": ""2 L"", ""pack_qty"": 1}",none,19.14,express
N202679,Meadow shampoo daily 1 kg pack of 1,Personal Care,"{""brand"": ""Meadow"", ""size"": ""1 kg"", ""pack_qty"": 1}",none,4.46,express
N201744,Bluebell cheddar cheese 6 pk pack of 12,Dairy,"{""brand"": ""Bluebell"", ""size"": ""6 pk"", ""pack_qty"": 12}",milk,23.52,supermarket
N202534,Valley bin liners 750 g pack of 4,Household,"{""brand"": ""Valley"", ""size"": ""750 g"", ""pack_qty"": 4}",none,21.04,supermarket
N200179,Bluebell vanilla icecream 500 g pack of 2,Frozen,"{""brand"": ""Bluebell"", ""size"": ""500 g"", ""pack_qty"": 2}",gluten;fish,19.33,express
N201447N,MEADOW TOOTHPASTE MINT 330 ML PACK OF 12  ,Personal Care,"{""brand"": ""Meadow"", ""size"": ""330 ml"", ""pack_qty"": 12}",none,8.84,express
N202063,Harvest hand soap 1 kg pack of 1,Personal Care,"{""brand"": ""Harvest"", ""size"": ""1 kg"", ""pack_qty"": 1}",none,3.6,express
N200774,Orchard bin liners 750 g pack of 12,Household,"{""brand"": ""Orchard"", ""size"": ""750 g"", ""pack_qty"": 12}",none,6.24,supermarket
N202830,Northfield bin liners 500 g pack of 4,Household,"{""brand"": ""Northfield"", ""size"": ""500 g"", ""pack_qty"": 4}",none,18.99,express
N200693,Bluebell salted crisps 500 g pack of 1,Snacks,"{""brand"": ""Bluebell"", ""size"": ""500 g"", ""pack_qty"": 1}",nuts;milk,15.31,online
N200325,Valley dark chocolate 500 g pack of 2,Snacks,"{""brand"": ""Valley"", ""size"": ""500 g"", ""pack_qty"": 2}",nuts;milk,8.74,online
N201219,Valley margherita pizza 750 g pack of 4,Frozen,"{""brand"": ""Valley"", ""size"": ""750 g"", ""pack_qty"": 4}",gluten;fish,18.26,online
N201598,Orchard dish soap 6 pk pack of 4,Household,"{""brand"": ""Orchard"", ""size"": ""6 pk"", ""pack_qty"": 4}",none,15.35,online
N201110,Harvest dish soap 330 ml pack of 12,Household,"{""brand"": ""Harvest"", ""size"": ""330 ml"", ""pack_qty"": 12}",none,20.45,online
N201173,Northfield tortilla chips 2 L pack of 1,Snacks,"{""brand"": ""Northfield"", ""size"": ""2 L"", ""pack_qty"": 1}",nuts;milk,22.0,online
N201978,Valley baby spinach 330 ml pack of 2,Produce,"{""brand"": ""Valley"", ""size"": ""330 ml"", ""pack_qty"": 2}",none,4.39,express
N202910,Bluebell dish soap 2 L pack of 4,Household,"{""brand"": ""Bluebell"", ""size"": ""2 L"", ""pack_qty"": 4}",none,8.62,express
N202785,Meadow butter croissant 750 g pack of 6,Bakery,"{""brand"": ""Meadow"", ""size"": ""750 g"", ""pack_qty"": 6}",gluten;egg,22.98,supermarket
N200876,Meadow cold brew 2 L pack of 1,Beverages,"{""brand"": ""Meadow"", ""size"": ""2 L"", ""pack_qty"": 1}",none,17.67,supermarket
N200261,Meadow rice cakes 6 pk pack of 2,Snacks,"{""brand"": ""Meadow"", ""size"": ""6 pk"", ""pack_qty"": 2}",nuts;milk,2.1,online
N200392,Harvest cheddar cheese 1 kg pack of 12,Dairy,"{""brand"": ""Harvest"", ""size"": ""1 kg"", ""pack_qty"": 12}",milk,23.4,supermarket
N202176,Valley greek yogurt 330 ml pack of 6,Dairy,"{""brand"": ""Valley"", ""size"": ""330 ml"", ""pack_qty"": 6}",milk,17.54,online
N200245,Meadow rice cakes 250 ml pack of 4,Snacks,"{""brand"": ""Meadow"", ""size"": ""250 ml"", ""pack_qty"": 4}",nuts;milk,17.9,express
N201468,Meadow sparkling water 1 L pack of 12,Beverages,"{""brand"": ""Meadow"", ""size"": ""1 L"", ""pack_qty"": 12}",none,15.07,supermarket
N201700,Meadow sparkling water 1 kg pack of 4,Beverages,"{""brand"": ""Meadow"", ""size"": ""1 kg"", ""pack_qty"": 4}",none,11.21,online
N200521,Orchard seeded bagel 2 L pack of 1,Bakery,"{""brand"": ""Orchard"", ""size"": ""2 L"", ""pack_qty"": 1}",gluten;egg,12.57,supermarket
N201149,Harvest trail mix 1 L pack of 4,Snacks,"{""brand"": ""Harvest"", ""size"": ""1 L"", ""pack_qty"": 4}",nuts;milk,19.2,online
N202532,Meadow cola zero 250 ml pack of 4,Beverages,"{""brand"": ""Meadow"", ""size"": ""250 ml"", ""pack_qty"": 4}",none,1.99,express
N201587,Orchard fish fingers 6 pk pack of 12,Frozen,"{""brand"": ""Orchard"", ""size"": ""6 pk"", ""pack_qty"": 12}",gluten;fish,8.26,supermarket
N202969,Meadow butter croissant 330 ml pack of 4,Bakery,"{""brand"": ""Meadow"", ""size"": ""330 ml"", ""pack_qty"": 4}",gluten;egg,15.66,express
N202200,Meadow whole milk 500 g pack of 4,Dairy,"{""brand"": ""Meadow"", ""size"": ""500 g"", ""pack_qty"": 4}",milk,13.44,online
N200161,Orchard butter croissant 2 L pack of 4,Bakery,"{""brand"": ""Orchard"", ""size"": ""2 L"", ""pack_qty"": 4}",gluten;egg,18.4,online
N202018,Northfield gala apple 250 ml pack of 2,Produce,"{""brand"": ""Northfield"", ""size"": ""250 ml"", ""pack_qty"": 2}",none,19.52,online
N200216,Bluebell greek yogurt 1 kg pack of 12,Dairy,"{""brand"": ""Bluebell"", ""size"": ""1 kg"", ""pack_qty"": 12}",milk,1.55,express
N200236,Northfield cold brew 1 kg pack of 2,Beverages,"{""brand"": ""Northfield"", ""size"": ""1 kg"", ""pack_qty"": 2}",none,21.02,online
N200347,Harvest garden peas 330 ml pack of 1,Frozen,"{""brand"": ""Harvest"", ""size"": ""330 ml"", ""pack_qty"": 1}",gluten;fish,13.71,supermarket
N201107,Meadow vanilla icecream 250 ml pack of 2,Frozen,"{""brand"": ""Meadow"", ""size"": ""250 ml"", ""pack_qty"": 2}",gluten;fish,22.89,supermarket
N202984,Meadow cheddar cheese 2 L pack of 1,Dairy,"{""brand"": ""Meadow"", ""size"": ""2 L"", ""pack_qty"": 1}",milk,20.41,online
N202727,Orchard shampoo daily 1 L pack of 2,Personal Care,"{""brand"": ""Orchard"", ""size"": ""1 L"", ""pack_qty"": 2}",none,16.89,online
N200870,Harvest glass cleaner 1 kg pack of 4,Household,"{""brand"": ""Harvest"", ""size"": ""1 kg"", ""pack_qty"": 4}",none,15.56,online
N202043,Orchard garden peas 2 L pack of 1,Frozen,"{""brand"": ""Orchard"", ""size"": ""2 L"", ""pack_qty"": 1}",gluten;fish,14.05,online
N200597,Valley rice cakes 1 L pack of 1,Snacks,"{""brand"": ""Valley"", ""size"": ""1 L"", ""pack_qty"": 1}",nuts;milk,13.9,online
N201879,Valley razor blades 750 g pack of 4,Personal Care,"{""brand"": ""Valley"", ""size"": ""750 g"", ""pack_qty"": 4}",none,23.05,online
N201940,Valley sparkling water 750 g pack of 2,Beverages,"{""brand"": ""Valley"", ""size"": ""750 g"", ""pack_qty"": 2}",none,17.26,express
N200401,Harvest blueberry muffin 1 kg pack of 4,Bakery,"{""brand"": ""Harvest"", ""size"": ""1 kg"", ""pack_qty"": 4}",gluten;egg,23.16,supermarket
N200452,Northfield cold brew 2 L pack of 2,Beverages,"{""brand"": ""Northfield"", ""size"": ""2 L"", ""pack_qty"": 2}",none,14.71,express
N202839,Harvest shampoo daily 1 L pack of 6,Personal Care,"{""brand"": ""Harvest"", ""size"": ""1 L"", ""pack_qty"": 6}",none,17.06,online
N200698,Bluebell baby spinach 1 L pack of 4,Produce,"{""brand"": ""Bluebell"", ""size"": ""1 L"", ""pack_qty"": 4}",none,13.89,supermarket
N200126,Valley dish soap 750 g pack of 6,Household,"{""brand"": ""Valley"", ""size"": ""750 g"", ""pack_qty"": 6}",none,4.96,supermarket
N202504,Meadow greek yogurt 2 L pack of 4,Dairy,"{""brand"": ""Meadow"", ""size"": ""2 L"", ""pack_qty"": 4}",milk,19.23,online
N200393,Northfield butter croissant 2 L pack of 12,Bakery,"{""brand"": ""Northfield"", ""size"": ""2 L"", ""pack_qty"": 12}",gluten;egg,15.37,online
N200948,Northfield orange juice 750 g pack of 2,Beverages,"{""brand"": ""Northfield"", ""size"": ""750 g"", ""pack_qty"": 2}",none,0.69,online
N202419,Valley garden peas 330 ml pack of 6,Frozen,"{""brand"": ""Valley"", ""size"": ""330 ml"", ""pack_qty"": 6}",gluten;fish,8.92,express
N201942,Meadow dish soap 500 g pack of 4,Household,"{""brand"": ""Meadow"", ""size"": ""500 g"", ""pack_qty"": 4}",none,4.13,express
N201035,Valley garden peas 750 g pack of 4,Frozen,"{""brand"": ""Valley"", ""size"": ""750 g"", ""pack_qty"": 4}",gluten;fish,13.63,online
N201221,Meadow salted crisps 1 kg pack of 12,Snacks,"{""brand"": ""Meadow"", ""size"": ""1 kg"", ""pack_qty"": 12}",nuts;milk,9.95,supermarket
N200799,Orchard razor blades 1 L pack of 4,Personal Care,"{""brand"": ""Orchard"", ""size"": ""1 L"", ""pack_qty"": 4}",none,18.58,online
N200964,Valley cold brew 2 L pack of 4,Beverages,"{""brand"": ""Valley"", ""size"": ""2 L"", ""pack_qty"": 4}",none,0.64,express
N201508,Bluebell orange juice 330 ml pack of 6,Beverages,"{""brand"": ""Bluebell"", ""size"": ""330 ml"", ""pack_qty"": 6}",none,23.0,supermarket
N201898,Bluebell banana bunch 2 L pack of 6,Produce,"{""brand"": ""Bluebell"", ""size"": ""2 L"", ""pack_qty"": 6}",none,2.76,supermarket
N200741,Northfield tortilla chips 1 L pack of 6,Snacks,"{""brand"": ""Northfield"", ""size"": ""1 L"", ""pack_qty"": 6}",nuts;milk,2.49,online
N202175,Bluebell toothpaste mint 250 ml pack of 2,Personal Care,"{""brand"": ""Bluebell"", ""size"": ""250 ml"", ""pack_qty"": 2}",none,19.49,express
N200433,Harvest butter croissant 500 g pack of 1,Bakery,"{""brand"": ""Harvest"", ""size"": ""500 g"", ""pack_qty"": 1}",gluten;egg,4.04,online
N201394,Meadow banana bunch 330 ml pack of 1,Produce,"{""brand"": ""Meadow"", ""size"": ""330 ml"", ""pack_qty"": 1}",none,14.49,online
N200735,Bluebell hand soap 750 g pack of 2,Personal Care,"{""brand"": ""Bluebell"", ""size"": ""750 g"", ""pack_qty"": 2}",none,15.03,express
N202165,Northfield rice cakes 500 g pack of 12,Snacks,"{""brand"": ""Northfield"", ""size"": ""500 g"", ""pack_qty"": 12}",nuts;milk,6.5,express
N201049,Orchard blueberry muffin 1 L pack of 1,Bakery,"{""brand"": ""Orchard"", ""size"": ""1 L"", ""pack_qty"": 1}",gluten;egg,19.06,express
N202339,Valley vanilla icecream 250 ml pack of 4,Frozen,"{""brand"": ""Valley"", ""size"": ""250 ml"", ""pack_qty"": 4}",gluten;fish,19.32,express
N202456,Meadow salted butter 750 g pack of 6,Dairy,"{""brand"": ""Meadow"", ""size"": ""750 g"", ""pack_qty"": 6}",milk,10.48,supermarket
N201297,Valley seeded bagel 500 g pack of 1,Bakery,"{""brand"": ""Valley"", ""size"": ""500 g"", ""pack_qty"": 1}",gluten;egg,23.76,supermarket
N202574,Orchard dish soap 2 L pack of 4,Household,"{""brand"": ""Orchard"", ""size"": ""2 L"", ""pack_qty"": 4}",none,16.55,supermarket
N201441,Valley butter croissant 1 kg pack of 1,Bakery,"{""brand"": ""Valley"", ""size"": ""1 kg"", ""pack_qty"": 1}",gluten;egg,5.82,online
N201688,Orchard greek yogurt 750 g pack of 1,Dairy,"{""brand"": ""Orchard"", ""size"": ""750 g"", ""pack_qty"": 1}",milk,23.08,express
N200671,Northfield toothpaste mint 500 g pack of 12,Personal Care,"{""brand"": ""Northfield"", ""size"": ""500 g"", ""pack_qty"": 12}",none,20.55,supermarket
N201456,Northfield salted butter 6 pk pack of 6,Dairy,"{""brand"": ""Northfield"", ""size"": ""6 pk"", ""pack_qty"": 6}",milk,19.94,online
N201387N,NORTHFIELD GARDEN PEAS 6 PK PACK OF 4  ,Frozen,"{""brand"": ""Northfield"", ""size"": ""6 pk"", ""pack_qty"": 4}",gluten;fish,15.27,express
N201153,Valley blueberry muffin 1 L pack of 12,Bakery,"{""brand"": ""Valley"", ""size"": ""1 L"", ""pack_qty"": 12}",gluten;egg,9.34,online
N202050,Northfield gala apple 1 L pack of 1,Produce,"{""brand"": ""Northfield"", ""size"": ""1 L"", ""pack_qty"": 1}",none,23.36,online
N202366,Northfield laundry pods 250 ml pack of 2,Household,"{""brand"": ""Northfield"", ""size"": ""250 ml"", ""pack_qty"": 2}",none,12.3,express
N202962,Valley baby spinach 500 g pack of 4,Produce,"{""brand"": ""Valley"", ""size"": ""500 g"", ""pack_qty"": 4}",none,23.7,express
N201231,Meadow shampoo daily 2 L pack of 1,Personal Care,"{""brand"": ""Meadow"", ""size"": ""2 L"", ""pack_qty"": 1}",none,19.23,express
N200169,Valley butter croissant 1 L pack of 1,Bakery,"{""brand"": ""Valley"", ""size"": ""1 L"", ""pack_qty"": 1}",gluten;egg,0.57,express
N201672,Northfield whole milk 6 pk pack of 2,Dairy,"{""brand"": ""Northfield"", ""size"": ""6 pk"", ""pack_qty"": 2}",milk,1.42,express
N202450,Harvest baby spinach 2 L pack of 1,Produce,"{""brand"": ""Harvest"", ""size"": ""2 L"", ""pack_qty"": 1}",none,6.54,supermarket
N200136,Orchard cheddar cheese 750 g pack of 6,Dairy,"{""brand"": ""Orchard"", ""size"": ""750 g"", ""pack_qty"": 6}",milk,15.38,online
N202305,Valley seeded bagel 1 kg pack of 2,Bakery,"{""brand"": ""Valley"", ""size"": ""1 kg"", ""pack_qty"": 2}",gluten;egg,10.41,online
N200467,Meadow garden peas 250 ml pack of 6,Frozen,"{""brand"": ""Meadow"", ""size"": ""250 ml"", ""pack_qty"": 6}",gluten;fish,22.19,express
N201300,Harvest orange juice 250 ml pack of 6,Beverages,"{""brand"": ""Harvest"", ""size"": ""250 ml"", ""pack_qty"": 6}",none,0.44,express
N202156,Valley cold brew 1 L pack of 1,Beverages,"{""brand"": ""Valley"", ""size"": ""1 L"", ""pack_qty"": 1}",none,3.05,online
N200576,Harvest greek yogurt 250 ml pack of 1,Dairy,"{""brand"": ""Harvest"", ""size"": ""250 ml"", ""pack_qty"": 1}",milk,14.9,supermarket
N200567,Orchard hand soap 6 pk pack of 1,Personal Care,"{""brand"": ""Orchard"", ""size"": ""6 pk"", ""pack_qty"": 1}",none,16.75,supermarket
N200602,Bluebell avocado ripe 250 ml pack of 2,Produce,"{""brand"": ""Bluebell"", ""size"": ""250 ml"", ""pack_qty"": 2}",none,4.24,supermarket
N202259,Orchard mixed berries 750 g pack of 1,Frozen,"{""brand"": ""Orchard"", ""size"": ""750 g"", ""pack_qty"": 1}",gluten;fish,8.95,express
N202329,Orchard blueberry muffin 330 ml pack of 4,Bakery,"{""brand"": ""Orchard"", ""size"": ""330 ml"", ""pack_qty"": 4}",gluten;egg,15.12,online
N202831,Harvest razor blades 750 g pack of 2,Personal Care,"{""brand"": ""Harvest"", ""size"": ""750 g"", ""pack_qty"": 2}",none,15.36,supermarket
N202202,Orchard baby spinach 330 ml pack of 2,Produce,"{""brand"": ""Orchard"", ""size"": ""330 ml"", ""pack_qty"": 2}",none,16.12,supermarket
N202621,Northfield trail mix 6 pk pack of 12,Snacks,"{""brand"": ""Northfield"", ""size"": ""6 pk"", ""pack_qty"": 12}",nuts;milk,11.91,online
N200253,Valley dark chocolate 250 ml pack of 6,Snacks,"{""brand"": ""Valley"", ""size"": ""250 ml"", ""pack_qty"": 6}",nuts;milk,4.24,supermarket
N202673,Harvest blueberry muffin 6 pk pack of 1,Bakery,"{""brand"": ""Harvest"", ""size"": ""6 pk"", ""pack_qty"": 1}",gluten;egg,14.7,express
N202115,Harvest vanilla icecream 330 ml pack of 2,Frozen,"{""brand"": ""Harvest"", ""size"": ""330 ml"", ""pack_qty"": 2}",gluten;fish,0.72,express
N202209,Valley sourdough loaf 1 L pack of 6,Bakery,"{""brand"": ""Valley"", ""size"": ""1 L"", ""pack_qty"": 6}",gluten;egg,19.83,supermarket
N200405,Orchard tortilla chips 6 pk pack of 2,Snacks,"{""brand"": ""Orchard"", ""size"": ""6 pk"", ""pack_qty"": 2}",nuts;milk,17.03,online
N200930,Harvest avocado ripe 500 g pack of 1,Produce,"{""brand"": ""Harvest"", ""size"": ""500 g"", ""pack_qty"": 1}",none,7.69,supermarket
N200659,Orchard margherita pizza 250 ml pack of 2,Frozen,"{""brand"": ""Orchard"", ""size"": ""250 ml"", ""pack_qty"": 2}",gluten;fish,21.6,express
N201655,Northfield shampoo daily 500 g pack of 12,Personal Care,"{""brand"": ""Northfield"", ""size"": ""500 g"", ""pack_qty"": 12}",none,15.16,online
N202682,Valley avocado ripe 1 kg pack of 2,Produce,"{""brand"": ""Valley"", ""size"": ""1 kg"", ""pack_qty"": 2}",none,0.71,express
N200258,Northfield baby spinach 500 g pack of 12,Produce,"{""brand"": ""Northfield"", ""size"": ""500 g"", ""pack_qty"": 12}",none,15.8,online
N200830,Bluebell bin liners 1 L pack of 12,Household,"{""brand"": ""Bluebell"", ""size"": ""1 L"", ""pack_qty"": 12}",none,1.76,express
N200615,Bluebell body lotion 750 g pack of 12,Personal Care,"{""brand"": ""Bluebell"", ""size"": ""750 g"", ""pack_qty"": 12}",none,20.62,express
N202646,Valley dish soap 2 L pack of 6,Household,"{""brand"": ""Valley"", ""size"": ""2 L"", ""pack_qty"": 6}",none,20.46,express
N202570,Bluebell avocado ripe 500 g pack of 12,Produce,"{""brand"": ""Bluebell"", ""size"": ""500 g"", ""pack_qty"": 12}",none,11.35,supermarket
N202128N,ORCHARD CHEDDAR CHEESE 1 L PACK OF 4  ,Dairy,"{""brand"": ""Orchard"", ""size"": ""1 L"", ""pack_qty"": 4}",milk,6.06,express
N201769,Northfield seeded bagel 1 kg pack of 4,Bakery,"{""brand"": ""Northfield"", ""size"": ""1 kg"", ""pack_qty"": 4}",gluten;egg,1.44,express
N200863,Valley toothpaste mint 2 L pack of 4,Personal Care,"{""brand"": ""Valley"", ""size"": ""2 L"", ""pack_qty"": 4}",none,13.87,express
N202368,Northfield greek yogurt 2 L pack of 2,Dairy,"{""brand"": ""Northfield"", ""size"": ""2 L"", ""pack_qty"": 2}",milk,17.93,online
N202352,Orchard double cream 1 L pack of 6,Dairy,"{""brand"": ""Orchard"", ""size"": ""1 L"", ""pack_qty"": 6}",milk,21.49,supermarket
N201400,Bluebell cheddar cheese 2 L pack of 2,Dairy,"{""brand"": ""Bluebell"", ""size"": ""2 L"", ""pack_qty"": 2}",milk,4.65,online
N200992,Bluebell cheddar cheese 250 ml pack of 4,Dairy,"{""brand"": ""Bluebell"", ""size"": ""250 ml"", ""pack_qty"": 4}",milk,13.44,online
N200351,Meadow hand soap 500 g pack of 2,Personal Care,"{""brand"": ""Meadow"", ""size"": ""500 g"", ""pack_qty"": 2}",none,14.22,supermarket
N202499,Bluebell vanilla icecream 750 g pack of 1,Frozen,"{""brand"": ""Bluebell"", ""size"": ""750 g"", ""pack_qty"": 1}",gluten;fish,13.27,online
N201721,Meadow sourdough loaf 750 g pack of 1,Bakery,"{""brand"": ""Meadow"", ""size"": ""750 g"", ""pack_qty"": 1}",gluten;egg,3.98,online
N202945,Northfield wholemeal bread 2 L pack of 1,Bakery,"{""brand"": ""Northfield"", ""size"": ""2 L"", ""pack_qty"": 1}",gluten;egg,1.03,supermarket
N202566,Meadow laundry pods 1 L pack of 6,Household,"{""brand"": ""Meadow"", ""size"": ""1 L"", ""pack_qty"": 6}",none,19.91,express
N200128,Orchard whole milk 500 g pack of 6,Dairy,"{""brand"": ""Orchard"", ""size"": ""500 g"", ""pack_qty"": 6}",milk,1.4,supermarket
N202103,Valley body lotion 750 g pack of 6,Personal Care,"{""brand"": ""Valley"", ""size"": ""750 g"", ""pack_qty"": 6}",none,19.83,online
N202241,Orchard blueberry muffin 500 g pack of 1,Bakery,"{""brand"": ""Orchard"", ""size"": ""500 g"", ""pack_qty"": 1}",gluten;egg,12.37,supermarket
N201031,Harvest toothpaste mint 1 kg pack of 2,Personal Care,"{""brand"": ""Harvest"", ""size"": ""1 kg"", ""pack_qty"": 2}",none,8.13,express
N200691,Northfield mixed berries 6 pk pack of 6,Frozen,"{""brand"": ""Northfield"", ""size"": ""6 pk"", ""pack_qty"": 6}",gluten;fish,5.07,supermarket
N200890,Valley cherry tomato 1 kg pack of 1,Produce,"{""brand"": ""Valley"", ""size"": ""1 kg"", ""pack_qty"": 1}",none,16.29,online
N201763,Meadow fish fingers 250 ml pack of 4,Frozen,"{""brand"": ""Meadow"", ""size"": ""250 ml"", ""pack_qty"": 4}",gluten;fish,10.5,express
N202992,Northfield salted butter 2 L pack of 12,Dairy,"{""brand"": ""Northfield"", ""size"": ""2 L"", ""pack_qty"": 12}",milk,9.79,online
N200652,Meadow sparkling water 2 L pack of 6,Beverages,"{""brand"": ""Meadow"", ""size"": ""2 L"", ""pack_qty"": 6}",none,5.22,online
N201837,Northfield tortilla chips 250 ml pack of 4,Snacks,"{""brand"": ""Northfield"", ""size"": ""250 ml"", ""pack_qty"": 4}",nuts;milk,2.97,express
N200265,Meadow wholemeal bread 330 ml pack of 4,Bakery,"{""brand"": ""Meadow"", ""size"": ""330 ml"", ""pack_qty"": 4}",gluten;egg,7.39,online
N202081,Northfield sourdough loaf 6 pk pack of 1,Bakery,"{""brand"": ""Northfield"", ""size"": ""6 pk"", ""pack_qty"": 1}",gluten;egg,19.22,online
N200897,Valley sourdough loaf 1 L pack of 4,Bakery,"{""brand"": ""Valley"", ""size"": ""1 L"", ""pack_qty"": 4}",gluten;egg,23.91,supermarket
N202622,Northfield laundry pods 330 ml pack of 6,Household,"{""brand"": ""Northfield"", ""size"": ""330 ml"", ""pack_qty"": 6}",none,1.25,express
N201866,Valley avocado ripe 1 L pack of 6,Produce,"{""brand"": ""Valley"", ""size"": ""1 L"", ""pack_qty"": 6}",none,1.6,express
N200926,Meadow laundry pods 2 L pack of 12,Household,"{""brand"": ""Meadow"", ""size"": ""2 L"", ""pack_qty"": 12}",none,7.48,supermarket
N202466,Harvest baby spinach 250 ml pack of 1,Produce,"{""brand"": ""Harvest"", ""size"": ""250 ml"", ""pack_qty"": 1}",none,15.44,express
N202950,Orchard dish soap 2 L pack of 2,Household,"{""brand"": ""Orchard"", ""size"": ""2 L"", ""pack_qty"": 2}",none,4.96,express
N201007,Orchard razor blades 250 ml pack of 6,Personal Care,"{""brand"": ""Orchard"", ""size"": ""250 ml"", ""pack_qty"": 6}",none,4.02,supermarket
N202130,Harvest baby spinach 330 ml pack of 6,Produce,"{""brand"": ""Harvest"", ""size"": ""330 ml"", ""pack_qty"": 6}",none,19.45,online
N201386,Valley cherry tomato 500 g pack of 12,Produce,"{""brand"": ""Valley"", ""size"": ""500 g"", ""pack_qty"": 12}",none,3.36,online
N201714,Valley avocado ripe 330 ml pack of 4,Produce,"{""brand"": ""Valley"", ""size"": ""330 ml"", ""pack_qty"": 4}",none,3.21,express
N201481,Bluebell wholemeal bread 500 g pack of 1,Bakery,"{""brand"": ""Bluebell"", ""size"": ""500 g"", ""pack_qty"": 1}",gluten;egg,0.93,online
N202435N,MEADOW MARGHERITA PIZZA 250 ML PACK OF 2  ,Frozen,"{""brand"": ""Meadow"", ""size"": ""250 ml"", ""pack_qty"": 2}",gluten;fish,20.08,supermarket
N200441,Harvest wholemeal bread 250 ml pack of 2,Bakery,"{""brand"": ""Harvest"", ""size"": ""250 ml"", ""pack_qty"": 2}",gluten;egg,6.09,express
N201112,Valley cheddar cheese 2 L pack of 4,Dairy,"{""brand"": ""Valley"", ""size"": ""2 L"", ""pack_qty"": 4}",milk,22.22,online
N200157,Valley trail mix 250 ml pack of 12,Snacks,"{""brand"": ""Valley"", ""size"": ""250 ml"", ""pack_qty"": 12}",nuts;milk,4.67,supermarket
N202755,Meadow mixed berries 500 g pack of 12,Frozen,"{""brand"": ""Meadow"", ""size"": ""500 g"", ""pack_qty"": 12}",gluten;fish,12.15,online
N201249,Northfield butter croissant 330 ml pack of 1,Bakery,"{""brand"": ""Northfield"", ""size"": ""330 ml"", ""pack_qty"": 1}",gluten;egg,14.34,supermarket
N200669,Northfield trail mix 2 L pack of 12,Snacks,"{""brand"": ""Northfield"", ""size"": ""2 L"", ""pack_qty"": 12}",nuts;milk,17.48,supermarket
N202423,Northfield razor blades 1 kg pack of 4,Personal Care,"{""brand"": ""Northfield"", ""size"": ""1 kg"", ""pack_qty"": 4}",none,13.4,online
N202968,Bluebell whole milk 6 pk pack of 1,Dairy,"{""brand"": ""Bluebell"", ""size"": ""6 pk"", ""pack_qty"": 1}",milk,16.52,online
N202860,Valley oat drink 500 g pack of 4,Beverages,"{""brand"": ""Valley"", ""size"": ""500 g"", ""pack_qty"": 4}",none,1.44,supermarket
N200074,Valley baby spinach 1 L pack of 1,Produce,"{""brand"": ""Valley"", ""size"": ""1 L"", ""pack_qty"": 1}",none,19.86,supermarket
N200827,Meadow vanilla icecream 500 g pack of 2,Frozen,"{""brand"": ""Meadow"", ""size"": ""500 g"", ""pack_qty"": 2}",gluten;fish,5.21,online
N202206,Orchard glass cleaner 1 L pack of 1,Household,"{""brand"": ""Orchard"", ""size"": ""1 L"", ""pack_qty"": 1}",none,9.82,online
N200436,Bluebell sparkling water 750 g pack of 4,Beverages,"{""brand"": ""Bluebell"", ""size"": ""750 g"", ""pack_qty"": 4}",none,3.88,express
N200736,Harvest salted butter 750 g pack of 12,Dairy,"{""brand"": ""Harvest"", ""size"": ""750 g"", ""pack_qty"": 12}",milk,3.29,supermarket
N202348,Northfield cold brew 750 g pack of 12,Beverages,"{""brand"": ""Northfield"", ""size"": ""750 g"", ""pack_qty"": 12}",none,7.73,online
N202467,Northfield garden peas 250 ml pack of 6,Frozen,"{""brand"": ""Northfield"", ""size"": ""250 ml"", ""pack_qty"": 6}",gluten;fish,9.66,supermarket
N201772,Harvest cold brew 250 ml pack of 1,Beverages,"{""brand"": ""Harvest"", ""size"": ""250 ml"", ""pack_qty"": 1}",none,3.87,online
N201686,Orchard dish soap 2 L pack of 1,Household,"{""brand"": ""Orchard"", ""size"": ""2 L"", ""pack_qty"": 1}",none,19.23,online
N202942,Meadow laundry pods 1 L pack of 4,Household,"{""brand"": ""Meadow"", ""size"": ""1 L"", ""pack_qty"": 4}",none,23.7,online
N200609,Bluebell butter croissant 6 pk pack of 2,Bakery,"{""brand"": ""Bluebell"", ""size"": ""6 pk"", ""pack_qty"": 2}",gluten;egg,12.3,online
N200582,Harvest dish soap 6 pk pack of 6,Household,"{""brand"": ""Harvest"", ""size"": ""6 pk"", ""pack_qty"": 6}",none,18.43,online
N202600,Valley greek yogurt 6 pk pack of 4,Dairy,"{""brand"": ""Valley"", ""size"": ""6 pk"", ""pack_qty"": 4}",milk,11.74,supermarket
N202563,Meadow mixed berries 250 ml pack of 12,Frozen,"{""brand"": ""Meadow"", ""size"": ""250 ml"", ""pack_qty"": 12}",gluten;fish,1.73,online
N201975,Orchard hand soap 2 L pack of 1,Personal Care,"{""brand"": ""Orchard"", ""size"": ""2 L"", ""pack_qty"": 1}",none,21.3,online
N202853,Meadow rice cakes 750 g pack of 4,Snacks,"{""brand"": ""Meadow"", ""size"": ""750 g"", ""pack_qty"": 4}",nuts;milk,8.41,online
N200295,Orchard body lotion 6 pk pack of 2,Personal Care,"{""brand"": ""Orchard"", ""size"": ""6 pk"", ""pack_qty"": 2}",none,15.67,express
N202319,Orchard body lotion 1 L pack of 2,Personal Care,"{""brand"": ""Orchard"", ""size"": ""1 L"", ""pack_qty"": 2}",none,17.52,express
N200565,Meadow trail mix 2 L pack of 1,Snacks,"{""brand"": ""Meadow"", ""size"": ""2 L"", ""pack_qty"": 1}",nuts;milk,20.69,supermarket
N201946,Orchard banana bunch 500 g pack of 2,Produce,"{""brand"": ""Orchard"", ""size"": ""500 g"", ""pack_qty"": 2}",none,2.9,online
N201123,Orchard vanilla icecream 330 ml pack of 2,Frozen,"{""brand"": ""Orchard"", ""size"": ""330 ml"", ""pack_qty"": 2}",gluten;fish,1.25,express
N201695,Harvest hand soap 1 kg pack of 1,Personal Care,"{""brand"": ""Harvest"", ""size"": ""1 kg"", ""pack_qty"": 1}",none,13.44,supermarket
N201994,Northfield cherry tomato 2 L pack of 12,Produce,"{""brand"": ""Northfield"", ""size"": ""2 L"", ""pack_qty"": 12}",none,23.19,express
N200813,Orchard tortilla chips 1 kg pack of 4,Snacks,"{""brand"": ""Orchard"", ""size"": ""1 kg"", ""pack_qty"": 4}",nuts;milk,18.51,supermarket
N200131,Bluebell fish fingers 2 L pack of 12,Frozen,"{""brand"": ""Bluebell"", ""size"": ""2 L"", ""pack_qty"": 12}",gluten;fish,3.83,express
N202195,Valley margherita pizza 750 g pack of 6,Frozen,"{""brand"": ""Valley"", ""size"": ""750 g"", ""pack_qty"": 6}",gluten;fish,20.09,supermarket
N201701,Northfield trail mix 250 ml pack of 2,Snacks,"{""brand"": ""Northfield"", ""size"": ""250 ml"", ""pack_qty"": 2}",nuts;milk,13.29,express
N202218,Bluebell banana bunch 250 ml pack of 6,Produce,"{""brand"": ""Bluebell"", ""size"": ""250 ml"", ""pack_qty"": 6}",none,0.49,online
N201108,Northfield orange juice 750 g pack of 4,Beverages,"{""brand"": ""Northfield"", ""size"": ""750 g"", ""pack_qty"": 4}",none,17.33,express
N202111,Northfield hand soap 1 kg pack of 12,Personal Care,"{""brand"": ""Northfield"", ""size"": ""1 kg"", ""pack_qty"": 12}",none,0.74,supermarket
N201783,Orchard shampoo daily 1 kg pack of 4,Personal Care,"{""brand"": ""Orchard"", ""size"": ""1 kg"", ""pack_qty"": 4}",none,19.08,supermarket
N200714,Bluebell baby spinach 1 kg pack of 1,Produce,"{""brand"": ""Bluebell"", ""size"": ""1 kg"", ""pack_qty"": 1}",none,16.52,online
N201619,Harvest margherita pizza 6 pk pack of 2,Frozen,"{""brand"": ""Harvest"", ""size"": ""6 pk"", ""pack_qty"": 2}",gluten;fish,20.04,express
N201582,Harvest bin liners 250 ml pack of 2,Household,"{""brand"": ""Harvest"", ""size"": ""250 ml"", ""pack_qty"": 2}",none,0.42,supermarket
N200338,Valley gala apple 1 kg pack of 1,Produce,"{""brand"": ""Valley"", ""size"": ""1 kg"", ""pack_qty"": 1}",none,19.83,supermarket
N201215,Harvest hand soap 330 ml pack of 1,Personal Care,"{""brand"": ""Harvest"", ""size"": ""330 ml"", ""pack_qty"": 1}",none,2.07,online
N201220,Orchard cola zero 250 ml pack of 4,Beverages,"{""brand"": ""Orchard"", ""size"": ""250 ml"", ""pack_qty"": 4}",none,19.44,online
N200753,Valley wholemeal bread 250 ml pack of 6,Bakery,"{""brand"": ""Valley"", ""size"": ""250 ml"", ""pack_qty"": 6}",gluten;egg,19.82,supermarket
N201773,Bluebell dark chocolate 250 ml pack of 1,Snacks,"{""brand"": ""Bluebell"", ""size"": ""250 ml"", ""pack_qty"": 1}",nuts;milk,1.14,supermarket
N200555,Valley garden peas 1 kg pack of 1,Frozen,"{""brand"": ""Valley"", ""size"": ""1 kg"", ""pack_qty"": 1}",gluten;fish,22.25,online
N202107,Orchard vanilla icecream 1 kg pack of 1,Frozen,"{""brand"": ""Orchard"", ""size"": ""1 kg"", ""pack_qty"": 1}",gluten;fish,22.99,supermarket
N201625,Harvest seeded bagel 750 g pack of 1,Bakery,"{""brand"": ""Harvest"", ""size"": ""750 g"", ""pack_qty"": 1}",gluten;egg,13.28,online
N202357,Northfield trail mix 250 ml pack of 1,Snacks,"{""brand"": ""Northfield"", ""size"": ""250 ml"", ""pack_qty"": 1}",nuts;milk,17.64,supermarket
N202069,Harvest trail mix 2 L pack of 6,Snacks,"{""brand"": ""Harvest"", ""size"": ""2 L"", ""pack_qty"": 6}",nuts;milk,11.38,online
N202500,Orchard oat drink 250 ml pack of 4,Beverages,"{""brand"": ""Orchard"", ""size"": ""250 ml"", ""pack_qty"": 4}",none,19.02,supermarket
N201502,Valley laundry pods 750 g pack of 4,Household,"{""brand"": ""Valley"", ""size"": ""750 g"", ""pack_qty"": 4}",none,4.98,online
N200454,Harvest dish soap 1 kg pack of 1,Household,"{""brand"": ""Harvest"", ""size"": ""1 kg"", ""pack_qty"": 1}",none,1.77,express
N202824,Valley greek yogurt 330 ml pack of 12,Dairy,"{""brand"": ""Valley"", ""size"": ""330 ml"", ""pack_qty"": 12}",milk,18.06,express
N201443,Harvest mixed berries 250 ml pack of 4,Frozen,"{""brand"": ""Harvest"", ""size"": ""250 ml"", ""pack_qty"": 4}",gluten;fish,3.24,express
N200008,Orchard whole milk 2 L pack of 6,Dairy,"{""brand"": ""Orchard"", ""size"": ""2 L"", ""pack_qty"": 6}",milk,17.98,express
N201953,Northfield wholemeal bread 500 g pack of 2,Bakery,"{""brand"": ""Northfield"", ""size"": ""500 g"", ""pack_qty"": 2}",gluten;egg,23.61,express
N200024,Valley whole milk 500 g pack of 1,Dairy,"{""brand"": ""Valley"", ""size"": ""500 g"", ""pack_qty"": 1}",milk,17.45,online
N200282,Orchard gala apple 6 pk pack of 2,Produce,"{""brand"": ""Orchard"", ""size"": ""6 pk"", ""pack_qty"": 2}",none,19.15,express
N202073,Northfield wholemeal bread 250 ml pack of 2,Bakery,"{""brand"": ""Northfield"", ""size"": ""250 ml"", ""pack_qty"": 2}",gluten;egg,17.2,online
N202481,Meadow butter croissant 1 kg pack of 6,Bakery,"{""brand"": ""Meadow"", ""size"": ""1 kg"", ""pack_qty"": 6}",gluten;egg,18.83,supermarket
N200317,Harvest tortilla chips 1 kg pack of 1,Snacks,"{""brand"": ""Harvest"", ""size"": ""1 kg"", ""pack_qty"": 1}",nuts;milk,15.02,express
N200411,Meadow mixed berries 6 pk pack of 1,Frozen,"{""brand"": ""Meadow"", ""size"": ""6 pk"", ""pack_qty"": 1}",gluten;fish,1.56,supermarket
N201511,Harvest hand soap 330 ml pack of 6,Personal Care,"{""brand"": ""Harvest"", ""size"": ""330 ml"", ""pack_qty"": 6}",none,10.98,supermarket
N201670,Northfield glass cleaner 2 L pack of 12,Household,"{""brand"": ""Northfield"", ""size"": ""2 L"", ""pack_qty"": 12}",none,5.58,online
N202277,Northfield dark chocolate 2 L pack of 2,Snacks,"{""brand"": ""Northfield"", ""size"": ""2 L"", ""pack_qty"": 2}",nuts;milk,12.79,supermarket
N200751,Harvest body lotion 1 kg pack of 12,Personal Care,"{""brand"": ""Harvest"", ""size"": ""1 kg"", ""pack_qty"": 12}",none,12.12,supermarket
N200855,Harvest razor blades 330 ml pack of 12,Personal Care,"{""brand"": ""Harvest"", ""size"": ""330 ml"", ""pack_qty"": 12}",none,11.56,express
N201765,Valley tortilla chips 1 L pack of 12,Snacks,"{""brand"": ""Valley"", ""size"": ""1 L"", ""pack_qty"": 12}",nuts;milk,1.27,express
N200126,Valley dish soap 750 g pack of 6,Household,"{""brand"": ""Valley"", ""size"": ""750 g"", ""pack_qty"": 6}",none,4.96,supermarket
N201164,Northfield orange juice 750 g pack of 4,Beverages,"{""brand"": ""Northfield"", ""size"": ""750 g"", ""pack_qty"": 4}",none,15.72,express
N200409,Orchard sourdough loaf 500 g pack of 2,Bakery,"{""brand"": ""Orchard"", ""size"": ""500 g"", ""pack_qty"": 2}",gluten;egg,5.26,supermarket
N200045,Orchard rice cakes 2 L pack of 12,Snacks,"{""brand"": ""Orchard"", ""size"": ""2 L"", ""pack_qty"": 12}",nuts;milk,2.94,online
N200154,Valley avocado ripe 6 pk pack of 12,Produce,"{""brand"": ""Valley"", ""size"": ""6 pk"", ""pack_qty"": 12}",none,13.52,supermarket
N202655,Bluebell shampoo daily 500 g pack of 2,Personal Care,"{""brand"": ""Bluebell"", ""size"": ""500 g"", ""pack_qty"": 2}",none,9.66,supermarket
N200273,Meadow sourdough loaf 750 g pack of 2,Bakery,"{""brand"": ""Meadow"", ""size"": ""750 g"", ""pack_qty"": 2}",gluten;egg,11.98,express
N201349,Orchard rice cakes 1 L pack of 12,Snacks,"{""brand"": ""Orchard"", ""size"": ""1 L"", ""pack_qty"": 12}",nuts;milk,2.06,express
N202454,Meadow bin liners 500 g pack of 4,Household,"{""brand"": ""Meadow"", ""size"": ""500 g"", ""pack_qty"": 4}",none,1.43,express
N200412,Valley orange juice 6 pk pack of 1,Beverages,"{""brand"": ""Valley"", ""size"": ""6 pk"", ""pack_qty"": 1}",none,5.0,supermarket
N201604,Valley oat drink 750 g pack of 2,Beverages,"{""brand"": ""Valley"", ""size"": ""750 g"", ""pack_qty"": 2}",none,10.79,supermarket
N202355,Meadow fish fingers 1 L pack of 1,Frozen,"{""brand"": ""Meadow"", ""size"": ""1 L"", ""pack_qty"": 1}",gluten;fish,4.36,online
N202223,Bluebell toothpaste mint 1 L pack of 4,Personal Care,"{""brand"": ""Bluebell"", ""size"": ""1 L"", ""pack_qty"": 4}",none,5.66,express
N202435,Meadow margherita pizza 250 ml pack of 2,Frozen,"{""brand"": ""Meadow"", ""size"": ""250 ml"", ""pack_qty"": 2}",gluten;fish,20.08,supermarket
N200848,Northfield cheddar cheese 6 pk pack of 1,Dairy,"{""brand"": ""Northfield"", ""size"": ""6 pk"", ""pack_qty"": 1}",milk,11.47,supermarket
N201856,Orchard cheddar cheese 1 L pack of 4,Dairy,"{""brand"": ""Orchard"", ""size"": ""1 L"", ""pack_qty"": 4}",milk,9.23,supermarket
N201002,Valley avocado ripe 330 ml pack of 6,Produce,"{""brand"": ""Valley"", ""size"": ""330 ml"", ""pack_qty"": 6}",none,6.96,express
N201664,Valley greek yogurt 250 ml pack of 1,Dairy,"{""brand"": ""Valley"", ""size"": ""250 ml"", ""pack_qty"": 1}",milk,16.61,online
N200188,Bluebell cold brew 250 ml pack of 2,Beverages,"{""brand"": ""Bluebell"", ""size"": ""250 ml"", ""pack_qty"": 2}",none,6.89,express
N202067,Orchard margherita pizza 750 g pack of 12,Frozen,"{""brand"": ""Orchard"", ""size"": ""750 g"", ""pack_qty"": 12}",gluten;fish,15.17,express
N200446,Valley bin liners 250 ml pack of 12,Household,"{""brand"": ""Valley"", ""size"": ""250 ml"", ""pack_qty"": 12}",none,21.84,express
N200164,Bluebell cola zero 1 L pack of 4,Beverages,"{""brand"": ""Bluebell"", ""size"": ""1 L"", ""pack_qty"": 4}",none,21.87,supermarket
N200787,Meadow margherita pizza 750 g pack of 12,Frozen,"{""brand"": ""Meadow"", ""size"": ""750 g"", ""pack_qty"": 12}",gluten;fish,16.88,online
N201792,Orchard cheddar cheese 750 g pack of 1,Dairy,"{""brand"": ""Orchard"", ""size"": ""750 g"", ""pack_qty"": 1}",milk,1.24,express
N202592,Bluebell salted butter 1 kg pack of 6,Dairy,"{""brand"": ""Bluebell"", ""size"": ""1 kg"", ""pack_qty"": 6}",milk,17.9,express
N201594,Bluebell cherry tomato 250 ml pack of 6,Produce,"{""brand"": ""Bluebell"", ""size"": ""250 ml"", ""pack_qty"": 6}",none,9.48,express
N200468,Northfield sparkling water 6 pk pack of 6,Beverages,"{""brand"": ""Northfield"", ""size"": ""6 pk"", ""pack_qty"": 6}",none,18.21,online
N201389,Meadow dark chocolate 1 L pack of 12,Snacks,"{""brand"": ""Meadow"", ""size"": ""1 L"", ""pack_qty"": 12}",nuts;milk,16.03,online
N202947,Bluebell garden peas 750 g pack of 2,Frozen,"{""brand"": ""Bluebell"", ""size"": ""750 g"", ""pack_qty"": 2}",gluten;fish,12.41,express
N202906,Meadow banana bunch 750 g pack of 12,Produce,"{""brand"": ""Meadow"", ""size"": ""750 g"", ""pack_qty"": 12}",none,4.87,supermarket
N201065,Harvest butter croissant 2 L pack of 1,Bakery,"{""brand"": ""Harvest"", ""size"": ""2 L"", ""pack_qty"": 1}",gluten;egg,22.5,online
N200517,Northfield tortilla chips 1 kg pack of 2,Snacks,"{""brand"": ""Northfield"", ""size"": ""1 kg"", ""pack_qty"": 2}",nuts;milk,17.93,express
N200834,Harvest cherry tomato 750 g pack of 12,Produce,"{""brand"": ""Harvest"", ""size"": ""750 g"", ""pack_qty"": 12}",none,0.58,online
N201971,Orchard margherita pizza 6 pk pack of 4,Frozen,"{""brand"": ""Orchard"", ""size"": ""6 pk"", ""pack_qty"": 4}",gluten;fish,12.84,express
N200364,Valley orange juice 2 L pack of 2,Beverages,"{""brand"": ""Valley"", ""size"": ""2 L"", ""pack_qty"": 2}",none,4.96,online
N200060,Meadow oat drink 750 g pack of 4,Beverages,"{""brand"": ""Meadow"", ""size"": ""750 g"", ""pack_qty"": 4}",none,5.11,online
N202806,Meadow glass cleaner 2 L pack of 4,Household,"{""brand"": ""Meadow"", ""size"": ""2 L"", ""pack_qty"": 4}",none,10.99,supermarket
N200604,Valley orange juice 500 g pack of 12,Beverages,"{""brand"": ""Valley"", ""size"": ""500 g"", ""pack_qty"": 12}",none,6.64,supermarket
N200532,Northfield cola zero 500 g pack of 4,Beverages,"{""brand"": ""Northfield"", ""size"": ""500 g"", ""pack_qty"": 4}",none,15.48,online
N200153,Harvest blueberry muffin 330 ml pack of 4,Bakery,"{""brand"": ""Harvest"", ""size"": ""330 ml"", ""pack_qty"": 4}",gluten;egg,4.32,supermarket
N200600,Bluebell salted butter 1 L pack of 1,Dairy,"{""brand"": ""Bluebell"", ""size"": ""1 L"", ""pack_qty"": 1}",milk,19.44,online
N200047,Orchard hand soap 1 L pack of 2,Personal Care,"{""brand"": ""Orchard"", ""size"": ""1 L"", ""pack_qty"": 2}",none,19.47,online
N201162,Bluebell cherry tomato 750 g pack of 12,Produce,"{""brand"": ""Bluebell"", ""size"": ""750 g"", ""pack_qty"": 12}",none,4.67,online
N202684,Harvest oat drink 1 kg pack of 6,Beverages,"{""brand"": ""Harvest"", ""size"": ""1 kg"", ""pack_qty"": 6}",none,13.73,online
N200780,Meadow orange juice 2 L pack of 2,Beverages,"{""brand"": ""Meadow"", ""size"": ""2 L"", ""pack_qty"": 2}",none,13.5,supermarket
N200710,Meadow paper towel 750 g pack of 6,Household,"{""brand"": ""Meadow"", ""size"": ""750 g"", ""pack_qty"": 6}",none,19.34,express
N202629,Meadow rice cakes 250 ml pack of 2,Snacks,"{""brand"": ""Meadow"", ""size"": ""250 ml"", ""pack_qty"": 2}",nuts;milk,1.09,express
N201378,Valley cherry tomato 6 pk pack of 4,Produce,"{""brand"": ""Valley"", ""size"": ""6 pk"", ""pack_qty"": 4}",none,9.89,online
N202370,Bluebell baby spinach 750 g pack of 6,Produce,"{""brand"": ""Bluebell"", ""size"": ""750 g"", ""pack_qty"": 6}",none,6.95,online
N200342,Valley bin liners 6 pk pack of 2,Household,"{""brand"": ""Valley"", ""size"": ""6 pk"", ""pack_qty"": 2}",none,17.74,supermarket
N200066,Bluebell baby spinach 500 g pack of 12,Produce,"{""brand"": ""Bluebell"", ""size"": ""500 g"", ""pack_qty"": 12}",none,14.47,supermarket
N202704,Valley double cream 1 kg pack of 2,Dairy,"{""brand"": ""Valley"", ""size"": ""1 kg"", ""pack_qty"": 2}",milk,5.15,online
N200429,Meadow rice cakes 1 L pack of 4,Snacks,"{""brand"": ""Meadow"", ""size"": ""1 L"", ""pack_qty"": 4}",nuts;milk,19.57,express
N202957,Bluebell trail mix 1 L pack of 2,Snacks,"{""brand"": ""Bluebell"", ""size"": ""1 L"", ""pack_qty"": 2}",nuts;milk,13.62,express
N201322,Meadow banana bunch 250 ml pack of 1,Produce,"{""brand"": ""Meadow"", ""size"": ""250 ml"", ""pack_qty"": 1}",none,6.65,express
N202035,Meadow margherita pizza 750 g pack of 2,Frozen,"{""brand"": ""Meadow"", ""size"": ""750 g"", ""pack_qty"": 2}",gluten;fish,23.95,supermarket
N202872,Harvest salted butter 750 g pack of 4,Dairy,"{""brand"": ""Harvest"", ""size"": ""750 g"", ""pack_qty"": 4}",milk,20.21,express
N202224,Harvest greek yogurt 750 g pack of 12,Dairy,"{""brand"": ""Harvest"", ""size"": ""750 g"", ""pack_qty"": 12}",milk,16.76,online
N201564N,MEADOW OAT DRINK 500 G PACK OF 1  ,Beverages,"{""brand"": ""Meadow"", ""size"": ""500 g"", ""pack_qty"": 1}",none,5.35,supermarket
N202907,Harvest vanilla icecream 2 L pack of 4,Frozen,"{""brand"": ""Harvest"", ""size"": ""2 L"", ""pack_qty"": 4}",gluten;fish,17.68,supermarket
N200041,Orchard butter croissant 250 ml pack of 12,Bakery,"{""brand"": ""Orchard"", ""size"": ""250 ml"", ""pack_qty"": 12}",gluten;egg,8.23,supermarket
N202253,Valley rice cakes 1 L pack of 2,Snacks,"{""brand"": ""Valley"", ""size"": ""1 L"", ""pack_qty"": 2}",nuts;milk,17.06,supermarket
N201045,Valley rice cakes 6 pk pack of 4,Snacks,"{""brand"": ""Valley"", ""size"": ""6 pk"", ""pack_qty"": 4}",nuts;milk,5.42,supermarket
N200546,Orchard gala apple 330 ml pack of 12,Produce,"{""brand"": ""Orchard"", ""size"": ""330 ml"", ""pack_qty"": 12}",none,13.37,online
N200316,Orchard orange juice 500 g pack of 2,Beverages,"{""brand"": ""Orchard"", ""size"": ""500 g"", ""pack_qty"": 2}",none,23.97,supermarket
N201181,Orchard salted crisps 330 ml pack of 2,Snacks,"{""brand"": ""Orchard"", ""size"": ""330 ml"", ""pack_qty"": 2}",nuts;milk,12.27,supermarket
N200662,Northfield bin liners 750 g pack of 4,Household,"{""brand"": ""Northfield"", ""size"": ""750 g"", ""pack_qty"": 4}",none,22.09,online
N202215,Meadow hand soap 750 g pack of 12,Personal Care,"{""brand"": ""Meadow"", ""size"": ""750 g"", ""pack_qty"": 12}",none,21.85,express
N202416,Harvest double cream 1 L pack of 12,Dairy,"{""brand"": ""Harvest"", ""size"": ""1 L"", ""pack_qty"": 12}",milk,15.88,online
N200120,Harvest salted butter 6 pk pack of 1,Dairy,"{""brand"": ""Harvest"", ""size"": ""6 pk"", ""pack_qty"": 1}",milk,0.53,supermarket
N202118,Northfield laundry pods 330 ml pack of 6,Household,"{""brand"": ""Northfield"", ""size"": ""330 ml"", ""pack_qty"": 6}",none,20.12,express
N201867,Valley margherita pizza 1 kg pack of 4,Frozen,"{""brand"": ""Valley"", ""size"": ""1 kg"", ""pack_qty"": 4}",gluten;fish,14.25,supermarket
N201423,Meadow body lotion 1 kg pack of 6,Personal Care,"{""brand"": ""Meadow"", ""size"": ""1 kg"", ""pack_qty"": 6}",none,4.19,supermarket
N202794,Harvest avocado ripe 250 ml pack of 1,Produce,"{""brand"": ""Harvest"", ""size"": ""250 ml"", ""pack_qty"": 1}",none,12.6,express
N202240,Meadow double cream 250 ml pack of 2,Dairy,"{""brand"": ""Meadow"", ""size"": ""250 ml"", ""pack_qty"": 2}",milk,2.05,express
N201880,Valley double cream 6 pk pack of 6,Dairy,"{""brand"": ""Valley"", ""size"": ""6 pk"", ""pack_qty"": 6}",milk,18.08,supermarket
N201881,Harvest wholemeal bread 250 ml pack of 6,Bakery,"{""brand"": ""Harvest"", ""size"": ""250 ml"", ""pack_qty"": 6}",gluten;egg,0.48,supermarket
N201461,Meadow salted crisps 500 g pack of 1,Snacks,"{""brand"": ""Meadow"", ""size"": ""500 g"", ""pack_qty"": 1}",nuts;milk,14.59,online
N202173,Meadow rice cakes 750 g pack of 1,Snacks,"{""brand"": ""Meadow"", ""size"": ""750 g"", ""pack_qty"": 1}",nuts;milk,8.01,supermarket
N202538,Northfield gala apple 1 kg pack of 4,Produce,"{""brand"": ""Northfield"", ""size"": ""1 kg"", ""pack_qty"": 4}",none,4.01,online
N201046,Meadow glass cleaner 250 ml pack of 12,Household,"{""brand"": ""Meadow"", ""size"": ""250 ml"", ""pack_qty"": 12}",none,16.44,express
N200542,Meadow paper towel 2 L pack of 1,Household,"{""brand"": ""Meadow"", ""size"": ""2 L"", ""pack_qty"": 1}",none,1.7,online
N200608,Harvest whole milk 330 ml pack of 1,Dairy,"{""brand"": ""Harvest"", ""size"": ""330 ml"", ""pack_qty"": 1}",milk,5.17,supermarket
N200821,Harvest tortilla chips 500 g pack of 12,Snacks,"{""brand"": ""Harvest"", ""size"": ""500 g"", ""pack_qty"": 12}",nuts;milk,6.88,supermarket
N201414,Orchard bin liners 330 ml pack of 2,Household,"{""brand"": ""Orchard"", ""size"": ""330 ml"", ""pack_qty"": 2}",none,17.91,express
N202042,Valley cherry tomato 1 L pack of 6,Produce,"{""brand"": ""Valley"", ""size"": ""1 L"", ""pack_qty"": 6}",none,14.58,supermarket
N202311,Valley toothpaste mint 500 g pack of 1,Personal Care,"{""brand"": ""Valley"", ""size"": ""500 g"", ""pack_qty"": 1}",none,1.94,express
N200784,Meadow greek yogurt 250 ml pack of 6,Dairy,"{""brand"": ""Meadow"", ""size"": ""250 ml"", ""pack_qty"": 6}",milk,5.27,online
N201235,Orchard vanilla icecream 500 g pack of 12,Frozen,"{""brand"": ""Orchard"", ""size"": ""500 g"", ""pack_qty"": 12}",gluten;fish,13.4,supermarket
N200798,Harvest glass cleaner 750 g pack of 12,Household,"{""brand"": ""Harvest"", ""size"": ""750 g"", ""pack_qty"": 12}",none,14.08,express
N202313,Meadow butter croissant 500 g pack of 12,Bakery,"{""brand"": ""Meadow"", ""size"": ""500 g"", ""pack_qty"": 12}",gluten;egg,11.07,express
N202776,Harvest greek yogurt 2 L pack of 1,Dairy,"{""brand"": ""Harvest"", ""size"": ""2 L"", ""pack_qty"": 1}",milk,20.37,supermarket
N200632,Harvest double cream 1 L pack of 4,Dairy,"{""brand"": ""Harvest"", ""size"": ""1 L"", ""pack_qty"": 4}",milk,22.17,online
N202803,Harvest margherita pizza 250 ml pack of 6,Frozen,"{""brand"": ""Harvest"", ""size"": ""250 ml"", ""pack_qty"": 6}",gluten;fish,1.71,express
N202835,Orchard vanilla icecream 500 g pack of 1,Frozen,"{""brand"": ""Orchard"", ""size"": ""500 g"", ""pack_qty"": 1}",gluten;fish,23.33,supermarket
N201789,Northfield rice cakes 500 g pack of 4,Snacks,"{""brand"": ""Northfield"", ""size"": ""500 g"", ""pack_qty"": 4}",nuts;milk,11.1,online
N201048,Meadow greek yogurt 500 g pack of 4,Dairy,"{""brand"": ""Meadow"", ""size"": ""500 g"", ""pack_qty"": 4}",milk,8.89,online
N202271,Harvest hand soap 6 pk pack of 12,Personal Care,"{""brand"": ""Harvest"", ""size"": ""6 pk"", ""pack_qty"": 12}",none,14.89,express
N200042,Orchard baby spinach 750 g pack of 4,Produce,"{""brand"": ""Orchard"", ""size"": ""750 g"", ""pack_qty"": 4}",none,0.91,express
N202116,Northfield cola zero 2 L pack of 4,Beverages,"{""brand"": ""Northfield"", ""size"": ""2 L"", ""pack_qty"": 4}",none,14.3,express
N202070,Bluebell glass cleaner 1 kg pack of 12,Household,"{""brand"": ""Bluebell"", ""size"": ""1 kg"", ""pack_qty"": 12}",none,5.05,online
N200510,Bluebell glass cleaner 2 L pack of 2,Household,"{""brand"": ""Bluebell"", ""size"": ""2 L"", ""pack_qty"": 2}",none,16.59,express
N200788,Orchard oat drink 330 ml pack of 4,Beverages,"{""brand"": ""Orchard"", ""size"": ""330 ml"", ""pack_qty"": 4}",none,15.81,online
N201609,Harvest seeded bagel 250 ml pack of 1,Bakery,"{""brand"": ""Harvest"", ""size"": ""250 ml"", ""pack_qty"": 1}",gluten;egg,3.07,supermarket
N200516,Orchard orange juice 750 g pack of 4,Beverages,"{""brand"": ""Orchard"", ""size"": ""750 g"", ""pack_qty"": 4}",none,10.05,express
N200683,Orchard fish fingers 750 g pack of 12,Frozen,"{""brand"": ""Orchard"", ""size"": ""750 g"", ""pack_qty"": 12}",gluten;fish,0.66,express
N201019,Meadow garden peas 250 ml pack of 4,Frozen,"{""brand"": ""Meadow"", ""size"": ""250 ml"", ""pack_qty"": 4}",gluten;fish,7.64,online
N202464,Bluebell greek yogurt 750 g pack of 1,Dairy,"{""brand"": ""Bluebell"", ""size"": ""750 g"", ""pack_qty"": 1}",milk,7.54,express
N202449,Meadow seeded bagel 750 g pack of 4,Bakery,"{""brand"": ""Meadow"", ""size"": ""750 g"", ""pack_qty"": 4}",gluten;egg,22.84,express
N202004,Bluebell sparkling water 750 g pack of 12,Beverages,"{""brand"": ""Bluebell"", ""size"": ""750 g"", ""pack_qty"": 12}",none,9.4,express
N201230,Harvest dish soap 250 ml pack of 4,Household,"{""brand"": ""Harvest"", ""size"": ""250 ml"", ""pack_qty"": 4}",none,8.52,online
N202666,Valley gala apple 6 pk pack of 2,Produce,"{""brand"": ""Valley"", ""size"": ""6 pk"", ""pack_qty"": 2}",none,14.86,express
N201094,Orchard bin liners 330 ml pack of 4,Household,"{""brand"": ""Orchard"", ""size"": ""330 ml"", ""pack_qty"": 4}",none,15.05,online
N201197,Valley dark chocolate 500 g pack of 4,Snacks,"{""brand"": ""Valley"", ""size"": ""500 g"", ""pack_qty"": 4}",nuts;milk,13.44,online
N201620,Meadow oat drink 330 ml pack of 12,Beverages,"{""brand"": ""Meadow"", ""size"": ""330 ml"", ""pack_qty"": 12}",none,8.94,express
N201463,Orchard hand soap 1 L pack of 1,Personal Care,"{""brand"": ""Orchard"", ""size"": ""1 L"", ""pack_qty"": 1}",none,13.48,express
N200058,Valley gala apple 6 pk pack of 1,Produce,"{""brand"": ""Valley"", ""size"": ""6 pk"", ""pack_qty"": 1}",none,5.82,supermarket
N200257,Orchard sourdough loaf 250 ml pack of 4,Bakery,"{""brand"": ""Orchard"", ""size"": ""250 ml"", ""pack_qty"": 4}",gluten;egg,1.47,supermarket
N200189,Meadow tortilla chips 1 kg pack of 6,Snacks,"{""brand"": ""Meadow"", ""size"": ""1 kg"", ""pack_qty"": 6}",nuts;milk,8.47,supermarket
N202017,Valley butter croissant 1 kg pack of 12,Bakery,"{""brand"": ""Valley"", ""size"": ""1 kg"", ""pack_qty"": 12}",gluten;egg,6.85,supermarket
N202663,Bluebell shampoo daily 1 L pack of 4,Personal Care,"{""brand"": ""Bluebell"", ""size"": ""1 L"", ""pack_qty"": 4}",none,16.41,supermarket
N202459,Harvest garden peas 2 L pack of 6,Frozen,"{""brand"": ""Harvest"", ""size"": ""2 L"", ""pack_qty"": 6}",gluten;fish,4.23,supermarket
N201592,Bluebell cheddar cheese 1 L pack of 12,Dairy,"{""brand"": ""Bluebell"", ""size"": ""1 L"", ""pack_qty"": 12}",milk,8.09,supermarket
N200139,Valley garden peas 1 kg pack of 1,Frozen,"{""brand"": ""Valley"", ""size"": ""1 kg"", ""pack_qty"": 1}",gluten;fish,13.75,express
N201657,Valley seeded bagel 250 ml pack of 6,Bakery,"{""brand"": ""Valley"", ""size"": ""250 ml"", ""pack_qty"": 6}",gluten;egg,18.34,express
N201122,Bluebell avocado ripe 500 g pack of 1,Produce,"{""brand"": ""Bluebell"", ""size"": ""500 g"", ""pack_qty"": 1}",none,21.87,express
N201160,Valley double cream 2 L pack of 6,Dairy,"{""brand"": ""Valley"", ""size"": ""2 L"", ""pack_qty"": 6}",milk,4.21,express
N202193,Orchard wholemeal bread 1 L pack of 4,Bakery,"{""brand"": ""Orchard"", ""size"": ""1 L"", ""pack_qty"": 4}",gluten;egg,21.91,online
N200116,Bluebell sparkling water 750 g pack of 12,Beverages,"{""brand"": ""Bluebell"", ""size"": ""750 g"", ""pack_qty"": 12}",none,2.91,express
N200209,Northfield seeded bagel 500 g pack of 6,UNKNOWN_CAT,"{""brand"": ""Northfield"", ""size"": ""500 g"", ""pack_qty"": 6}",gluten;egg,1.83,express
N202082,Meadow gala apple 1 L pack of 4,Produce,"{""brand"": ""Meadow"", ""size"": ""1 L"", ""pack_qty"": 4}",none,4.82,supermarket
N201954,Meadow avocado ripe 2 L pack of 6,Produce,"{""brand"": ""Meadow"", ""size"": ""2 L"", ""pack_qty"": 6}",none,23.78,supermarket
N200929,Orchard butter croissant 1 L pack of 12,Bakery,"{""brand"": ""Orchard"", ""size"": ""1 L"", ""pack_qty"": 12}",gluten;egg,1.28,express
N200999,Bluebell body lotion 750 g pack of 2,Personal Care,"{""brand"": ""Bluebell"", ""size"": ""750 g"", ""pack_qty"": 2}",none,20.56,express
N201280,Valley cheddar cheese 6 pk pack of 6,Dairy,"{""brand"": ""Valley"", ""size"": ""6 pk"", ""pack_qty"": 6}",milk,19.05,online
N202561,Orchard blueberry muffin 1 L pack of 1,Bakery,"{""brand"": ""Orchard"", ""size"": ""1 L"", ""pack_qty"": 1}",gluten;egg,12.33,supermarket
N202009,Harvest wholemeal bread 1 kg pack of 4,Bakery,"{""brand"": ""Harvest"", ""size"": ""1 kg"", ""pack_qty"": 4}",gluten;egg,4.32,supermarket
N201554,Bluebell gala apple 500 g pack of 1,Produce,"{""brand"": ""Bluebell"", ""size"": ""500 g"", ""pack_qty"": 1}",none,19.56,supermarket
N201091,Bluebell mixed berries 750 g pack of 6,Frozen,"{""brand"": ""Bluebell"", ""size"": ""750 g"", ""pack_qty"": 6}",gluten;fish,15.21,online
N200077,Northfield rice cakes 500 g pack of 1,Snacks,"{""brand"": ""Northfield"", ""size"": ""500 g"", ""pack_qty"": 1}",nuts;milk,1.66,supermarket
N201537,Bluebell wholemeal bread 1 kg pack of 12,Bakery,"{""brand"": ""Bluebell"", ""size"": ""1 kg"", ""pack_qty"": 12}",gluten;egg,18.89,online
N201161,Orchard wholemeal bread 500 g pack of 1,Bakery,"{""brand"": ""Orchard"", ""size"": ""500 g"", ""pack_qty"": 1}",gluten;egg,7.04,online
N202881,Meadow sourdough loaf 2 L pack of 4,Bakery,"{""brand"": ""Meadow"", ""size"": ""2 L"", ""pack_qty"": 4}",gluten;egg,16.85,online
N201350,Bluebell paper towel 2 L pack of 12,Household,"{""brand"": ""Bluebell"", ""size"": ""2 L"", ""pack_qty"": 12}",none,6.52,supermarket
N202375,Northfield shampoo daily 1 L pack of 12,Personal Care,"{""brand"": ""Northfield"", ""size"": ""1 L"", ""pack_qty"": 12}",none,13.32,supermarket
N201725,Harvest rice cakes 1 kg pack of 12,Snacks,"{""brand"": ""Harvest"", ""size"": ""1 kg"", ""pack_qty"": 12}",nuts;milk,11.1,express
N201428,Meadow sparkling water 330 ml pack of 6,Beverages,"{""brand"": ""Meadow"", ""size"": ""330 ml"", ""pack_qty"": 6}",none,5.55,express
N201653,Bluebell tortilla chips 6 pk pack of 12,Snacks,"{""brand"": ""Bluebell"", ""size"": ""6 pk"", ""pack_qty"": 12}",nuts;milk,19.56,online
N202097,Meadow sourdough loaf 330 ml pack of 4,Bakery,"{""brand"": ""Meadow"", ""size"": ""330 ml"", ""pack_qty"": 4}",gluten;egg,21.12,supermarket
N202308,Orchard cola zero 2 L pack of 12,Beverages,"{""brand"": ""Orchard"", ""size"": ""2 L"", ""pack_qty"": 12}",none,5.37,online
N202941,Valley tortilla chips 500 g pack of 4,Snacks,"{""brand"": ""Valley"", ""size"": ""500 g"", ""pack_qty"": 4}",nuts;milk,17.85,express
N202010,Orchard cherry tomato 1 kg pack of 1,UNKNOWN_CAT,"{""brand"": ""Orchard"", ""size"": ""1 kg"", ""pack_qty"": 1}",none,17.83,supermarket
N202493,Meadow tortilla chips 6 pk pack of 6,Snacks,"{""brand"": ""Meadow"", ""size"": ""6 pk"", ""pack_qty"": 6}",nuts;milk,3.37,express
N201033,Bluebell butter croissant 1 L pack of 2,Bakery,"{""brand"": ""Bluebell"", ""size"": ""1 L"", ""pack_qty"": 2}",gluten;egg,7.97,supermarket
N202583,Northfield toothpaste mint 1 kg pack of 6,Personal Care,"{""brand"": ""Northfield"", ""size"": ""1 kg"", ""pack_qty"": 6}",none,14.73,express
N202301,Bluebell rice cakes 6 pk pack of 1,Snacks,"{""brand"": ""Bluebell"", ""size"": ""6 pk"", ""pack_qty"": 1}",nuts;milk,14.02,express
N202668,Northfield cold brew 2 L pack of 2,Beverages,"{""brand"": ""Northfield"", ""size"": ""2 L"", ""pack_qty"": 2}",none,1.67,online
N201061,Bluebell tortilla chips 750 g pack of 12,Snacks,"{""brand"": ""Bluebell"", ""size"": ""750 g"", ""pack_qty"": 12}",nuts;milk,17.63,online
N202095,Valley toothpaste mint 2 L pack of 4,Personal Care,"{""brand"": ""Valley"", ""size"": ""2 L"", ""pack_qty"": 4}",none,21.68,express
N200141,Harvest dark chocolate 750 g pack of 2,Snacks,"{""brand"": ""Harvest"", ""size"": ""750 g"", ""pack_qty"": 2}",nuts;milk,10.58,express
N201143,Bluebell toothpaste mint 1 L pack of 12,Personal Care,"{""brand"": ""Bluebell"", ""size"": ""1 L"", ""pack_qty"": 12}",none,6.09,online
N200490,Harvest cherry tomato 1 kg pack of 2,Produce,"{""brand"": ""Harvest"", ""size"": ""1 kg"", ""pack_qty"": 2}",none,14.71,supermarket
N202131,Northfield fish fingers 2 L pack of 4,Frozen,"{""brand"": ""Northfield"", ""size"": ""2 L"", ""pack_qty"": 4}",gluten;fish,13.91,express
N202578,Valley baby spinach 750 g pack of 6,Produce,"{""brand"": ""Valley"", ""size"": ""750 g"", ""pack_qty"": 6}",none,12.77,supermarket
N200110,Orchard glass cleaner 500 g pack of 6,Household,"{""brand"": ""Orchard"", ""size"": ""500 g"", ""pack_qty"": 6}",none,22.85,express
N201224,Northfield double cream 6 pk pack of 1,Dairy,"{""brand"": ""Northfield"", ""size"": ""6 pk"", ""pack_qty"": 1}",milk,21.87,online
N200162,Orchard gala apple 2 L pack of 2,Produce,"{""brand"": ""Orchard"", ""size"": ""2 L"", ""pack_qty"": 2}",none,13.13,online
N201267,Orchard garden peas 330 ml pack of 12,Frozen,"{""brand"": ""Orchard"", ""size"": ""330 ml"", ""pack_qty"": 12}",gluten;fish,5.98,online
N202909,Orchard tortilla chips 1 kg pack of 2,Snacks,"{""brand"": ""Orchard"", ""size"": ""1 kg"", ""pack_qty"": 2}",nuts;milk,1.45,supermarket
N201168,Northfield whole milk 2 L pack of 1,Dairy,"{""brand"": ""Northfield"", ""size"": ""2 L"", ""pack_qty"": 1}",milk,2.78,online
N200422,Harvest glass cleaner 500 g pack of 4,Household,"{""brand"": ""Harvest"", ""size"": ""500 g"", ""pack_qty"": 4}",none,11.68,online
N201710,Bluebell paper towel 330 ml pack of 1,Household,"{""brand"": ""Bluebell"", ""size"": ""330 ml"", ""pack_qty"": 1}",none,9.32,express
N202922,Orchard gala apple 250 ml pack of 1,Produce,"{""brand"": ""Orchard"", ""size"": ""250 ml"", ""pack_qty"": 1}",none,8.92,express
N200158,Harvest glass cleaner 6 pk pack of 1,Household,"{""brand"": ""Harvest"", ""size"": ""6 pk"", ""pack_qty"": 1}",none,5.9,supermarket
N202267,Orchard garden peas 1 L pack of 1,Frozen,"{""brand"": ""Orchard"", ""size"": ""1 L"", ""pack_qty"": 1}",gluten;fish,5.8,supermarket
N201514,Meadow gala apple 2 L pack of 4,Produce,"{""brand"": ""Meadow"", ""size"": ""2 L"", ""pack_qty"": 4}",none,14.88,online
N202632,Bluebell whole milk 250 ml pack of 1,Dairy,"{""brand"": ""Bluebell"", ""size"": ""250 ml"", ""pack_qty"": 1}",milk,0.55,online
N200814,Bluebell paper towel 330 ml pack of 2,UNKNOWN_CAT,"{""brand"": ""Bluebell"", ""size"": ""330 ml"", ""pack_qty"": 2}",none,10.58,supermarket
N200275,Northfield fish fingers 1 kg pack of 1,Frozen,"{""brand"": ""Northfield"", ""size"": ""1 kg"", ""pack_qty"": 1}",gluten;fish,11.78,online
N201055,Northfield body lotion 330 ml pack of 2,Personal Care,"{""brand"": ""Northfield"", ""size"": ""330 ml"", ""pack_qty"": 2}",none,10.4,online
N202495,Valley body lotion 250 ml pack of 12,Personal Care,"{""brand"": ""Valley"", ""size"": ""250 ml"", ""pack_qty"": 12}",none,6.87,online
N201332,Valley cold brew 1 kg pack of 1,Beverages,"{""brand"": ""Valley"", ""size"": ""1 kg"", ""pack_qty"": 1}",none,14.07,supermarket
N202616,Bluebell cheddar cheese 1 kg pack of 1,Dairy,"{""brand"": ""Bluebell"", ""size"": ""1 kg"", ""pack_qty"": 1}",milk,5.83,supermarket
N202123,Bluebell margherita pizza 2 L pack of 6,Frozen,"{""brand"": ""Bluebell"", ""size"": ""2 L"", ""pack_qty"": 6}",gluten;fish,3.57,online
N202089,Harvest sourdough loaf 250 ml pack of 6,Bakery,"{""brand"": ""Harvest"", ""size"": ""250 ml"", ""pack_qty"": 6}",gluten;egg,7.75,express
N202808,Meadow cheddar cheese 2 L pack of 4,Dairy,"{""brand"": ""Meadow"", ""size"": ""2 L"", ""pack_qty"": 4}",milk,19.14,supermarket
N200826,Meadow avocado ripe 330 ml pack of 6,Produce,"{""brand"": ""Meadow"", ""size"": ""330 ml"", ""pack_qty"": 6}",none,14.8,express
N200068,Meadow orange juice 2 L pack of 1,Beverages,"{""brand"": ""Meadow"", ""size"": ""2 L"", ""pack_qty"": 1}",none,19.97,supermarket
N201649,Meadow seeded bagel 1 kg pack of 12,Bakery,"{""brand"": ""Meadow"", ""size"": ""1 kg"", ""pack_qty"": 12}",gluten;egg,5.67,express
N201321,Meadow butter croissant 500 g pack of 6,Bakery,"{""brand"": ""Meadow"", ""size"": ""500 g"", ""pack_qty"": 6}",gluten;egg,20.45,express
N202274,Harvest avocado ripe 2 L pack of 1,Produce,"{""brand"": ""Harvest"", ""size"": ""2 L"", ""pack_qty"": 1}",none,6.52,supermarket
N201803,Northfield fish fingers 750 g pack of 1,Frozen,"{""brand"": ""Northfield"", ""size"": ""750 g"", ""pack_qty"": 1}",gluten;fish,4.0,online
N201888,Orchard whole milk 1 L pack of 1,Dairy,"{""brand"": ""Orchard"", ""size"": ""1 L"", ""pack_qty"": 1}",milk,17.28,express
N201407,Valley shampoo daily 1 L pack of 12,Personal Care,"{""brand"": ""Valley"", ""size"": ""1 L"", ""pack_qty"": 12}",none,11.85,supermarket
N202774,Valley bin liners 330 ml pack of 12,Household,"{""brand"": ""Valley"", ""size"": ""330 ml"", ""pack_qty"": 12}",none,9.94,supermarket
N200308,Valley oat drink 750 g pack of 2,Beverages,"{""brand"": ""Valley"", ""size"": ""750 g"", ""pack_qty"": 2}",none,6.16,express
N201190,Northfield paper towel 2 L pack of 1,Household,"{""brand"": ""Northfield"", ""size"": ""2 L"", ""pack_qty"": 1}",none,9.94,express
N201503,Orchard toothpaste mint 330 ml pack of 4,Personal Care,"{""brand"": ""Orchard"", ""size"": ""330 ml"", ""pack_qty"": 4}",none,21.3,supermarket
N200127,Harvest shampoo daily 2 L pack of 4,Personal Care,"{""brand"": ""Harvest"", ""size"": ""2 L"", ""pack_qty"": 4}",none,14.83,online
N201618,Northfield gala apple 500 g pack of 2,Produce,"{""brand"": ""Northfield"", ""size"": ""500 g"", ""pack_qty"": 2}",none,16.83,online
N202825,Bluebell blueberry muffin 500 g pack of 1,Bakery,"{""brand"": ""Bluebell"", ""size"": ""500 g"", ""pack_qty"": 1}",gluten;egg,13.96,online
N202911,Harvest hand soap 1 kg pack of 1,Personal Care,"{""brand"": ""Harvest"", ""size"": ""1 kg"", ""pack_qty"": 1}",none,3.2,online
N200057,Harvest seeded bagel 750 g pack of 2,Bakery,"{""brand"": ""Harvest"", ""size"": ""750 g"", ""pack_qty"": 2}",gluten;egg,12.22,online
N200513,Harvest seeded bagel 330 ml pack of 2,Bakery,"{""brand"": ""Harvest"", ""size"": ""330 ml"", ""pack_qty"": 2}",gluten;egg,13.48,supermarket
N200539,Northfield margherita pizza 1 kg pack of 4,Frozen,"{""brand"": ""Northfield"", ""size"": ""1 kg"", ""pack_qty"": 4}",gluten;fish,10.93,online
N202461,Northfield rice cakes 500 g pack of 12,Snacks,"{""brand"": ""Northfield"", ""size"": ""500 g"", ""pack_qty"": 12}",nuts;milk,13.88,express
N200649,Orchard butter croissant 750 g pack of 4,Bakery,"{""brand"": ""Orchard"", ""size"": ""750 g"", ""pack_qty"": 4}",gluten;egg,20.91,online
N200570,Bluebell cherry tomato 1 kg pack of 2,Produce,"{""brand"": ""Bluebell"", ""size"": ""1 kg"", ""pack_qty"": 2}",none,8.31,supermarket
N200727,Orchard razor blades 250 ml pack of 1,Personal Care,"{""brand"": ""Orchard"", ""size"": ""250 ml"", ""pack_qty"": 1}",none,4.48,online
N200728,Orchard greek yogurt 6 pk pack of 2,Dairy,"{""brand"": ""Orchard"", ""size"": ""6 pk"", ""pack_qty"": 2}",milk,13.22,supermarket
N200802,Orchard cherry tomato 750 g pack of 1,Produce,"{""brand"": ""Orchard"", ""size"": ""750 g"", ""pack_qty"": 1}",none,4.31,supermarket
N201595,Harvest mixed berries 2 L pack of 6,Frozen,"{""brand"": ""Harvest"", ""size"": ""2 L"", ""pack_qty"": 6}",gluten;fish,22.83,online
N201310,Orchard bin liners 500 g pack of 4,Household,"{""brand"": ""Orchard"", ""size"": ""500 g"", ""pack_qty"": 4}",none,21.94,supermarket
N202882,Meadow avocado ripe 2 L pack of 1,Produce,"{""brand"": ""Meadow"", ""size"": ""2 L"", ""pack_qty"": 1}",none,12.13,express
N202609,Bluebell sourdough loaf 250 ml pack of 1,Bakery,"{""brand"": ""Bluebell"", ""size"": ""250 ml"", ""pack_qty"": 1}",gluten;egg,1.01,express
N201176,Meadow cheddar cheese 1 L pack of 12,Dairy,"{""brand"": ""Meadow"", ""size"": ""1 L"", ""pack_qty"": 12}",milk,7.9,express
N201194,Bluebell avocado ripe 1 kg pack of 6,Produce,"{""brand"": ""Bluebell"", ""size"": ""1 kg"", ""pack_qty"": 6}",none,3.41,online
N202981,Valley rice cakes 1 L pack of 4,Snacks,"{""brand"": ""Valley"", ""size"": ""1 L"", ""pack_qty"": 4}",nuts;milk,5.85,online
N202185,Valley seeded bagel 1 L pack of 12,Bakery,"{""brand"": ""Valley"", ""size"": ""1 L"", ""pack_qty"": 12}",gluten;egg,19.75,online
N200147,Valley margherita pizza 1 kg pack of 6,Frozen,"{""brand"": ""Valley"", ""size"": ""1 kg"", ""pack_qty"": 6}",gluten;fish,17.93,supermarket
N201099,Bluebell vanilla icecream 2 L pack of 4,Frozen,"{""brand"": ""Bluebell"", ""size"": ""2 L"", ""pack_qty"": 4}",gluten;fish,7.09,supermarket
N200163,Valley mixed berries 750 g pack of 2,Frozen,"{""brand"": ""Valley"", ""size"": ""750 g"", ""pack_qty"": 2}",gluten;fish,18.54,express
N201282,Harvest gala apple 750 g pack of 2,Produce,"{""brand"": ""Harvest"", ""size"": ""750 g"", ""pack_qty"": 2}",none,12.99,online
N202327,Orchard body lotion 330 ml pack of 12,Personal Care,"{""brand"": ""Orchard"", ""size"": ""330 ml"", ""pack_qty"": 12}",none,5.27,supermarket
N200818,Orchard gala apple 250 ml pack of 4,Produce,"{""brand"": ""Orchard"", ""size"": ""250 ml"", ""pack_qty"": 4}",none,3.32,online
N202205,Bluebell rice cakes 750 g pack of 4,Snacks,"{""brand"": ""Bluebell"", ""size"": ""750 g"", ""pack_qty"": 4}",nuts;milk,5.03,express
N201820,Valley cola zero 1 L pack of 1,Beverages,"{""brand"": ""Valley"", ""size"": ""1 L"", ""pack_qty"": 1}",none,23.37,supermarket
N200277,Harvest salted crisps 1 L pack of 12,Snacks,"{""brand"": ""Harvest"", ""size"": ""1 L"", ""pack_qty"": 12}",nuts;milk,3.21,supermarket
N201669,Harvest rice cakes 1 L pack of 6,Snacks,"{""brand"": ""Harvest"", ""size"": ""1 L"", ""pack_qty"": 6}",nuts;milk,11.31,express
N201299,Meadow fish fingers 1 L pack of 1,Frozen,"{""brand"": ""Meadow"", ""size"": ""1 L"", ""pack_qty"": 1}",gluten;fish,7.1,online
N200599,Northfield hand soap 250 ml pack of 4,Personal Care,"{""brand"": ""Northfield"", ""size"": ""250 ml"", ""pack_qty"": 4}",none,6.03,supermarket
N200416,Valley greek yogurt 250 ml pack of 4,Dairy,"{""brand"": ""Valley"", ""size"": ""250 ml"", ""pack_qty"": 4}",milk,22.72,online
N202586,Valley baby spinach 500 g pack of 12,Produce,"{""brand"": ""Valley"", ""size"": ""500 g"", ""pack_qty"": 12}",none,18.97,supermarket
N201822,Bluebell glass cleaner 1 L pack of 2,Household,"{""brand"": ""Bluebell"", ""size"": ""1 L"", ""pack_qty"": 2}",none,11.32,express
N201372,Valley orange juice 1 L pack of 4,Beverages,"{""brand"": ""Valley"", ""size"": ""1 L"", ""pack_qty"": 4}",none,19.63,online
N201692,Northfield oat drink 750 g pack of 2,Beverages,"{""brand"": ""Northfield"", ""size"": ""750 g"", ""pack_qty"": 2}",none,13.65,express
N200053,Orchard trail mix 1 L pack of 12,Snacks,"{""brand"": ""Orchard"", ""size"": ""1 L"", ""pack_qty"": 12}",nuts;milk,18.02,supermarket
N201567,Meadow toothpaste mint 6 pk pack of 6,Personal Care,"{""brand"": ""Meadow"", ""size"": ""6 pk"", ""pack_qty"": 6}",none,3.78,online
N202328,Northfield double cream 6 pk pack of 1,Dairy,"{""brand"": ""Northfield"", ""size"": ""6 pk"", ""pack_qty"": 1}",milk,12.5,supermarket
N200971,Bluebell margherita pizza 2 L pack of 12,Frozen,"{""brand"": ""Bluebell"", ""size"": ""2 L"", ""pack_qty"": 12}",gluten;fish,20.09,supermarket
N202720,Meadow double cream 750 g pack of 6,Dairy,"{""brand"": ""Meadow"", ""size"": ""750 g"", ""pack_qty"": 6}",milk,1.15,online
N202183,Northfield body lotion 6 pk pack of 1,Personal Care,"{""brand"": ""Northfield"", ""size"": ""6 pk"", ""pack_qty"": 1}",none,17.03,supermarket
N201544,Northfield cheddar cheese 250 ml pack of 6,Dairy,"{""brand"": ""Northfield"", ""size"": ""250 ml"", ""pack_qty"": 6}",milk,8.77,supermarket
N201283,Orchard mixed berries 750 g pack of 2,Frozen,"{""brand"": ""Orchard"", ""size"": ""750 g"", ""pack_qty"": 2}",gluten;fish,2.93,online
N201451,Valley mixed berries 2 L pack of 12,Frozen,"{""brand"": ""Valley"", ""size"": ""2 L"", ""pack_qty"": 12}",gluten;fish,14.12,supermarket
N201136,Meadow whole milk 2 L pack of 1,Dairy,"{""brand"": ""Meadow"", ""size"": ""2 L"", ""pack_qty"": 1}",milk,12.05,online
N202840,Orchard double cream 750 g pack of 2,Dairy,"{""brand"": ""Orchard"", ""size"": ""750 g"", ""pack_qty"": 2}",milk,18.96,supermarket
N200914,Orchard avocado ripe 330 ml pack of 6,Produce,"{""brand"": ""Orchard"", ""size"": ""330 ml"", ""pack_qty"": 6}",none,22.18,online
N201113,Orchard blueberry muffin 1 L pack of 1,Bakery,"{""brand"": ""Orchard"", ""size"": ""1 L"", ""pack_qty"": 1}",gluten;egg,3.55,express
N202846,Bluebell laundry pods 330 ml pack of 1,Household,"{""brand"": ""Bluebell"", ""size"": ""330 ml"", ""pack_qty"": 1}",none,23.45,express
N200955,Northfield garden peas 500 g pack of 6,Frozen,"{""brand"": ""Northfield"", ""size"": ""500 g"", ""pack_qty"": 6}",gluten;fish,16.26,express
N201201,Orchard sourdough loaf 2 L pack of 12,Bakery,"{""brand"": ""Orchard"", ""size"": ""2 L"", ""pack_qty"": 12}",gluten;egg,4.89,online
N202822,Bluebell glass cleaner 330 ml pack of 1,Household,"{""brand"": ""Bluebell"", ""size"": ""330 ml"", ""pack_qty"": 1}",none,8.74,online
N202823,Harvest body lotion 500 g pack of 12,Personal Care,"{""brand"": ""Harvest"", ""size"": ""500 g"", ""pack_qty"": 12}",none,8.56,express
N201295,Orchard razor blades 250 ml pack of 4,Personal Care,"{""brand"": ""Orchard"", ""size"": ""250 ml"", ""pack_qty"": 4}",none,2.53,express
N200886,Harvest dish soap 500 g pack of 12,Household,"{""brand"": ""Harvest"", ""size"": ""500 g"", ""pack_qty"": 12}",none,18.36,supermarket
N202861,Northfield dark chocolate 6 pk pack of 12,Snacks,"{""brand"": ""Northfield"", ""size"": ""6 pk"", ""pack_qty"": 12}",nuts;milk,15.39,supermarket
N200101,Orchard trail mix 250 ml pack of 6,Snacks,"{""brand"": ""Orchard"", ""size"": ""250 ml"", ""pack_qty"": 6}",nuts;milk,18.43,express
N200960,Meadow greek yogurt 1 kg pack of 2,Dairy,"{""brand"": ""Meadow"", ""size"": ""1 kg"", ""pack_qty"": 2}",milk,14.21,online
N200226,Orchard baby spinach 2 L pack of 2,UNKNOWN_CAT,"{""brand"": ""Orchard"", ""size"": ""2 L"", ""pack_qty"": 2}",none,2.24,online
N201859,Meadow fish fingers 500 g pack of 6,Frozen,"{""brand"": ""Meadow"", ""size"": ""500 g"", ""pack_qty"": 6}",gluten;fish,13.98,express
N200705,Orchard seeded bagel 330 ml pack of 2,Bakery,"{""brand"": ""Orchard"", ""size"": ""330 ml"", ""pack_qty"": 2}",gluten;egg,10.93,express
N200924,Orchard orange juice 500 g pack of 1,Beverages,"{""brand"": ""Orchard"", ""size"": ""500 g"", ""pack_qty"": 1}",none,22.92,supermarket
N200977,Meadow wholemeal bread 750 g pack of 4,Bakery,"{""brand"": ""Meadow"", ""size"": ""750 g"", ""pack_qty"": 4}",gluten;egg,15.95,express
N202188,Harvest orange juice 250 ml pack of 4,Beverages,"{""brand"": ""Harvest"", ""size"": ""250 ml"", ""pack_qty"": 4}",none,10.38,supermarket
N202404,Harvest orange juice 1 L pack of 12,Beverages,"{""brand"": ""Harvest"", ""size"": ""1 L"", ""pack_qty"": 12}",none,22.66,online
N200732,Northfield oat drink 1 kg pack of 4,Beverages,"{""brand"": ""Northfield"", ""size"": ""1 kg"", ""pack_qty"": 4}",none,14.65,supermarket
N200730,Orchard cherry tomato 6 pk pack of 1,Produce,"{""brand"": ""Orchard"", ""size"": ""6 pk"", ""pack_qty"": 1}",none,6.59,supermarket
N201938,Harvest gala apple 330 ml pack of 6,Produce,"{""brand"": ""Harvest"", ""size"": ""330 ml"", ""pack_qty"": 6}",none,12.32,supermarket
N201498,Meadow banana bunch 6 pk pack of 4,Produce,"{""brand"": ""Meadow"", ""size"": ""6 pk"", ""pack_qty"": 4}",none,15.81,supermarket
N201958,Valley laundry pods 1 L pack of 1,Household,"{""brand"": ""Valley"", ""size"": ""1 L"", ""pack_qty"": 1}",none,8.35,online
N201800,Bluebell greek yogurt 6 pk pack of 4,Dairy,"{""brand"": ""Bluebell"", ""size"": ""6 pk"", ""pack_qty"": 4}",milk,12.71,express
N202593,Northfield wholemeal bread 750 g pack of 4,Bakery,"{""brand"": ""Northfield"", ""size"": ""750 g"", ""pack_qty"": 4}",gluten;egg,1.12,online
N202266,Northfield baby spinach 750 g pack of 1,Produce,"{""brand"": ""Northfield"", ""size"": ""750 g"", ""pack_qty"": 1}",none,4.43,supermarket
N202523,Northfield vanilla icecream 330 ml pack of 4,Frozen,"{""brand"": ""Northfield"", ""size"": ""330 ml"", ""pack_qty"": 4}",gluten;fish,13.8,supermarket
N202094,Orchard laundry pods 330 ml pack of 2,Household,"{""brand"": ""Orchard"", ""size"": ""330 ml"", ""pack_qty"": 2}",none,21.3,express
N202863,Harvest razor blades 1 L pack of 12,Personal Care,"{""brand"": ""Harvest"", ""size"": ""1 L"", ""pack_qty"": 12}",none,23.92,supermarket
N201705,Harvest wholemeal bread 330 ml pack of 6,Bakery,"{""brand"": ""Harvest"", ""size"": ""330 ml"", ""pack_qty"": 6}",gluten;egg,9.5,online
N200104,Valley salted butter 2 L pack of 4,Dairy,"{""brand"": ""Valley"", ""size"": ""2 L"", ""pack_qty"": 4}",milk,18.67,supermarket
N202855,Valley hand soap 1 kg pack of 2,Personal Care,"{""brand"": ""Valley"", ""size"": ""1 kg"", ""pack_qty"": 2}",none,10.94,express
N201435,Meadow margherita pizza 2 L pack of 2,Frozen,"{""brand"": ""Meadow"", ""size"": ""2 L"", ""pack_qty"": 2}",gluten;fish,14.78,express
N202887,Orchard shampoo daily 1 L pack of 6,Personal Care,"{""brand"": ""Orchard"", ""size"": ""1 L"", ""pack_qty"": 6}",none,22.76,supermarket
N200465,Harvest sourdough loaf 1 kg pack of 4,Bakery,"{""brand"": ""Harvest"", ""size"": ""1 kg"", ""pack_qty"": 4}",gluten;egg,11.71,express
N201929,Harvest sourdough loaf 750 g pack of 4,Bakery,"{""brand"": ""Harvest"", ""size"": ""750 g"", ""pack_qty"": 4}",gluten;egg,10.74,online
N200936,Harvest cheddar cheese 250 ml pack of 4,Dairy,"{""brand"": ""Harvest"", ""size"": ""250 ml"", ""pack_qty"": 4}",milk,8.04,online
N201981,Bluebell rice cakes 2 L pack of 1,Snacks,"{""brand"": ""Bluebell"", ""size"": ""2 L"", ""pack_qty"": 1}",nuts;milk,21.77,online
N201991,Orchard razor blades 330 ml pack of 6,Personal Care,"{""brand"": ""Orchard"", ""size"": ""330 ml"", ""pack_qty"": 6}",none,8.93,online
N202080,Northfield salted butter 500 g pack of 1,Dairy,"{""brand"": ""Northfield"", ""size"": ""500 g"", ""pack_qty"": 1}",milk,4.13,online
N200020,Meadow sparkling water 1 L pack of 4,Beverages,"{""brand"": ""Meadow"", ""size"": ""1 L"", ""pack_qty"": 4}",none,20.54,supermarket
N200214,Valley glass cleaner 330 ml pack of 2,Household,"{""brand"": ""Valley"", ""size"": ""330 ml"", ""pack_qty"": 2}",none,8.01,express
N201296,Northfield salted butter 250 ml pack of 12,Dairy,"{""brand"": ""Northfield"", ""size"": ""250 ml"", ""pack_qty"": 12}",milk,3.74,supermarket
N201543,Bluebell toothpaste mint 1 kg pack of 6,Personal Care,"{""brand"": ""Bluebell"", ""size"": ""1 kg"", ""pack_qty"": 6}",none,3.86,express
N202414,Harvest bin liners 6 pk pack of 12,Household,"{""brand"": ""Harvest"", ""size"": ""6 pk"", ""pack_qty"": 12}",none,2.55,online
N200885,Valley rice cakes 1 L pack of 1,Snacks,"{""brand"": ""Valley"", ""size"": ""1 L"", ""pack_qty"": 1}",nuts;milk,22.9,supermarket
N202832,Meadow double cream 1 kg pack of 2,Dairy,"{""brand"": ""Meadow"", ""size"": ""1 kg"", ""pack_qty"": 2}",milk,8.11,express
N201707,Meadow vanilla icecream 1 kg pack of 6,Frozen,"{""brand"": ""Meadow"", ""size"": ""1 kg"", ""pack_qty"": 6}",gluten;fish,8.54,online
N200639,Northfield razor blades 1 L pack of 12,Personal Care,"{""brand"": ""Northfield"", ""size"": ""1 L"", ""pack_qty"": 12}",none,13.08,express
N201042,Harvest banana bunch 1 L pack of 2,Produce,"{""brand"": ""Harvest"", ""size"": ""1 L"", ""pack_qty"": 2}",none,20.68,online
N201661,Bluebell trail mix 330 ml pack of 6,Snacks,"{""brand"": ""Bluebell"", ""size"": ""330 ml"", ""pack_qty"": 6}",nuts;milk,7.49,online
N202509,Northfield trail mix 6 pk pack of 1,Snacks,"{""brand"": ""Northfield"", ""size"": ""6 pk"", ""pack_qty"": 1}",nuts;milk,17.55,supermarket
N200017,Northfield butter croissant 2 L pack of 6,Bakery,"{""brand"": ""Northfield"", ""size"": ""2 L"", ""pack_qty"": 6}",gluten;egg,13.74,express
N201970,Northfield gala apple 750 g pack of 12,Produce,"{""brand"": ""Northfield"", ""size"": ""750 g"", ""pack_qty"": 12}",none,0.73,online
N202573,Bluebell tortilla chips 500 g pack of 12,Snacks,"{""brand"": ""Bluebell"", ""size"": ""500 g"", ""pack_qty"": 12}",nuts;milk,16.83,express
N200063,Harvest shampoo daily 250 ml pack of 4,Personal Care,"{""brand"": ""Harvest"", ""size"": ""250 ml"", ""pack_qty"": 4}",none,22.95,express
N202611,Harvest mixed berries 1 kg pack of 6,Frozen,"{""brand"": ""Harvest"", ""size"": ""1 kg"", ""pack_qty"": 6}",gluten;fish,22.68,express
N201116,Northfield cola zero 250 ml pack of 12,Beverages,"{""brand"": ""Northfield"", ""size"": ""250 ml"", ""pack_qty"": 12}",none,13.31,online
N202025,Harvest sourdough loaf 1 kg pack of 12,Bakery,"{""brand"": ""Harvest"", ""size"": ""1 kg"", ""pack_qty"": 12}",gluten;egg,11.72,supermarket
N202507,Bluebell garden peas 1 kg pack of 4,Frozen,"{""brand"": ""Bluebell"", ""size"": ""1 kg"", ""pack_qty"": 4}",gluten;fish,19.23,express
N202763,Harvest fish fingers 6 pk pack of 4,Frozen,"{""brand"": ""Harvest"", ""size"": ""6 pk"", ""pack_qty"": 4}",gluten;fish,13.01,online
N202428,Northfield cold brew 1 L pack of 1,Beverages,"{""brand"": ""Northfield"", ""size"": ""1 L"", ""pack_qty"": 1}",none,0.83,online
N202353,Northfield seeded bagel 6 pk pack of 2,Bakery,"{""brand"": ""Northfield"", ""size"": ""6 pk"", ""pack_qty"": 2}",gluten;egg,16.17,express
N201638,Bluebell glass cleaner 750 g pack of 1,Household,"{""brand"": ""Bluebell"", ""size"": ""750 g"", ""pack_qty"": 1}",none,22.87,online
N201011,Northfield fish fingers 1 L pack of 2,Frozen,"{""brand"": ""Northfield"", ""size"": ""1 L"", ""pack_qty"": 2}",gluten;fish,13.24,online
N201366,Orchard glass cleaner 6 pk pack of 12,Household,"{""brand"": ""Orchard"", ""size"": ""6 pk"", ""pack_qty"": 12}",none,14.21,express
N202401,Meadow blueberry muffin 6 pk pack of 12,Bakery,"{""brand"": ""Meadow"", ""size"": ""6 pk"", ""pack_qty"": 12}",gluten;egg,4.86,online
N202344,Meadow greek yogurt 6 pk pack of 2,Dairy,"{""brand"": ""Meadow"", ""size"": ""6 pk"", ""pack_qty"": 2}",milk,9.79,online
N201612,Orchard oat drink 500 g pack of 2,Beverages,"{""brand"": ""Orchard"", ""size"": ""500 g"", ""pack_qty"": 2}",none,15.1,online
N202104,Valley whole milk 1 kg pack of 1,Dairy,"{""brand"": ""Valley"", ""size"": ""1 kg"", ""pack_qty"": 1}",milk,4.4,online
N201243,Harvest mixed berries 500 g pack of 6,Frozen,"{""brand"": ""Harvest"", ""size"": ""500 g"", ""pack_qty"": 6}",gluten;fish,1.63,express
N201993,Northfield blueberry muffin 750 g pack of 12,Bakery,"{""brand"": ""Northfield"", ""size"": ""750 g"", ""pack_qty"": 12}",gluten;egg,18.95,supermarket
N201557,Valley salted crisps 500 g pack of 1,Snacks,"{""brand"": ""Valley"", ""size"": ""500 g"", ""pack_qty"": 1}",nuts;milk,18.04,express
N200125,Orchard trail mix 2 L pack of 4,Snacks,"{""brand"": ""Orchard"", ""size"": ""2 L"", ""pack_qty"": 4}",nuts;milk,20.49,express
N200756,Valley oat drink 6 pk pack of 6,Beverages,"{""brand"": ""Valley"", ""size"": ""6 pk"", ""pack_qty"": 6}",none,16.08,supermarket
N200208,Meadow cheddar cheese 1 L pack of 4,Dairy,"{""brand"": ""Meadow"", ""size"": ""1 L"", ""pack_qty"": 4}",milk,7.78,supermarket
N202016,Harvest double cream 6 pk pack of 1,Dairy,"{""brand"": ""Harvest"", ""size"": ""6 pk"", ""pack_qty"": 1}",milk,14.18,supermarket
N200011,Harvest margherita pizza 2 L pack of 12,Frozen,"{""brand"": ""Harvest"", ""size"": ""2 L"", ""pack_qty"": 12}",gluten;fish,20.05,express
N202994,Meadow avocado ripe 1 kg pack of 12,Produce,"{""brand"": ""Meadow"", ""size"": ""1 kg"", ""pack_qty"": 12}",none,1.62,express
N202126,Bluebell glass cleaner 750 g pack of 6,Household,"{""brand"": ""Bluebell"", ""size"": ""750 g"", ""pack_qty"": 6}",none,4.04,online
N200779,Bluebell fish fingers 1 kg pack of 1,Frozen,"{""brand"": ""Bluebell"", ""size"": ""1 kg"", ""pack_qty"": 1}",gluten;fish,21.47,express
N201431,Bluebell razor blades 250 ml pack of 2,Personal Care,"{""brand"": ""Bluebell"", ""size"": ""250 ml"", ""pack_qty"": 2}",none,12.95,supermarket
N200432,Valley salted butter 500 g pack of 6,Dairy,"{""brand"": ""Valley"", ""size"": ""500 g"", ""pack_qty"": 6}",milk,21.51,online
N202369,Meadow sourdough loaf 250 ml pack of 6,Bakery,"{""brand"": ""Meadow"", ""size"": ""250 ml"", ""pack_qty"": 6}",gluten;egg,16.64,supermarket
N201741,Orchard salted crisps 6 pk pack of 6,Snacks,"{""brand"": ""Orchard"", ""size"": ""6 pk"", ""pack_qty"": 6}",nuts;milk,1.94,express
N202237,Harvest salted crisps 6 pk pack of 4,Snacks,"{""brand"": ""Harvest"", ""size"": ""6 pk"", ""pack_qty"": 4}",nuts;milk,2.53,online
N201780,Valley cola zero 6 pk pack of 4,Beverages,"{""brand"": ""Valley"", ""size"": ""6 pk"", ""pack_qty"": 4}",none,19.72,online
N200098,Valley baby spinach 250 ml pack of 6,Produce,"{""brand"": ""Valley"", ""size"": ""250 ml"", ""pack_qty"": 6}",none,19.16,online
N200427,Valley margherita pizza 2 L pack of 1,Frozen,"{""brand"": ""Valley"", ""size"": ""2 L"", ""pack_qty"": 1}",gluten;fish,15.29,online
N202347,Harvest garden peas 500 g pack of 6,Frozen,"{""brand"": ""Harvest"", ""size"": ""500 g"", ""pack_qty"": 6}",gluten;fish,13.95,online
N202101,Orchard salted crisps 250 ml pack of 12,Snacks,"{""brand"": ""Orchard"", ""size"": ""250 ml"", ""pack_qty"": 12}",nuts;milk,17.12,express
N200288,Valley salted butter 2 L pack of 4,Dairy,"{""brand"": ""Valley"", ""size"": ""2 L"", ""pack_qty"": 4}",milk,15.97,express
N202079,Valley toothpaste mint 2 L pack of 4,Personal Care,"{""brand"": ""Valley"", ""size"": ""2 L"", ""pack_qty"": 4}",none,17.86,express
N200740,Meadow oat drink 2 L pack of 12,Beverages,"{""brand"": ""Meadow"", ""size"": ""2 L"", ""pack_qty"": 12}",none,15.8,online
N202993,Northfield butter croissant 250 ml pack of 4,Bakery,"{""brand"": ""Northfield"", ""size"": ""250 ml"", ""pack_qty"": 4}",gluten;egg,5.05,express
N201683,Meadow mixed berries 330 ml pack of 2,Frozen,"{""brand"": ""Meadow"", ""size"": ""330 ml"", ""pack_qty"": 2}",gluten;fish,20.4,express
N202802,Harvest gala apple 500 g pack of 4,Produce,"{""brand"": ""Harvest"", ""size"": ""500 g"", ""pack_qty"": 4}",none,18.52,online
N200310,Northfield bin liners 6 pk pack of 6,Household,"{""brand"": ""Northfield"", ""size"": ""6 pk"", ""pack_qty"": 6}",none,18.4,supermarket
N200358,Valley bin liners 250 ml pack of 1,Household,"{""brand"": ""Valley"", ""size"": ""250 ml"", ""pack_qty"": 1}",none,20.52,online
N201015,Valley shampoo daily 330 ml pack of 2,Personal Care,"{""brand"": ""Valley"", ""size"": ""330 ml"", ""pack_qty"": 2}",none,19.26,supermarket
N200499,Bluebell mixed berries 330 ml pack of 1,Frozen,"{""brand"": ""Bluebell"", ""size"": ""330 ml"", ""pack_qty"": 1}",gluten;fish,11.01,express
N201697,Meadow wholemeal bread 2 L pack of 6,Bakery,"{""brand"": ""Meadow"", ""size"": ""2 L"", ""pack_qty"": 6}",gluten;egg,3.89,express
N200178,Meadow baby spinach 1 L pack of 12,Produce,"{""brand"": ""Meadow"", ""size"": ""1 L"", ""pack_qty"": 12}",none,10.11,supermarket
N200375,Orchard razor blades 500 g pack of 6,Personal Care,"{""brand"": ""Orchard"", ""size"": ""500 g"", ""pack_qty"": 6}",none,16.46,supermarket
N202041,Northfield blueberry muffin 750 g pack of 4,Bakery,"{""brand"": ""Northfield"", ""size"": ""750 g"", ""pack_qty"": 4}",gluten;egg,8.41,online
N202186,Meadow banana bunch 250 ml pack of 4,Produce,"{""brand"": ""Meadow"", ""size"": ""250 ml"", ""pack_qty"": 4}",none,1.36,express
N201169,Bluebell butter croissant 750 g pack of 4,Bakery,"{""brand"": ""Bluebell"", ""size"": ""750 g"", ""pack_qty"": 4}",gluten;egg,5.57,supermarket
N200148,Meadow orange juice 250 ml pack of 12,Beverages,"{""brand"": ""Meadow"", ""size"": ""250 ml"", ""pack_qty"": 12}",none,20.61,express
N202876,Northfield sparkling water 1 L pack of 12,Beverages,"{""brand"": ""Northfield"", ""size"": ""1 L"", ""pack_qty"": 12}",none,5.61,supermarket
N201157,Bluebell trail mix 6 pk pack of 1,Snacks,"{""brand"": ""Bluebell"", ""size"": ""6 pk"", ""pack_qty"": 1}",nuts;milk,13.31,online
N202059,Orchard garden peas 500 g pack of 12,Frozen,"{""brand"": ""Orchard"", ""size"": ""500 g"", ""pack_qty"": 12}",gluten;fish,15.11,supermarket
N202588,Harvest orange juice 250 ml pack of 12,Beverages,"{""brand"": ""Harvest"", ""size"": ""250 ml"", ""pack_qty"": 12}",none,20.63,express
N200026,Valley cherry tomato 250 ml pack of 4,Produce,"{""brand"": ""Valley"", ""size"": ""250 ml"", ""pack_qty"": 4}",none,9.39,supermarket
N200372,Bluebell oat drink 330 ml pack of 2,Beverages,"{""brand"": ""Bluebell"", ""size"": ""330 ml"", ""pack_qty"": 2}",none,19.91,online
N200723,Orchard vanilla icecream 2 L pack of 4,Frozen,"{""brand"": ""Orchard"", ""size"": ""2 L"", ""pack_qty"": 4}",gluten;fish,0.79,online
N202265,Valley wholemeal bread 500 g pack of 2,Bakery,"{""brand"": ""Valley"", ""size"": ""500 g"", ""pack_qty"": 2}",gluten;egg,7.39,online
N200038,Valley paper towel 330 ml pack of 4,Household,"{""brand"": ""Valley"", ""size"": ""330 ml"", ""pack_qty"": 4}",none,0.94,supermarket
N200232,Orchard double cream 330 ml pack of 4,Dairy,"{""brand"": ""Orchard"", ""size"": ""330 ml"", ""pack_qty"": 4}",milk,3.4,express
N201147,Orchard fish fingers 330 ml pack of 6,Frozen,"{""brand"": ""Orchard"", ""size"": ""330 ml"", ""pack_qty"": 6}",gluten;fish,11.09,supermarket
N201211,Orchard vanilla icecream 2 L pack of 6,Frozen,"{""brand"": ""Orchard"", ""size"": ""2 L"", ""pack_qty"": 6}",gluten;fish,19.94,online
N201949,Meadow dark chocolate 250 ml pack of 4,Snacks,"{""brand"": ""Meadow"", ""size"": ""250 ml"", ""pack_qty"": 4}",nuts;milk,13.96,supermarket
N200103,Meadow razor blades 500 g pack of 6,Personal Care,"{""brand"": ""Meadow"", ""size"": ""500 g"", ""pack_qty"": 6}",none,2.47,supermarket
N200626,Valley baby spinach 250 ml pack of 6,Produce,"{""brand"": ""Valley"", ""size"": ""250 ml"", ""pack_qty"": 6}",none,1.79,express
N200508,Bluebell sparkling water 1 kg pack of 4,Beverages,"{""brand"": ""Bluebell"", ""size"": ""1 kg"", ""pack_qty"": 4}",none,4.41,express
N201817,Valley butter croissant 1 L pack of 1,Bakery,"{""brand"": ""Valley"", ""size"": ""1 L"", ""pack_qty"": 1}",gluten;egg,12.67,express
N202515,Northfield mixed berries 1 kg pack of 2,Frozen,"{""brand"": ""Northfield"", ""size"": ""1 kg"", ""pack_qty"": 2}",gluten;fish,13.38,online
N202210,Orchard banana bunch 330 ml pack of 6,Produce,"{""brand"": ""Orchard"", ""size"": ""330 ml"", ""pack_qty"": 6}",none,10.79,supermarket
N201723,Valley garden peas 250 ml pack of 2,Frozen,"{""brand"": ""Valley"", ""size"": ""250 ml"", ""pack_qty"": 2}",gluten;fish,0.89,supermarket
N202897,Northfield seeded bagel 500 g pack of 2,Bakery,"{""brand"": ""Northfield"", ""size"": ""500 g"", ""pack_qty"": 2}",gluten;egg,7.99,online
N202292,Harvest cola zero 500 g pack of 4,Beverages,"{""brand"": ""Harvest"", ""size"": ""500 g"", ""pack_qty"": 4}",none,6.18,online
N201902,Bluebell glass cleaner 330 ml pack of 6,Household,"{""brand"": ""Bluebell"", ""size"": ""330 ml"", ""pack_qty"": 6}",none,10.41,express
N200842,Orchard cherry tomato 500 g pack of 12,Produce,"{""brand"": ""Orchard"", ""size"": ""500 g"", ""pack_qty"": 12}",none,21.06,online
N202323,Orchard mixed berries 6 pk pack of 1,Frozen,"{""brand"": ""Orchard"", ""size"": ""6 pk"", ""pack_qty"": 1}",gluten;fish,19.85,online
N200283,Orchard garden peas 750 g pack of 6,Frozen,"{""brand"": ""Orchard"", ""size"": ""750 g"", ""pack_qty"": 6}",gluten;fish,5.4,online
N201352,Northfield greek yogurt 2 L pack of 2,Dairy,"{""brand"": ""Northfield"", ""size"": ""2 L"", ""pack_qty"": 2}",milk,21.86,express
N202478,Valley dish soap 1 L pack of 1,Household,"{""brand"": ""Valley"", ""size"": ""1 L"", ""pack_qty"": 1}",none,17.6,supermarket
N202602,Orchard baby spinach 1 L pack of 12,Produce,"{""brand"": ""Orchard"", ""size"": ""1 L"", ""pack_qty"": 12}",none,9.4,online
N202564,Northfield sparkling water 750 g pack of 1,Beverages,"{""brand"": ""Northfield"", ""size"": ""750 g"", ""pack_qty"": 1}",none,1.15,supermarket
N201256,Orchard whole milk 250 ml pack of 6,Dairy,"{""brand"": ""Orchard"", ""size"": ""250 ml"", ""pack_qty"": 6}",milk,4.11,online
N202297,Meadow butter croissant 1 kg pack of 1,Bakery,"{""brand"": ""Meadow"", ""size"": ""1 kg"", ""pack_qty"": 1}",gluten;egg,20.23,express
N202147,Bluebell vanilla icecream 330 ml pack of 1,Frozen,"{""brand"": ""Bluebell"", ""size"": ""330 ml"", ""pack_qty"": 1}",gluten;fish,16.27,online
N201624,Meadow cheddar cheese 750 g pack of 1,Dairy,"{""brand"": ""Meadow"", ""size"": ""750 g"", ""pack_qty"": 1}",milk,2.05,express
N202809,Harvest blueberry muffin 2 L pack of 12,Bakery,"{""brand"": ""Harvest"", ""size"": ""2 L"", ""pack_qty"": 12}",gluten;egg,20.45,online
N201141,Harvest salted crisps 1 kg pack of 2,Snacks,"{""brand"": ""Harvest"", ""size"": ""1 kg"", ""pack_qty"": 2}",nuts;milk,2.65,supermarket
N200544,Orchard salted butter 1 kg pack of 4,Dairy,"{""brand"": ""Orchard"", ""size"": ""1 kg"", ""pack_qty"": 4}",milk,10.85,express
N200988,Northfield orange juice 500 g pack of 6,Beverages,"{""brand"": ""Northfield"", ""size"": ""500 g"", ""pack_qty"": 6}",none,11.05,express
N202924N,MEADOW OAT DRINK 2 L PACK OF 2  ,Beverages,"{""brand"": ""Meadow"", ""size"": ""2 L"", ""pack_qty"": 2}",none,19.77,supermarket
N201724,Meadow cola zero 1 L pack of 12,Beverages,"{""brand"": ""Meadow"", ""size"": ""1 L"", ""pack_qty"": 12}",none,21.93,supermarket
N202371,Northfield garden peas 1 L pack of 12,Frozen,"{""brand"": ""Northfield"", ""size"": ""1 L"", ""pack_qty"": 12}",gluten;fish,9.68,online
N202441,Meadow seeded bagel 1 L pack of 4,Bakery,"{""brand"": ""Meadow"", ""size"": ""1 L"", ""pack_qty"": 4}",gluten;egg,18.0,express
N201312,Meadow salted butter 500 g pack of 2,Dairy,"{""brand"": ""Meadow"", ""size"": ""500 g"", ""pack_qty"": 2}",milk,5.39,supermarket
N202678,Northfield glass cleaner 330 ml pack of 4,Household,"{""brand"": ""Northfield"", ""size"": ""330 ml"", ""pack_qty"": 4}",none,5.53,express
N200015,Bluebell body lotion 2 L pack of 4,Personal Care,"{""brand"": ""Bluebell"", ""size"": ""2 L"", ""pack_qty"": 4}",none,18.83,online
N200194,Northfield banana bunch 500 g pack of 1,Produce,"{""brand"": ""Northfield"", ""size"": ""500 g"", ""pack_qty"": 1}",none,5.17,express
N202343,Northfield shampoo daily 6 pk pack of 12,Personal Care,"{""brand"": ""Northfield"", ""size"": ""6 pk"", ""pack_qty"": 12}",none,14.4,supermarket
N201233,Orchard butter croissant 6 pk pack of 12,Bakery,"{""brand"": ""Orchard"", ""size"": ""6 pk"", ""pack_qty"": 12}",gluten;egg,20.55,online
N201208,Meadow cheddar cheese 250 ml pack of 2,Dairy,"{""brand"": ""Meadow"", ""size"": ""250 ml"", ""pack_qty"": 2}",milk,23.44,online
N201493,Valley tortilla chips 1 kg pack of 1,Snacks,"{""brand"": ""Valley"", ""size"": ""1 kg"", ""pack_qty"": 1}",nuts;milk,4.95,supermarket
N202421,Northfield salted crisps 1 L pack of 2,Snacks,"{""brand"": ""Northfield"", ""size"": ""1 L"", ""pack_qty"": 2}",nuts;milk,19.13,supermarket
N200852,Bluebell orange juice 2 L pack of 6,Beverages,"{""brand"": ""Bluebell"", ""size"": ""2 L"", ""pack_qty"": 6}",none,1.97,online
N202820,Bluebell orange juice 6 pk pack of 12,Beverages,"{""brand"": ""Bluebell"", ""size"": ""6 pk"", ""pack_qty"": 12}",none,15.9,supermarket
N200617,Northfield blueberry muffin 250 ml pack of 4,Bakery,"{""brand"": ""Northfield"", ""size"": ""250 ml"", ""pack_qty"": 4}",gluten;egg,9.67,supermarket
N201472,Meadow cheddar cheese 2 L pack of 2,Dairy,"{""brand"": ""Meadow"", ""size"": ""2 L"", ""pack_qty"": 2}",milk,1.88,express
N201189,Harvest trail mix 750 g pack of 2,Snacks,"{""brand"": ""Harvest"", ""size"": ""750 g"", ""pack_qty"": 2}",nuts;milk,15.47,express
N201404,Meadow sparkling water 500 g pack of 12,Beverages,"{""brand"": ""Meadow"", ""size"": ""500 g"", ""pack_qty"": 12}",none,18.07,supermarket
N201144,Harvest cheddar cheese 330 ml pack of 1,Dairy,"{""brand"": ""Harvest"", ""size"": ""330 ml"", ""pack_qty"": 1}",milk,12.09,online
N200769,Valley sourdough loaf 6 pk pack of 2,Bakery,"{""brand"": ""Valley"", ""size"": ""6 pk"", ""pack_qty"": 2}",gluten;egg,21.05,online
N201868,Northfield cold brew 6 pk pack of 6,Beverages,"{""brand"": ""Northfield"", ""size"": ""6 pk"", ""pack_qty"": 6}",none,21.46,supermarket
N201238,Meadow laundry pods 500 g pack of 12,Household,"{""brand"": ""Meadow"", ""size"": ""500 g"", ""pack_qty"": 12}",none,2.06,supermarket
N201182,Northfield glass cleaner 750 g pack of 6,Household,"{""brand"": ""Northfield"", ""size"": ""750 g"", ""pack_qty"": 6}",none,19.18,express
N201410,Orchard gala apple 750 g pack of 2,Produce,"{""brand"": ""Orchard"", ""size"": ""750 g"", ""pack_qty"": 2}",none,17.49,online
N201229,Bluebell salted crisps 6 pk pack of 2,Snacks,"{""brand"": ""Bluebell"", ""size"": ""6 pk"", ""pack_qty"": 2}",nuts;milk,0.69,express
N200215,Harvest razor blades 250 ml pack of 12,Personal Care,"{""brand"": ""Harvest"", ""size"": ""250 ml"", ""pack_qty"": 12}",none,5.79,online
N202412,Northfield sparkling water 250 ml pack of 4,Beverages,"{""brand"": ""Northfield"", ""size"": ""250 ml"", ""pack_qty"": 4}",none,20.78,online
N200579,Bluebell garden peas 250 ml pack of 12,Frozen,"{""brand"": ""Bluebell"", ""size"": ""250 ml"", ""pack_qty"": 12}",gluten;fish,14.41,express
N201999,Bluebell hand soap 250 ml pack of 12,Personal Care,"{""brand"": ""Bluebell"", ""size"": ""250 ml"", ""pack_qty"": 12}",none,17.91,online
N202770,Valley banana bunch 750 g pack of 4,Produce,"{""brand"": ""Valley"", ""size"": ""750 g"", ""pack_qty"": 4}",none,10.42,supermarket
N200113,Valley blueberry muffin 750 g pack of 4,Bakery,"{""brand"": ""Valley"", ""size"": ""750 g"", ""pack_qty"": 4}",gluten;egg,11.22,supermarket
N202977,Bluebell seeded bagel 1 kg pack of 6,Bakery,"{""brand"": ""Bluebell"", ""size"": ""1 kg"", ""pack_qty"": 6}",gluten;egg,10.4,supermarket
N201572,Orchard orange juice 250 ml pack of 6,Beverages,"{""brand"": ""Orchard"", ""size"": ""250 ml"", ""pack_qty"": 6}",none,21.05,express
N201098,Northfield cherry tomato 500 g pack of 12,Produce,"{""brand"": ""Northfield"", ""size"": ""500 g"", ""pack_qty"": 12}",none,12.4,express
N202396,Northfield cola zero 1 L pack of 4,Beverages,"{""brand"": ""Northfield"", ""size"": ""1 L"", ""pack_qty"": 4}",none,10.53,express
N200837,Bluebell trail mix 330 ml pack of 4,Snacks,"{""brand"": ""Bluebell"", ""size"": ""330 ml"", ""pack_qty"": 4}",nuts;milk,13.69,supermarket
N200990,Northfield bin liners 500 g pack of 6,Household,"{""brand"": ""Northfield"", ""size"": ""500 g"", ""pack_qty"": 6}",none,7.51,express
N201132,Northfield oat drink 6 pk pack of 2,Beverages,"{""brand"": ""Northfield"", ""size"": ""6 pk"", ""pack_qty"": 2}",none,8.54,express
N202078,Meadow paper towel 750 g pack of 6,Household,"{""brand"": ""Meadow"", ""size"": ""750 g"", ""pack_qty"": 6}",none,18.26,supermarket
N202336,Bluebell salted butter 1 kg pack of 4,Dairy,"{""brand"": ""Bluebell"", ""size"": ""1 kg"", ""pack_qty"": 4}",milk,13.13,supermarket
N202606,Harvest glass cleaner 750 g pack of 12,Household,"{""brand"": ""Harvest"", ""size"": ""750 g"", ""pack_qty"": 12}",none,8.63,supermarket
N200869,Meadow rice cakes 750 g pack of 4,Snacks,"{""brand"": ""Meadow"", ""size"": ""750 g"", ""pack_qty"": 4}",nuts;milk,18.09,express
N201408,Harvest salted butter 1 L pack of 2,Dairy,"{""brand"": ""Harvest"", ""size"": ""1 L"", ""pack_qty"": 2}",milk,18.28,online
N200225,Harvest butter croissant 750 g pack of 1,Bakery,"{""brand"": ""Harvest"", ""size"": ""750 g"", ""pack_qty"": 1}",gluten;egg,5.51,express
N202669,Northfield trail mix 750 g pack of 2,Snacks,"{""brand"": ""Northfield"", ""size"": ""750 g"", ""pack_qty"": 2}",nuts;milk,15.27,supermarket
N202497,Orchard butter croissant 500 g pack of 6,Bakery,"{""brand"": ""Orchard"", ""size"": ""500 g"", ""pack_qty"": 6}",gluten;egg,4.42,express
N202252,Northfield sparkling water 2 L pack of 6,Beverages,"{""brand"": ""Northfield"", ""size"": ""2 L"", ""pack_qty"": 6}",none,1.81,express
N200976,Valley salted butter 500 g pack of 6,Dairy,"{""brand"": ""Valley"", ""size"": ""500 g"", ""pack_qty"": 6}",milk,1.75,supermarket
N202473,Harvest sourdough loaf 1 kg pack of 6,Bakery,"{""brand"": ""Harvest"", ""size"": ""1 kg"", ""pack_qty"": 6}",gluten;egg,13.71,express
N201901,Orchard dark chocolate 330 ml pack of 12,Snacks,"{""brand"": ""Orchard"", ""size"": ""330 ml"", ""pack_qty"": 12}",nuts;milk,14.55,express
N202651,Harvest mixed berries 6 pk pack of 4,Frozen,"{""brand"": ""Harvest"", ""size"": ""6 pk"", ""pack_qty"": 4}",gluten;fish,23.81,online
N201875,Northfield margherita pizza 6 pk pack of 4,Frozen,"{""brand"": ""Northfield"", ""size"": ""6 pk"", ""pack_qty"": 4}",gluten;fish,16.69,express
N201534,Northfield paper towel 330 ml pack of 1,Household,"{""brand"": ""Northfield"", ""size"": ""330 ml"", ""pack_qty"": 1}",none,23.93,online
N202021,Orchard dark chocolate 750 g pack of 2,Snacks,"{""brand"": ""Orchard"", ""size"": ""750 g"", ""pack_qty"": 2}",nuts;milk,5.77,express
N200414,Bluebell paper towel 330 ml pack of 12,Household,"{""brand"": ""Bluebell"", ""size"": ""330 ml"", ""pack_qty"": 12}",none,14.98,express
N202889,Harvest seeded bagel 1 L pack of 4,Bakery,"{""brand"": ""Harvest"", ""size"": ""1 L"", ""pack_qty"": 4}",gluten;egg,0.65,online
N201706,Valley gala apple 2 L pack of 4,Produce,"{""brand"": ""Valley"", ""size"": ""2 L"", ""pack_qty"": 4}",none,23.89,supermarket
N202065,Harvest seeded bagel 1 kg pack of 6,Bakery,"{""brand"": ""Harvest"", ""size"": ""1 kg"", ""pack_qty"": 6}",gluten;egg,7.55,online
N200943,Meadow hand soap 1 L pack of 4,Personal Care,"{""brand"": ""Meadow"", ""size"": ""1 L"", ""pack_qty"": 4}",none,23.99,supermarket
N201255,Orchard toothpaste mint 2 L pack of 1,Personal Care,"{""brand"": ""Orchard"", ""size"": ""2 L"", ""pack_qty"": 1}",none,10.76,express
N200228,Orchard oat drink 750 g pack of 6,Beverages,"{""brand"": ""Orchard"", ""size"": ""750 g"", ""pack_qty"": 6}",none,17.83,online
N200838,Bluebell glass cleaner 6 pk pack of 6,Household,"{""brand"": ""Bluebell"", ""size"": ""6 pk"", ""pack_qty"": 6}",none,11.53,online
N201430,Orchard laundry pods 2 L pack of 6,Household,"{""brand"": ""Orchard"", ""size"": ""2 L"", ""pack_qty"": 6}",none,15.76,online
N201187,Orchard garden peas 500 g pack of 4,Frozen,"{""brand"": ""Orchard"", ""size"": ""500 g"", ""pack_qty"": 4}",gluten;fish,2.08,online
N201691N,MEADOW FISH FINGERS 1 L PACK OF 4  ,Frozen,"{""brand"": ""Meadow"", ""size"": ""1 L"", ""pack_qty"": 4}",gluten;fish,0.62,express
N201777,Valley butter croissant 250 ml pack of 12,Bakery,"{""brand"": ""Valley"", ""size"": ""250 ml"", ""pack_qty"": 12}",gluten;egg,13.74,supermarket
N201071,Harvest hand soap 1 kg pack of 12,Personal Care,"{""brand"": ""Harvest"", ""size"": ""1 kg"", ""pack_qty"": 12}",none,12.47,supermarket
N200568,Orchard double cream 330 ml pack of 1,Dairy,"{""brand"": ""Orchard"", ""size"": ""330 ml"", ""pack_qty"": 1}",milk,2.49,online
N202324,Bluebell sparkling water 500 g pack of 4,Beverages,"{""brand"": ""Bluebell"", ""size"": ""500 g"", ""pack_qty"": 4}",none,13.47,supermarket
N200744,Valley whole milk 500 g pack of 1,Dairy,"{""brand"": ""Valley"", ""size"": ""500 g"", ""pack_qty"": 1}",milk,14.9,online
N201381,Bluebell salted crisps 1 L pack of 6,Snacks,"{""brand"": ""Bluebell"", ""size"": ""1 L"", ""pack_qty"": 6}",nuts;milk,2.14,online
N202834,Bluebell avocado ripe 250 ml pack of 2,Produce,"{""brand"": ""Bluebell"", ""size"": ""250 ml"", ""pack_qty"": 2}",none,13.0,express
N201666,Meadow banana bunch 750 g pack of 2,Produce,"{""brand"": ""Meadow"", ""size"": ""750 g"", ""pack_qty"": 2}",none,15.82,express
N200238,Bluebell bin liners 330 ml pack of 6,Household,"{""brand"": ""Bluebell"", ""size"": ""330 ml"", ""pack_qty"": 6}",none,13.78,supermarket
N202166,Bluebell glass cleaner 330 ml pack of 1,Household,"{""brand"": ""Bluebell"", ""size"": ""330 ml"", ""pack_qty"": 1}",none,19.06,express
N202852,Valley cola zero 1 L pack of 4,Beverages,"{""brand"": ""Valley"", ""size"": ""1 L"", ""pack_qty"": 4}",none,14.74,online
N200293,Harvest dark chocolate 6 pk pack of 6,Snacks,"{""brand"": ""Harvest"", ""size"": ""6 pk"", ""pack_qty"": 6}",nuts;milk,17.83,express
N201549,Valley rice cakes 750 g pack of 1,Snacks,"{""brand"": ""Valley"", ""size"": ""750 g"", ""pack_qty"": 1}",nuts;milk,22.41,supermarket
N200981,Harvest rice cakes 500 g pack of 1,Snacks,"{""brand"": ""Harvest"", ""size"": ""500 g"", ""pack_qty"": 1}",nuts;milk,8.16,express
N201791,Northfield shampoo daily 500 g pack of 12,Personal Care,"{""brand"": ""Northfield"", ""size"": ""500 g"", ""pack_qty"": 12}",none,5.62,express
N202053,Valley tortilla chips 1 L pack of 6,Snacks,"{""brand"": ""Valley"", ""size"": ""1 L"", ""pack_qty"": 6}",nuts;milk,4.25,supermarket
N201325,Bluebell salted crisps 1 kg pack of 12,Snacks,"{""brand"": ""Bluebell"", ""size"": ""1 kg"", ""pack_qty"": 12}",nuts;milk,5.14,supermarket
N201177,Valley blueberry muffin 6 pk pack of 4,Bakery,"{""brand"": ""Valley"", ""size"": ""6 pk"", ""pack_qty"": 4}",gluten;egg,21.33,online
N201265,Northfield sourdough loaf 1 kg pack of 2,Bakery,"{""brand"": ""Northfield"", ""size"": ""1 kg"", ""pack_qty"": 2}",gluten;egg,7.67,supermarket
N200507,Orchard margherita pizza 330 ml pack of 12,Frozen,"{""brand"": ""Orchard"", ""size"": ""330 ml"", ""pack_qty"": 12}",gluten;fish,10.96,online
N202966,Valley bin liners 750 g pack of 1,Household,"{""brand"": ""Valley"", ""size"": ""750 g"", ""pack_qty"": 1}",none,19.68,express
N202775,Meadow hand soap 750 g pack of 6,Personal Care,"{""brand"": ""Meadow"", ""size"": ""750 g"", ""pack_qty"": 6}",none,11.91,supermarket
N202976,Meadow cheddar cheese 2 L pack of 1,Dairy,"{""brand"": ""Meadow"", ""size"": ""2 L"", ""pack_qty"": 1}",milk,0.82,express
N202711,Meadow body lotion 6 pk pack of 6,Personal Care,"{""brand"": ""Meadow"", ""size"": ""6 pk"", ""pack_qty"": 6}",none,22.75,express
N200105,Bluebell blueberry muffin 1 L pack of 6,Bakery,"{""brand"": ""Bluebell"", ""size"": ""1 L"", ""pack_qty"": 6}",gluten;egg,18.4,online
N202958,Meadow bin liners 1 kg pack of 4,Household,"{""brand"": ""Meadow"", ""size"": ""1 kg"", ""pack_qty"": 4}",none,16.45,online
N200644,Harvest cola zero 1 L pack of 4,Beverages,"{""brand"": ""Harvest"", ""size"": ""1 L"", ""pack_qty"": 4}",none,21.87,online
N201826,Orchard cherry tomato 6 pk pack of 2,Produce,"{""brand"": ""Orchard"", ""size"": ""6 pk"", ""pack_qty"": 2}",none,3.55,express
N201520,Valley whole milk 750 g pack of 6,Dairy,"{""brand"": ""Valley"", ""size"": ""750 g"", ""pack_qty"": 6}",milk,20.79,express
N200019,Orchard vanilla icecream 1 L pack of 6,Frozen,"{""brand"": ""Orchard"", ""size"": ""1 L"", ""pack_qty"": 6}",gluten;fish,10.71,supermarket
N202044,Meadow cola zero 1 kg pack of 6,Beverages,"{""brand"": ""Meadow"", ""size"": ""1 kg"", ""pack_qty"": 6}",none,20.6,online
N200425,Valley butter croissant 6 pk pack of 2,Bakery,"{""brand"": ""Valley"", ""size"": ""6 pk"", ""pack_qty"": 2}",gluten;egg,1.82,express
N200578,Valley banana bunch 1 L pack of 4,Produce,"{""brand"": ""Valley"", ""size"": ""1 L"", ""pack_qty"": 4}",none,9.7,online
N202204,Harvest sparkling water 750 g pack of 1,Beverages,"{""brand"": ""Harvest"", ""size"": ""750 g"", ""pack_qty"": 1}",none,13.14,supermarket
N201699,Northfield margherita pizza 2 L pack of 4,Frozen,"{""brand"": ""Northfield"", ""size"": ""2 L"", ""pack_qty"": 4}",gluten;fish,15.79,express
N200866,Valley gala apple 1 L pack of 2,Produce,"{""brand"": ""Valley"", ""size"": ""1 L"", ""pack_qty"": 2}",none,5.83,supermarket
N202243,Orchard vanilla icecream 750 g pack of 1,Frozen,"{""brand"": ""Orchard"", ""size"": ""750 g"", ""pack_qty"": 1}",gluten;fish,11.81,express
N202630,Bluebell glass cleaner 6 pk pack of 6,Household,"{""brand"": ""Bluebell"", ""size"": ""6 pk"", ""pack_qty"": 6}",none,10.23,supermarket
N202978,Orchard banana bunch 6 pk pack of 6,Produce,"{""brand"": ""Orchard"", ""size"": ""6 pk"", ""pack_qty"": 6}",none,11.86,express
N202795,Orchard vanilla icecream 1 kg pack of 1,Frozen,"{""brand"": ""Orchard"", ""size"": ""1 kg"", ""pack_qty"": 1}",gluten;fish,15.47,express
N202306,Harvest baby spinach 6 pk pack of 2,Produce,"{""brand"": ""Harvest"", ""size"": ""6 pk"", ""pack_qty"": 2}",none,11.0,online
N200816,Valley salted butter 6 pk pack of 4,Dairy,"{""brand"": ""Valley"", ""size"": ""6 pk"", ""pack_qty"": 4}",milk,18.05,supermarket
N201797,Meadow trail mix 2 L pack of 12,Snacks,"{""brand"": ""Meadow"", ""size"": ""2 L"", ""pack_qty"": 12}",nuts;milk,21.82,online
N201645,Valley trail mix 1 kg pack of 1,Snacks,"{""brand"": ""Valley"", ""size"": ""1 kg"", ""pack_qty"": 1}",nuts;milk,2.29,supermarket
N201418,Orchard banana bunch 1 kg pack of 2,Produce,"{""brand"": ""Orchard"", ""size"": ""1 kg"", ""pack_qty"": 2}",none,0.62,supermarket
N201188,Bluebell cold brew 1 kg pack of 2,Beverages,"{""brand"": ""Bluebell"", ""size"": ""1 kg"", ""pack_qty"": 2}",none,12.76,express
N202617,Valley sourdough loaf 1 L pack of 12,Bakery,"{""brand"": ""Valley"", ""size"": ""1 L"", ""pack_qty"": 12}",gluten;egg,16.42,online
N201374,Valley laundry pods 1 kg pack of 4,Household,"{""brand"": ""Valley"", ""size"": ""1 kg"", ""pack_qty"": 4}",none,16.47,online
N200075,Harvest mixed berries 1 kg pack of 12,Frozen,"{""brand"": ""Harvest"", ""size"": ""1 kg"", ""pack_qty"": 12}",gluten;fish,4.31,online
N200469,Northfield trail mix 250 ml pack of 1,Snacks,"{""brand"": ""Northfield"", ""size"": ""250 ml"", ""pack_qty"": 1}",nuts;milk,4.77,supermarket
N201380,Harvest cold brew 500 g pack of 2,Beverages,"{""brand"": ""Harvest"", ""size"": ""500 g"", ""pack_qty"": 2}",none,16.5,express
N200745,Harvest blueberry muffin 2 L pack of 1,Bakery,"{""brand"": ""Harvest"", ""size"": ""2 L"", ""pack_qty"": 1}",gluten;egg,21.32,express
N201937,Bluebell wholemeal bread 250 ml pack of 1,Bakery,"{""brand"": ""Bluebell"", ""size"": ""250 ml"", ""pack_qty"": 1}",gluten;egg,14.96,express
N202294,Meadow laundry pods 500 g pack of 4,Household,"{""brand"": ""Meadow"", ""size"": ""500 g"", ""pack_qty"": 4}",none,9.01,supermarket
N202814,Northfield dish soap 750 g pack of 2,Household,"{""brand"": ""Northfield"", ""size"": ""750 g"", ""pack_qty"": 2}",none,16.88,express
N202760,Orchard greek yogurt 1 L pack of 6,Dairy,"{""brand"": ""Orchard"", ""size"": ""1 L"", ""pack_qty"": 6}",milk,6.63,express
N201558,Meadow dish soap 6 pk pack of 12,Household,"{""brand"": ""Meadow"", ""size"": ""6 pk"", ""pack_qty"": 12}",none,12.92,supermarket
N200986,Bluebell baby spinach 2 L pack of 1,Produce,"{""brand"": ""Bluebell"", ""size"": ""2 L"", ""pack_qty"": 1}",none,1.23,supermarket
N200132,Harvest cola zero 330 ml pack of 2,Beverages,"{""brand"": ""Harvest"", ""size"": ""330 ml"", ""pack_qty"": 2}",none,14.04,express
N201318,Bluebell laundry pods 750 g pack of 2,Household,"{""brand"": ""Bluebell"", ""size"": ""750 g"", ""pack_qty"": 2}",none,7.17,express
N200138,Orchard banana bunch 6 pk pack of 1,Produce,"{""brand"": ""Orchard"", ""size"": ""6 pk"", ""pack_qty"": 1}",none,10.27,express
N201448,Valley greek yogurt 1 kg pack of 4,Dairy,"{""brand"": ""Valley"", ""size"": ""1 kg"", ""pack_qty"": 4}",milk,7.35,express
N200872,Bluebell salted butter 500 g pack of 6,Dairy,"{""brand"": ""Bluebell"", ""size"": ""500 g"", ""pack_qty"": 6}",milk,14.9,online
N202001,Orchard sourdough loaf 6 pk pack of 6,Bakery,"{""brand"": ""Orchard"", ""size"": ""6 pk"", ""pack_qty"": 6}",gluten;egg,19.55,express
N202948,Valley cola zero 1 kg pack of 4,Beverages,"{""brand"": ""Valley"", ""size"": ""1 kg"", ""pack_qty"": 4}",none,19.45,online
N200705,Orchard seeded bagel 330 ml pack of 2,Bakery,"{""brand"": ""Orchard"", ""size"": ""330 ml"", ""pack_qty"": 2}",gluten;egg,10.93,express
N202110,Harvest bin liners 250 ml pack of 4,Household,"{""brand"": ""Harvest"", ""size"": ""250 ml"", ""pack_qty"": 4}",none,3.43,express
N200733,Valley trail mix 500 g pack of 6,Snacks,"{""brand"": ""Valley"", ""size"": ""500 g"", ""pack_qty"": 6}",nuts;milk,15.86,supermarket
N202060,Orchard cold brew 6 pk pack of 6,Beverages,"{""brand"": ""Orchard"", ""size"": ""6 pk"", ""pack_qty"": 6}",none,15.95,online
N200983,Harvest body lotion 1 kg pack of 1,Personal Care,"{""brand"": ""Harvest"", ""size"": ""1 kg"", ""pack_qty"": 1}",none,9.0,supermarket
N202056,Orchard whole milk 250 ml pack of 12,Dairy,"{""brand"": ""Orchard"", ""size"": ""250 ml"", ""pack_qty"": 12}",milk,17.03,online
N200231,Orchard shampoo daily 6 pk pack of 2,Personal Care,"{""brand"": ""Orchard"", ""size"": ""6 pk"", ""pack_qty"": 2}",none,0.79,supermarket
N202975,Northfield body lotion 330 ml pack of 2,Personal Care,"{""brand"": ""Northfield"", ""size"": ""330 ml"", ""pack_qty"": 2}",none,23.19,supermarket
N202058,Orchard avocado ripe 6 pk pack of 6,Produce,"{""brand"": ""Orchard"", ""size"": ""6 pk"", ""pack_qty"": 6}",none,9.89,express
N200322,Harvest cherry tomato 750 g pack of 6,Produce,"{""brand"": ""Harvest"", ""size"": ""750 g"", ""pack_qty"": 6}",none,23.81,supermarket
N200739,Valley fish fingers 1 kg pack of 2,Frozen,"{""brand"": ""Valley"", ""size"": ""1 kg"", ""pack_qty"": 2}",gluten;fish,9.9,express
N201067,Harvest vanilla icecream 6 pk pack of 2,Frozen,"{""brand"": ""Harvest"", ""size"": ""6 pk"", ""pack_qty"": 2}",gluten;fish,17.5,supermarket
N200461,Valley rice cakes 750 g pack of 12,Snacks,"{""brand"": ""Valley"", ""size"": ""750 g"", ""pack_qty"": 12}",nuts;milk,0.5,supermarket
N202521,Bluebell seeded bagel 6 pk pack of 4,Bakery,"{""brand"": ""Bluebell"", ""size"": ""6 pk"", ""pack_qty"": 4}",gluten;egg,17.42,online
N202291,Harvest margherita pizza 2 L pack of 6,Frozen,"{""brand"": ""Harvest"", ""size"": ""2 L"", ""pack_qty"": 6}",gluten;fish,6.62,supermarket
N200678,Bluebell paper towel 750 g pack of 2,Household,"{""brand"": ""Bluebell"", ""size"": ""750 g"", ""pack_qty"": 2}",none,3.94,online
N201000,Meadow cheddar cheese 6 pk pack of 4,Dairy,"{""brand"": ""Meadow"", ""size"": ""6 pk"", ""pack_qty"": 4}",milk,0.42,express
N200109,Meadow dark chocolate 750 g pack of 6,Snacks,"{""brand"": ""Meadow"", ""size"": ""750 g"", ""pack_qty"": 6}",nuts;milk,9.28,express
N202503,Orchard shampoo daily 500 g pack of 12,Personal Care,"{""brand"": ""Orchard"", ""size"": ""500 g"", ""pack_qty"": 12}",none,16.11,supermarket
N200146,Meadow avocado ripe 750 g pack of 1,Produce,"{""brand"": ""Meadow"", ""size"": ""750 g"", ""pack_qty"": 1}",none,7.02,express
N200170,Valley banana bunch 1 kg pack of 6,Produce,"{""brand"": ""Valley"", ""size"": ""1 kg"", ""pack_qty"": 6}",none,15.36,online
N202857,Valley sourdough loaf 2 L pack of 2,Bakery,"{""brand"": ""Valley"", ""size"": ""2 L"", ""pack_qty"": 2}",gluten;egg,5.18,online
N201207,Harvest hand soap 750 g pack of 6,Personal Care,"{""brand"": ""Harvest"", ""size"": ""750 g"", ""pack_qty"": 6}",none,4.56,express
N200377,Meadow wholemeal bread 250 ml pack of 2,Bakery,"{""brand"": ""Meadow"", ""size"": ""250 ml"", ""pack_qty"": 2}",gluten;egg,0.53,express
N201212,Northfield cold brew 250 ml pack of 4,Beverages,"{""brand"": ""Northfield"", ""size"": ""250 ml"", ""pack_qty"": 4}",none,17.34,express
N202359,Bluebell body lotion 1 kg pack of 6,Personal Care,"{""brand"": ""Bluebell"", ""size"": ""1 kg"", ""pack_qty"": 6}",none,13.79,online
N200786,Northfield cherry tomato 330 ml pack of 12,Produce,"{""brand"": ""Northfield"", ""size"": ""330 ml"", ""pack_qty"": 12}",none,2.31,express
N202192,Bluebell double cream 330 ml pack of 4,Dairy,"{""brand"": ""Bluebell"", ""size"": ""330 ml"", ""pack_qty"": 4}",milk,11.44,supermarket
N202612,Bluebell sparkling water 500 g pack of 6,Beverages,"{""brand"": ""Bluebell"", ""size"": ""500 g"", ""pack_qty"": 6}",none,1.58,online
N201460,Valley orange juice 250 ml pack of 6,Beverages,"{""brand"": ""Valley"", ""size"": ""250 ml"", ""pack_qty"": 6}",none,18.18,express
N202212,Orchard cola zero 2 L pack of 12,Beverages,"{""brand"": ""Orchard"", ""size"": ""2 L"", ""pack_qty"": 12}",none,18.97,online
N200408,Orchard salted butter 2 L pack of 4,Dairy,"{""brand"": ""Orchard"", ""size"": ""2 L"", ""pack_qty"": 4}",milk,22.36,online
N200919,Valley body lotion 500 g pack of 12,Personal Care,"{""brand"": ""Valley"", ""size"": ""500 g"", ""pack_qty"": 12}",none,8.2,supermarket
N201184,Orchard cheddar cheese 250 ml pack of 2,Dairy,"{""brand"": ""Orchard"", ""size"": ""250 ml"", ""pack_qty"": 2}",milk,1.14,supermarket
N202796,Valley sparkling water 330 ml pack of 2,Beverages,"{""brand"": ""Valley"", ""size"": ""330 ml"", ""pack_qty"": 2}",none,5.51,online
N200840,Northfield double cream 750 g pack of 2,Dairy,"{""brand"": ""Northfield"", ""size"": ""750 g"", ""pack_qty"": 2}",milk,19.63,online
N201225,Harvest butter croissant 6 pk pack of 12,Bakery,"{""brand"": ""Harvest"", ""size"": ""6 pk"", ""pack_qty"": 12}",gluten;egg,2.39,express
N202826,Bluebell baby spinach 500 g pack of 1,Produce,"{""brand"": ""Bluebell"", ""size"": ""500 g"", ""pack_qty"": 1}",none,21.58,express
N200939,Orchard garden peas 250 ml pack of 1,Frozen,"{""brand"": ""Orchard"", ""size"": ""250 ml"", ""pack_qty"": 1}",gluten;fish,10.63,supermarket
N201518,Harvest bin liners 2 L pack of 2,Household,"{""brand"": ""Harvest"", ""size"": ""2 L"", ""pack_qty"": 2}",none,9.75,express
N201202,Bluebell gala apple 330 ml pack of 4,Produce,"{""brand"": ""Bluebell"", ""size"": ""330 ml"", ""pack_qty"": 4}",none,5.18,online
N201855,Meadow hand soap 1 kg pack of 2,Personal Care,"{""brand"": ""Meadow"", ""size"": ""1 kg"", ""pack_qty"": 2}",none,0.69,online
N201014,Harvest glass cleaner 250 ml pack of 12,Household,"{""brand"": ""Harvest"", ""size"": ""250 ml"", ""pack_qty"": 12}",none,13.46,supermarket
N201782,Bluebell bin liners 500 g pack of 12,Household,"{""brand"": ""Bluebell"", ""size"": ""500 g"", ""pack_qty"": 12}",none,13.76,online
N201601,Meadow butter croissant 330 ml pack of 4,Bakery,"{""brand"": ""Meadow"", ""size"": ""330 ml"", ""pack_qty"": 4}",gluten;egg,1.76,express
N202074,Valley gala apple 750 g pack of 12,Produce,"{""brand"": ""Valley"", ""size"": ""750 g"", ""pack_qty"": 12}",none,19.91,online
N200695,Orchard hand soap 1 L pack of 12,Personal Care,"{""brand"": ""Orchard"", ""size"": ""1 L"", ""pack_qty"": 12}",none,22.98,online
N200279,Valley razor blades 250 ml pack of 4,Personal Care,"{""brand"": ""Valley"", ""size"": ""250 ml"", ""pack_qty"": 4}",none,4.82,express
N200966,Northfield glass cleaner 250 ml pack of 12,Household,"{""brand"": ""Northfield"", ""size"": ""250 ml"", ""pack_qty"": 12}",none,13.54,express
N200942,Meadow laundry pods 750 g pack of 4,Household,"{""brand"": ""Meadow"", ""size"": ""750 g"", ""pack_qty"": 4}",none,1.02,supermarket
N201989,Harvest rice cakes 330 ml pack of 4,Snacks,"{""brand"": ""Harvest"", ""size"": ""330 ml"", ""pack_qty"": 4}",nuts;milk,2.66,express
N201076,Meadow cold brew 1 kg pack of 2,Beverages,"{""brand"": ""Meadow"", ""size"": ""1 kg"", ""pack_qty"": 2}",none,16.02,supermarket
N201445,Orchard tortilla chips 330 ml pack of 4,Snacks,"{""brand"": ""Orchard"", ""size"": ""330 ml"", ""pack_qty"": 4}",nuts;milk,4.38,supermarket
N202068,Bluebell cold brew 1 L pack of 12,Beverages,"{""brand"": ""Bluebell"", ""size"": ""1 L"", ""pack_qty"": 12}",none,13.83,supermarket
N202923,Orchard mixed berries 750 g pack of 4,Frozen,"{""brand"": ""Orchard"", ""size"": ""750 g"", ""pack_qty"": 4}",gluten;fish,6.89,express
N200553,Northfield seeded bagel 250 ml pack of 6,Bakery,"{""brand"": ""Northfield"", ""size"": ""250 ml"", ""pack_qty"": 6}",gluten;egg,6.2,express
N202799,Northfield shampoo daily 1 L pack of 12,Personal Care,"{""brand"": ""Northfield"", ""size"": ""1 L"", ""pack_qty"": 12}",none,9.93,supermarket
N200623,Bluebell hand soap 6 pk pack of 4,Personal Care,"{""brand"": ""Bluebell"", ""size"": ""6 pk"", ""pack_qty"": 4}",none,3.75,online
N202815,Valley body lotion 1 kg pack of 4,Personal Care,"{""brand"": ""Valley"", ""size"": ""1 kg"", ""pack_qty"": 4}",none,2.64,supermarket
N201069,Harvest salted crisps 750 g pack of 12,Snacks,"{""brand"": ""Harvest"", ""size"": ""750 g"", ""pack_qty"": 12}",nuts;milk,2.53,express
N202960,Valley double cream 330 ml pack of 4,Dairy,"{""brand"": ""Valley"", ""size"": ""330 ml"", ""pack_qty"": 4}",milk,4.96,online
N200634,Valley banana bunch 1 L pack of 2,Produce,"{""brand"": ""Valley"", ""size"": ""1 L"", ""pack_qty"": 2}",none,11.08,online
N200849,Orchard wholemeal bread 1 kg pack of 2,Bakery,"{""brand"": ""Orchard"", ""size"": ""1 kg"", ""pack_qty"": 2}",gluten;egg,12.34,online
N202377,Valley seeded bagel 500 g pack of 1,Bakery,"{""brand"": ""Valley"", ""size"": ""500 g"", ""pack_qty"": 1}",gluten;egg,1.9,express
N200631,Northfield body lotion 500 g pack of 6,Personal Care,"{""brand"": ""Northfield"", ""size"": ""500 g"", ""pack_qty"": 6}",none,11.15,online
N202121,Valley sourdough loaf 2 L pack of 4,Bakery,"{""brand"": ""Valley"", ""size"": ""2 L"", ""pack_qty"": 4}",gluten;egg,23.83,supermarket
N202235,Harvest margherita pizza 1 L pack of 4,Frozen,"{""brand"": ""Harvest"", ""size"": ""1 L"", ""pack_qty"": 4}",gluten;fish,5.28,online
N200413,Orchard dark chocolate 6 pk pack of 2,Snacks,"{""brand"": ""Orchard"", ""size"": ""6 pk"", ""pack_qty"": 2}",nuts;milk,15.17,express
N201234,Bluebell banana bunch 330 ml pack of 12,Produce,"{""brand"": ""Bluebell"", ""size"": ""330 ml"", ""pack_qty"": 12}",none,13.4,supermarket
N201057,Valley blueberry muffin 6 pk pack of 1,Bakery,"{""brand"": ""Valley"", ""size"": ""6 pk"", ""pack_qty"": 1}",gluten;egg,13.95,supermarket
N200083,Meadow garden peas 500 g pack of 4,Frozen,"{""brand"": ""Meadow"", ""size"": ""500 g"", ""pack_qty"": 4}",gluten;fish,2.74,online
N202855,Valley hand soap 1 kg pack of 2,Personal Care,"{""brand"": ""Valley"", ""size"": ""1 kg"", ""pack_qty"": 2}",none,10.94,express
N201005,Harvest salted crisps 330 ml pack of 12,Snacks,"{""brand"": ""Harvest"", ""size"": ""330 ml"", ""pack_qty"": 12}",nuts;milk,12.69,online
N201241,Harvest butter croissant 2 L pack of 2,Bakery,"{""brand"": ""Harvest"", ""size"": ""2 L"", ""pack_qty"": 2}",gluten;egg,18.48,online
N200444,Meadow sparkling water 330 ml pack of 6,Beverages,"{""brand"": ""Meadow"", ""size"": ""330 ml"", ""pack_qty"": 6}",none,22.35,express
N202003,Northfield mixed berries 6 pk pack of 4,Frozen,"{""brand"": ""Northfield"", ""size"": ""6 pk"", ""pack_qty"": 4}",gluten;fish,17.35,supermarket
N201814,Bluebell bin liners 6 pk pack of 6,Household,"{""brand"": ""Bluebell"", ""size"": ""6 pk"", ""pack_qty"": 6}",none,22.09,supermarket
N200805,Orchard dark chocolate 250 ml pack of 1,Snacks,"{""brand"": ""Orchard"", ""size"": ""250 ml"", ""pack_qty"": 1}",nuts;milk,7.19,online
N201126,Meadow dish soap 750 g pack of 1,Household,"{""brand"": ""Meadow"", ""size"": ""750 g"", ""pack_qty"": 1}",none,14.76,online
N200473,Valley seeded bagel 1 kg pack of 4,Bakery,"{""brand"": ""Valley"", ""size"": ""1 kg"", ""pack_qty"": 4}",gluten;egg,9.82,online
N202114,Harvest cherry tomato 6 pk pack of 4,Produce,"{""brand"": ""Harvest"", ""size"": ""6 pk"", ""pack_qty"": 4}",none,6.41,supermarket
N202438,Meadow glass cleaner 500 g pack of 6,Household,"{""brand"": ""Meadow"", ""size"": ""500 g"", ""pack_qty"": 6}",none,5.84,online
N202000,Valley salted butter 500 g pack of 12,Dairy,"{""brand"": ""Valley"", ""size"": ""500 g"", ""pack_qty"": 12}",milk,14.53,supermarket
N200860,Harvest sparkling water 1 L pack of 12,Beverages,"{""brand"": ""Harvest"", ""size"": ""1 L"", ""pack_qty"": 12}",none,18.38,express
N202138,Harvest cherry tomato 250 ml pack of 2,Produce,"{""brand"": ""Harvest"", ""size"": ""250 ml"", ""pack_qty"": 2}",none,19.05,express
N202198,Meadow paper towel 250 ml pack of 2,Household,"{""brand"": ""Meadow"", ""size"": ""250 ml"", ""pack_qty"": 2}",none,14.19,supermarket
N201127,Harvest toothpaste mint 6 pk pack of 2,Personal Care,"{""brand"": ""Harvest"", ""size"": ""6 pk"", ""pack_qty"": 2}",none,2.55,supermarket
N200133,Bluebell dark chocolate 2 L pack of 4,Snacks,"{""brand"": ""Bluebell"", ""size"": ""2 L"", ""pack_qty"": 4}",nuts;milk,3.9,online
N200290,Orchard gala apple 500 g pack of 6,Produce,"{""brand"": ""Orchard"", ""size"": ""500 g"", ""pack_qty"": 6}",none,20.37,express
N200298,Bluebell cherry tomato 1 L pack of 1,Produce,"{""brand"": ""Bluebell"", ""size"": ""1 L"", ""pack_qty"": 1}",none,8.11,online
N200907,Bluebell fish fingers 500 g pack of 1,Frozen,"{""brand"": ""Bluebell"", ""size"": ""500 g"", ""pack_qty"": 1}",gluten;fish,9.01,online
N200081,Harvest blueberry muffin 330 ml pack of 12,Bakery,"{""brand"": ""Harvest"", ""size"": ""330 ml"", ""pack_qty"": 12}",gluten;egg,1.56,express
N201293,Orchard salted crisps 2 L pack of 12,Snacks,"{""brand"": ""Orchard"", ""size"": ""2 L"", ""pack_qty"": 12}",nuts;milk,5.93,online
N200064,Orchard greek yogurt 6 pk pack of 12,Dairy,"{""brand"": ""Orchard"", ""size"": ""6 pk"", ""pack_qty"": 12}",milk,0.99,express
N201687,Valley toothpaste mint 6 pk pack of 4,Personal Care,"{""brand"": ""Valley"", ""size"": ""6 pk"", ""pack_qty"": 4}",none,15.12,express
N201536,Harvest greek yogurt 2 L pack of 6,Dairy,"{""brand"": ""Harvest"", ""size"": ""2 L"", ""pack_qty"": 6}",milk,5.51,express
N202389,Meadow trail mix 250 ml pack of 4,Snacks,"{""brand"": ""Meadow"", ""size"": ""250 ml"", ""pack_qty"": 4}",nuts;milk,13.47,express
N201992,Bluebell greek yogurt 750 g pack of 12,Dairy,"{""brand"": ""Bluebell"", ""size"": ""750 g"", ""pack_qty"": 12}",milk,13.64,online
N200661,Harvest rice cakes 1 L pack of 1,Snacks,"{""brand"": ""Harvest"", ""size"": ""1 L"", ""pack_qty"": 1}",nuts;milk,4.52,supermarket
N201768N,BLUEBELL SALTED BUTTER 750 G PACK OF 6  ,Dairy,"{""brand"": ""Bluebell"", ""size"": ""750 g"", ""pack_qty"": 6}",milk,20.22,supermarket
N202626,Northfield banana bunch 6 pk pack of 4,Produce,"{""brand"": ""Northfield"", ""size"": ""6 pk"", ""pack_qty"": 4}",none,6.5,online
N202411,Meadow garden peas 1 kg pack of 6,Frozen,"{""brand"": ""Meadow"", ""size"": ""1 kg"", ""pack_qty"": 6}",gluten;fish,7.66,online
N200037,Orchard rice cakes 1 kg pack of 2,Snacks,"{""brand"": ""Orchard"", ""size"": ""1 kg"", ""pack_qty"": 2}",nuts;milk,14.11,online
N202524,Meadow sparkling water 1 L pack of 1,Beverages,"{""brand"": ""Meadow"", ""size"": ""1 L"", ""pack_qty"": 1}",none,15.7,supermarket
N201848,Orchard double cream 750 g pack of 12,Dairy,"{""brand"": ""Orchard"", ""size"": ""750 g"", ""pack_qty"": 12}",milk,9.88,supermarket
N201928,Bluebell cheddar cheese 500 g pack of 6,Dairy,"{""brand"": ""Bluebell"", ""size"": ""500 g"", ""pack_qty"": 6}",milk,0.8,express
N200891,Harvest mixed berries 1 L pack of 6,Frozen,"{""brand"": ""Harvest"", ""size"": ""1 L"", ""pack_qty"": 6}",gluten;fish,8.24,supermarket
N202895,Valley body lotion 750 g pack of 2,Personal Care,"{""brand"": ""Valley"", ""size"": ""750 g"", ""pack_qty"": 2}",none,5.36,express
N202168,Bluebell salted butter 1 L pack of 4,Dairy,"{""brand"": ""Bluebell"", ""size"": ""1 L"", ""pack_qty"": 4}",milk,9.16,express
N200390,Meadow laundry pods 6 pk pack of 2,Household,"{""brand"": ""Meadow"", ""size"": ""6 pk"", ""pack_qty"": 2}",none,3.7,express
N200450,Bluebell banana bunch 1 kg pack of 6,Produce,"{""brand"": ""Bluebell"", ""size"": ""1 kg"", ""pack_qty"": 6}",none,20.41,online
N202397,Orchard salted crisps 2 L pack of 1,Snacks,"{""brand"": ""Orchard"", ""size"": ""2 L"", ""pack_qty"": 1}",nuts;milk,10.97,express
N201608,Northfield whole milk 2 L pack of 2,Dairy,"{""brand"": ""Northfield"", ""size"": ""2 L"", ""pack_qty"": 2}",milk,10.34,online
N202731,Orchard margherita pizza 2 L pack of 6,Frozen,"{""brand"": ""Orchard"", ""size"": ""2 L"", ""pack_qty"": 6}",gluten;fish,3.71,online
N201036,Bluebell cola zero 1 kg pack of 6,Beverages,"{""brand"": ""Bluebell"", ""size"": ""1 kg"", ""pack_qty"": 6}",none,15.57,supermarket
N200767,Harvest body lotion 2 L pack of 2,Personal Care,"{""brand"": ""Harvest"", ""size"": ""2 L"", ""pack_qty"": 2}",none,16.25,supermarket
N202649,Bluebell seeded bagel 6 pk pack of 1,Bakery,"{""brand"": ""Bluebell"", ""size"": ""6 pk"", ""pack_qty"": 1}",gluten;egg,14.58,express
N202090,Orchard gala apple 750 g pack of 12,Produce,"{""brand"": ""Orchard"", ""size"": ""750 g"", ""pack_qty"": 12}",none,23.31,supermarket
N202697,Harvest sourdough loaf 330 ml pack of 1,Bakery,"{""brand"": ""Harvest"", ""size"": ""330 ml"", ""pack_qty"": 1}",gluten;egg,17.05,online
N201962,Bluebell gala apple 250 ml pack of 6,Produce,"{""brand"": ""Bluebell"", ""size"": ""250 ml"", ""pack_qty"": 6}",none,13.7,express
N202657,Northfield wholemeal bread 750 g pack of 12,Bakery,"{""brand"": ""Northfield"", ""size"": ""750 g"", ""pack_qty"": 12}",gluten;egg,6.18,express
N202342,Bluebell paper towel 250 ml pack of 4,Household,"{""brand"": ""Bluebell"", ""size"": ""250 ml"", ""pack_qty"": 4}",none,5.18,supermarket
N200651,Meadow vanilla icecream 2 L pack of 4,Frozen,"{""brand"": ""Meadow"", ""size"": ""2 L"", ""pack_qty"": 4}",gluten;fish,4.84,express
N202931,Valley vanilla icecream 6 pk pack of 4,Frozen,"{""brand"": ""Valley"", ""size"": ""6 pk"", ""pack_qty"": 4}",gluten;fish,23.21,online
N202996,Northfield orange juice 1 L pack of 1,Beverages,"{""brand"": ""Northfield"", ""size"": ""1 L"", ""pack_qty"": 1}",none,23.85,supermarket
N202766,Harvest dish soap 6 pk pack of 12,Household,"{""brand"": ""Harvest"", ""size"": ""6 pk"", ""pack_qty"": 12}",none,7.24,express
N202723,Orchard garden peas 2 L pack of 4,Frozen,"{""brand"": ""Orchard"", ""size"": ""2 L"", ""pack_qty"": 4}",gluten;fish,12.05,online
N200278,Northfield glass cleaner 500 g pack of 2,Household,"{""brand"": ""Northfield"", ""size"": ""500 g"", ""pack_qty"": 2}",none,14.75,supermarket
N201264,Valley cheddar cheese 1 L pack of 2,Dairy,"{""brand"": ""Valley"", ""size"": ""1 L"", ""pack_qty"": 2}",milk,4.81,express
N202849,Northfield seeded bagel 6 pk pack of 4,Bakery,"{""brand"": ""Northfield"", ""size"": ""6 pk"", ""pack_qty"": 4}",gluten;egg,15.56,express
N201497,Orchard wholemeal bread 1 kg pack of 12,Bakery,"{""brand"": ""Orchard"", ""size"": ""1 kg"", ""pack_qty"": 12}",gluten;egg,7.62,supermarket
N200734,Northfield glass cleaner 250 ml pack of 1,Household,"{""brand"": ""Northfield"", ""size"": ""250 ml"", ""pack_qty"": 1}",none,13.56,express
N200335,Harvest toothpaste mint 750 g pack of 2,Personal Care,"{""brand"": ""Harvest"", ""size"": ""750 g"", ""pack_qty"": 2}",none,18.11,express
N202015,Valley razor blades 250 ml pack of 1,Personal Care,"{""brand"": ""Valley"", ""size"": ""250 ml"", ""pack_qty"": 1}",none,9.43,supermarket
N202239,Harvest toothpaste mint 2 L pack of 2,Personal Care,"{""brand"": ""Harvest"", ""size"": ""2 L"", ""pack_qty"": 2}",none,8.12,online
N202672,Bluebell greek yogurt 2 L pack of 6,Dairy,"{""brand"": ""Bluebell"", ""size"": ""2 L"", ""pack_qty"": 6}",milk,16.59,supermarket
N202014,Valley paper towel 6 pk pack of 12,Household,"{""brand"": ""Valley"", ""size"": ""6 pk"", ""pack_qty"": 12}",none,5.62,express
N201597,Orchard trail mix 250 ml pack of 6,Snacks,"{""brand"": ""Orchard"", ""size"": ""250 ml"", ""pack_qty"": 6}",nuts;milk,14.2,online
N202394,Valley baby spinach 2 L pack of 4,Produce,"{""brand"": ""Valley"", ""size"": ""2 L"", ""pack_qty"": 4}",none,13.77,supermarket
N202858,Valley gala apple 2 L pack of 2,Produce,"{""brand"": ""Valley"", ""size"": ""2 L"", ""pack_qty"": 2}",none,4.11,express
N201473,Northfield butter croissant 1 L pack of 4,Bakery,"{""brand"": ""Northfield"", ""size"": ""1 L"", ""pack_qty"": 4}",gluten;egg,11.14,express
N201121,Meadow sourdough loaf 1 kg pack of 2,Bakery,"{""brand"": ""Meadow"", ""size"": ""1 kg"", ""pack_qty"": 2}",gluten;egg,13.06,express
N202161,Valley sourdough loaf 1 L pack of 12,Bakery,"{""brand"": ""Valley"", ""size"": ""1 L"", ""pack_qty"": 12}",gluten;egg,1.26,online
N201885,Harvest trail mix 500 g pack of 1,Snacks,"{""brand"": ""Harvest"", ""size"": ""500 g"", ""pack_qty"": 1}",nuts;milk,0.81,express
N202939,Meadow garden peas 6 pk pack of 2,Frozen,"{""brand"": ""Meadow"", ""size"": ""6 pk"", ""pack_qty"": 2}",gluten;fish,3.37,express
N201118,Harvest paper towel 330 ml pack of 2,Household,"{""brand"": ""Harvest"", ""size"": ""330 ml"", ""pack_qty"": 2}",none,7.6,express
N202028,Northfield sparkling water 750 g pack of 1,Beverages,"{""brand"": ""Northfield"", ""size"": ""750 g"", ""pack_qty"": 1}",none,8.41,online
N202811,Meadow margherita pizza 6 pk pack of 4,Frozen,"{""brand"": ""Meadow"", ""size"": ""6 pk"", ""pack_qty"": 4}",gluten;fish,5.41,express
N202439,Northfield toothpaste mint 6 pk pack of 6,Personal Care,"{""brand"": ""Northfield"", ""size"": ""6 pk"", ""pack_qty"": 6}",none,6.47,supermarket
N201124,Orchard cold brew 500 g pack of 2,Beverages,"{""brand"": ""Orchard"", ""size"": ""500 g"", ""pack_qty"": 2}",none,8.49,supermarket
N200284,Harvest cola zero 330 ml pack of 4,Beverages,"{""brand"": ""Harvest"", ""size"": ""330 ml"", ""pack_qty"": 4}",none,15.48,online
N200808,Bluebell double cream 330 ml pack of 6,Dairy,"{""brand"": ""Bluebell"", ""size"": ""330 ml"", ""pack_qty"": 6}",milk,5.64,online
N200793,Valley blueberry muffin 2 L pack of 4,Bakery,"{""brand"": ""Valley"", ""size"": ""2 L"", ""pack_qty"": 4}",gluten;egg,6.53,express
N201752,Harvest salted butter 1 L pack of 2,Dairy,"{""brand"": ""Harvest"", ""size"": ""1 L"", ""pack_qty"": 2}",milk,8.17,online
N202991,Valley body lotion 1 L pack of 6,Personal Care,"{""brand"": ""Valley"", ""size"": ""1 L"", ""pack_qty"": 6}",none,13.93,supermarket
N200241,Valley seeded bagel 500 g pack of 6,Bakery,"{""brand"": ""Valley"", ""size"": ""500 g"", ""pack_qty"": 6}",gluten;egg,9.72,online
N201449,Valley wholemeal bread 250 ml pack of 12,Bakery,"{""brand"": ""Valley"", ""size"": ""250 ml"", ""pack_qty"": 12}",gluten;egg,23.63,express
N201802,Valley avocado ripe 500 g pack of 2,Produce,"{""brand"": ""Valley"", ""size"": ""500 g"", ""pack_qty"": 2}",none,17.14,online
N202862,Orchard bin liners 250 ml pack of 2,Household,"{""brand"": ""Orchard"", ""size"": ""250 ml"", ""pack_qty"": 2}",none,17.51,online
N202045,Meadow trail mix 1 kg pack of 1,Snacks,"{""brand"": ""Meadow"", ""size"": ""1 kg"", ""pack_qty"": 1}",nuts;milk,14.24,supermarket
N200055,Northfield shampoo daily 750 g pack of 12,Personal Care,"{""brand"": ""Northfield"", ""size"": ""750 g"", ""pack_qty"": 12}",none,4.63,supermarket
N202261,Meadow tortilla chips 6 pk pack of 6,Snacks,"{""brand"": ""Meadow"", ""size"": ""6 pk"", ""pack_qty"": 6}",nuts;milk,21.28,online
N201294,Meadow laundry pods 2 L pack of 6,Household,"{""brand"": ""Meadow"", ""size"": ""2 L"", ""pack_qty"": 6}",none,7.88,express
N200899,Bluebell garden peas 2 L pack of 1,Frozen,"{""brand"": ""Bluebell"", ""size"": ""2 L"", ""pack_qty"": 1}",gluten;fish,4.74,online
N202587,Meadow fish fingers 6 pk pack of 4,Frozen,"{""brand"": ""Meadow"", ""size"": ""6 pk"", ""pack_qty"": 4}",gluten;fish,23.88,express
N200044,Harvest orange juice 2 L pack of 6,Beverages,"{""brand"": ""Harvest"", ""size"": ""2 L"", ""pack_qty"": 6}",none,7.04,supermarket
N201614,Harvest dish soap 6 pk pack of 12,Household,"{""brand"": ""Harvest"", ""size"": ""6 pk"", ""pack_qty"": 12}",none,10.9,online
N202049,Orchard sourdough loaf 2 L pack of 1,Bakery,"{""brand"": ""Orchard"", ""size"": ""2 L"", ""pack_qty"": 1}",gluten;egg,8.86,express
N202791,Bluebell hand soap 500 g pack of 12,Personal Care,"{""brand"": ""Bluebell"", ""size"": ""500 g"", ""pack_qty"": 12}",none,17.97,express
N201058,Meadow cherry tomato 330 ml pack of 1,Produce,"{""brand"": ""Meadow"", ""size"": ""330 ml"", ""pack_qty"": 1}",none,4.01,express
N201476,Orchard sparkling water 1 L pack of 6,Beverages,"{""brand"": ""Orchard"", ""size"": ""1 L"", ""pack_qty"": 6}",none,3.33,online
N202172,Northfield cold brew 250 ml pack of 4,Beverages,"{""brand"": ""Northfield"", ""size"": ""250 ml"", ""pack_qty"": 4}",none,21.58,supermarket
N202598,Meadow paper towel 500 g pack of 2,Household,"{""brand"": ""Meadow"", ""size"": ""500 g"", ""pack_qty"": 2}",none,14.56,online
N202659,Meadow margherita pizza 6 pk pack of 4,Frozen,"{""brand"": ""Meadow"", ""size"": ""6 pk"", ""pack_qty"": 4}",gluten;fish,15.56,express
N202465,Meadow wholemeal bread 250 ml pack of 12,Bakery,"{""brand"": ""Meadow"", ""size"": ""250 ml"", ""pack_qty"": 12}",gluten;egg,12.4,online
N202475,Meadow fish fingers 6 pk pack of 12,Frozen,"{""brand"": ""Meadow"", ""size"": ""6 pk"", ""pack_qty"": 12}",gluten;fish,15.89,supermarket
N202691,Orchard margherita pizza 6 pk pack of 1,Frozen,"{""brand"": ""Orchard"", ""size"": ""6 pk"", ""pack_qty"": 1}",gluten;fish,1.21,supermarket
N202708,Orchard sparkling water 6 pk pack of 6,Beverages,"{""brand"": ""Orchard"", ""size"": ""6 pk"", ""pack_qty"": 6}",none,23.2,express
N200389,Valley rice cakes 330 ml pack of 1,Snacks,"{""brand"": ""Valley"", ""size"": ""330 ml"", ""pack_qty"": 1}",nuts;milk,11.3,supermarket
N200336,Bluebell cheddar cheese 1 L pack of 2,Dairy,"{""brand"": ""Bluebell"", ""size"": ""1 L"", ""pack_qty"": 2}",milk,5.57,express
N200462,Orchard laundry pods 1 L pack of 12,Household,"{""brand"": ""Orchard"", ""size"": ""1 L"", ""pack_qty"": 12}",none,1.31,supermarket
N202270,Northfield paper towel 2 L pack of 12,Household,"{""brand"": ""Northfield"", ""size"": ""2 L"", ""pack_qty"": 12}",none,10.17,online
N202272,Harvest double cream 500 g pack of 1,Dairy,"{""brand"": ""Harvest"", ""size"": ""500 g"", ""pack_qty"": 1}",milk,20.17,online
N201205,Northfield salted crisps 6 pk pack of 2,Snacks,"{""brand"": ""Northfield"", ""size"": ""6 pk"", ""pack_qty"": 2}",nuts;milk,4.69,online
N200657,Bluebell seeded bagel 6 pk pack of 2,Bakery,"{""brand"": ""Bluebell"", ""size"": ""6 pk"", ""pack_qty"": 2}",gluten;egg,11.53,online
N201941,Orchard salted crisps 2 L pack of 1,Snacks,"{""brand"": ""Orchard"", ""size"": ""2 L"", ""pack_qty"": 1}",nuts;milk,18.64,express
N202915,Valley margherita pizza 250 ml pack of 6,Frozen,"{""brand"": ""Valley"", ""size"": ""250 ml"", ""pack_qty"": 6}",gluten;fish,13.81,online
N201250,Harvest gala apple 250 ml pack of 6,Produce,"{""brand"": ""Harvest"", ""size"": ""250 ml"", ""pack_qty"": 6}",none,5.01,online
N200984,Northfield double cream 1 kg pack of 2,Dairy,"{""brand"": ""Northfield"", ""size"": ""1 kg"", ""pack_qty"": 2}",milk,16.43,online
N201340,Northfield cold brew 2 L pack of 2,Beverages,"{""brand"": ""Northfield"", ""size"": ""2 L"", ""pack_qty"": 2}",none,17.56,online
N202057,Bluebell sourdough loaf 1 L pack of 2,Bakery,"{""brand"": ""Bluebell"", ""size"": ""1 L"", ""pack_qty"": 2}",gluten;egg,0.53,express
N201816,Valley greek yogurt 250 ml pack of 12,Dairy,"{""brand"": ""Valley"", ""size"": ""250 ml"", ""pack_qty"": 12}",milk,12.39,online
N200648,Northfield salted butter 750 g pack of 12,Dairy,"{""brand"": ""Northfield"", ""size"": ""750 g"", ""pack_qty"": 12}",milk,15.24,online
N201114,Orchard gala apple 250 ml pack of 1,Produce,"{""brand"": ""Orchard"", ""size"": ""250 ml"", ""pack_qty"": 1}",none,19.52,online
N200845,Northfield dark chocolate 1 kg pack of 6,Snacks,"{""brand"": ""Northfield"", ""size"": ""1 kg"", ""pack_qty"": 6}",nuts;milk,19.22,online
N202841,Orchard butter croissant 1 L pack of 1,Bakery,"{""brand"": ""Orchard"", ""size"": ""1 L"", ""pack_qty"": 1}",gluten;egg,19.73,supermarket
N201315,Meadow fish fingers 2 L pack of 2,Frozen,"{""brand"": ""Meadow"", ""size"": ""2 L"", ""pack_qty"": 2}",gluten;fish,8.0,online
N201163,Valley margherita pizza 2 L pack of 6,Frozen,"{""brand"": ""Valley"", ""size"": ""2 L"", ""pack_qty"": 6}",gluten;fish,4.53,express
N200440,Valley double cream 1 L pack of 2,Dairy,"{""brand"": ""Valley"", ""size"": ""1 L"", ""pack_qty"": 2}",milk,8.92,supermarket
N202546,Harvest baby spinach 1 L pack of 6,Produce,"{""brand"": ""Harvest"", ""size"": ""1 L"", ""pack_qty"": 6}",none,9.97,online
N200374,Orchard glass cleaner 750 g pack of 2,Household,"{""brand"": ""Orchard"", ""size"": ""750 g"", ""pack_qty"": 2}",none,22.2,online
N201023,Bluebell body lotion 750 g pack of 6,Personal Care,"{""brand"": ""Bluebell"", ""size"": ""750 g"", ""pack_qty"": 6}",none,17.45,express
N200397,Northfield dark chocolate 6 pk pack of 6,Snacks,"{""brand"": ""Northfield"", ""size"": ""6 pk"", ""pack_qty"": 6}",nuts;milk,3.17,online
N200152,Bluebell greek yogurt 6 pk pack of 6,Dairy,"{""brand"": ""Bluebell"", ""size"": ""6 pk"", ""pack_qty"": 6}",milk,0.65,online
N201640,Harvest salted butter 500 g pack of 6,Dairy,"{""brand"": ""Harvest"", ""size"": ""500 g"", ""pack_qty"": 6}",milk,18.99,supermarket
N200596,Orchard sparkling water 250 ml pack of 2,Beverages,"{""brand"": ""Orchard"", ""size"": ""250 ml"", ""pack_qty"": 2}",none,17.32,express
N200687,Bluebell toothpaste mint 1 kg pack of 4,Personal Care,"{""brand"": ""Bluebell"", ""size"": ""1 kg"", ""pack_qty"": 4}",none,7.42,express
N202537,Valley sourdough loaf 2 L pack of 2,Bakery,"{""brand"": ""Valley"", ""size"": ""2 L"", ""pack_qty"": 2}",gluten;egg,15.37,online
N200575,Northfield toothpaste mint 250 ml pack of 6,Personal Care,"{""brand"": ""Northfield"", ""size"": ""250 ml"", ""pack_qty"": 6}",none,12.72,express
N201479,Harvest body lotion 500 g pack of 1,Personal Care,"{""brand"": ""Harvest"", ""size"": ""500 g"", ""pack_qty"": 1}",none,12.87,express
N200726,Northfield laundry pods 330 ml pack of 2,Household,"{""brand"": ""Northfield"", ""size"": ""330 ml"", ""pack_qty"": 2}",none,6.3,supermarket
N201446,Bluebell dish soap 6 pk pack of 2,Household,"{""brand"": ""Bluebell"", ""size"": ""6 pk"", ""pack_qty"": 2}",none,3.82,supermarket
N202155,Orchard fish fingers 6 pk pack of 4,UNKNOWN_CAT,"{""brand"": ""Orchard"", ""size"": ""6 pk"", ""pack_qty"": 4}",gluten;fish,7.61,express
N200256,Valley greek yogurt 250 ml pack of 2,Dairy,"{""brand"": ""Valley"", ""size"": ""250 ml"", ""pack_qty"": 2}",milk,4.78,express
N200438,Bluebell bin liners 1 kg pack of 1,Household,"{""brand"": ""Bluebell"", ""size"": ""1 kg"", ""pack_qty"": 1}",none,11.75,supermarket
N200908,Bluebell orange juice 500 g pack of 4,Beverages,"{""brand"": ""Bluebell"", ""size"": ""500 g"", ""pack_qty"": 4}",none,22.51,online
N202064,Orchard salted butter 2 L pack of 1,Dairy,"{""brand"": ""Orchard"", ""size"": ""2 L"", ""pack_qty"": 1}",milk,1.03,supermarket
N201218,Orchard avocado ripe 6 pk pack of 6,Produce,"{""brand"": ""Orchard"", ""size"": ""6 pk"", ""pack_qty"": 6}",none,12.48,supermarket
N201652,Harvest cold brew 1 kg pack of 12,Beverages,"{""brand"": ""Harvest"", ""size"": ""1 kg"", ""pack_qty"": 12}",none,6.15,supermarket
N200242,Northfield cherry tomato 250 ml pack of 1,Produce,"{""brand"": ""Northfield"", ""size"": ""250 ml"", ""pack_qty"": 1}",none,23.09,supermarket
N201770,Northfield baby spinach 250 ml pack of 6,Produce,"{""brand"": ""Northfield"", ""size"": ""250 ml"", ""pack_qty"": 6}",none,3.91,online
N200223,Harvest toothpaste mint 6 pk pack of 4,Personal Care,"{""brand"": ""Harvest"", ""size"": ""6 pk"", ""pack_qty"": 4}",none,14.64,express
N201504,Meadow greek yogurt 1 L pack of 1,Dairy,"{""brand"": ""Meadow"", ""size"": ""1 L"", ""pack_qty"": 1}",milk,8.14,online
N201191,Orchard body lotion 250 ml pack of 12,Personal Care,"{""brand"": ""Orchard"", ""size"": ""250 ml"", ""pack_qty"": 12}",none,17.08,online
N202685,Meadow salted crisps 750 g pack of 12,Snacks,"{""brand"": ""Meadow"", ""size"": ""750 g"", ""pack_qty"": 12}",nuts;milk,16.09,online
N202642,Meadow banana bunch 250 ml pack of 6,Produce,"{""brand"": ""Meadow"", ""size"": ""250 ml"", ""pack_qty"": 6}",none,19.96,supermarket
N200155,Meadow mixed berries 6 pk pack of 6,Frozen,"{""brand"": ""Meadow"", ""size"": ""6 pk"", ""pack_qty"": 6}",gluten;fish,10.98,supermarket
N201074,Harvest gala apple 1 kg pack of 12,Produce,"{""brand"": ""Harvest"", ""size"": ""1 kg"", ""pack_qty"": 12}",none,8.12,express
N202054,Orchard bin liners 1 L pack of 4,Household,"{""brand"": ""Orchard"", ""size"": ""1 L"", ""pack_qty"": 4}",none,6.79,online
N200909,Harvest tortilla chips 250 ml pack of 12,Snacks,"{""brand"": ""Harvest"", ""size"": ""250 ml"", ""pack_qty"": 12}",nuts;milk,1.76,supermarket
N202279,Meadow hand soap 6 pk pack of 4,Personal Care,"{""brand"": ""Meadow"", ""size"": ""6 pk"", ""pack_qty"": 4}",none,10.88,online
N202631,Harvest toothpaste mint 2 L pack of 1,Personal Care,"{""brand"": ""Harvest"", ""size"": ""2 L"", ""pack_qty"": 1}",none,9.39,online
N200888,Valley whole milk 500 g pack of 12,Dairy,"{""brand"": ""Valley"", ""size"": ""500 g"", ""pack_qty"": 12}",milk,7.52,online
N201516,Northfield cola zero 330 ml pack of 2,Beverages,"{""brand"": ""Northfield"", ""size"": ""330 ml"", ""pack_qty"": 2}",none,4.74,online
N200761,Harvest sourdough loaf 250 ml pack of 4,Bakery,"{""brand"": ""Harvest"", ""size"": ""250 ml"", ""pack_qty"": 4}",gluten;egg,21.53,online
N200611,Bluebell vanilla icecream 750 g pack of 4,Frozen,"{""brand"": ""Bluebell"", ""size"": ""750 g"", ""pack_qty"": 4}",gluten;fish,10.65,online
N200309,Meadow tortilla chips 6 pk pack of 2,Snacks,"{""brand"": ""Meadow"", ""size"": ""6 pk"", ""pack_qty"": 2}",nuts;milk,23.49,online
N201140,Meadow cola zero 330 ml pack of 4,Beverages,"{""brand"": ""Meadow"", ""size"": ""330 ml"", ""pack_qty"": 4}",none,2.3,online
N200463,Harvest razor blades 330 ml pack of 6,Personal Care,"{""brand"": ""Harvest"", ""size"": ""330 ml"", ""pack_qty"": 6}",none,2.5,online
N201010,Harvest cherry tomato 330 ml pack of 2,Produce,"{""brand"": ""Harvest"", ""size"": ""330 ml"", ""pack_qty"": 2}",none,14.38,online
N200874,Orchard banana bunch 1 kg pack of 4,Produce,"{""brand"": ""Orchard"", ""size"": ""1 kg"", ""pack_qty"": 4}",none,10.83,supermarket
N202901,Valley trail mix 1 L pack of 1,Snacks,"{""brand"": ""Valley"", ""size"": ""1 L"", ""pack_qty"": 1}",nuts;milk,11.91,express
N201590,Bluebell paper towel 330 ml pack of 6,Household,"{""brand"": ""Bluebell"", ""size"": ""330 ml"", ""pack_qty"": 6}",none,4.09,online
N202916,Northfield cold brew 250 ml pack of 2,Beverages,"{""brand"": ""Northfield"", ""size"": ""250 ml"", ""pack_qty"": 2}",none,6.49,supermarket
N200641,Harvest blueberry muffin 250 ml pack of 1,Bakery,"{""brand"": ""Harvest"", ""size"": ""250 ml"", ""pack_qty"": 1}",gluten;egg,6.58,supermarket
N200199,Bluebell toothpaste mint 330 ml pack of 6,Personal Care,"{""brand"": ""Bluebell"", ""size"": ""330 ml"", ""pack_qty"": 6}",none,7.47,express
N201265,Northfield sourdough loaf 1 kg pack of 2,Bakery,"{""brand"": ""Northfield"", ""size"": ""1 kg"", ""pack_qty"": 2}",gluten;egg,7.67,supermarket
N202422,Valley laundry pods 500 g pack of 2,Household,"{""brand"": ""Valley"", ""size"": ""500 g"", ""pack_qty"": 2}",none,19.53,supermarket
N200054,Valley paper towel 500 g pack of 12,Household,"{""brand"": ""Valley"", ""size"": ""500 g"", ""pack_qty"": 12}",none,6.09,supermarket
N201345,Valley butter croissant 1 kg pack of 1,Bakery,"{""brand"": ""Valley"", ""size"": ""1 kg"", ""pack_qty"": 1}",gluten;egg,19.13,express
N202269,Valley salted crisps 2 L pack of 2,Snacks,"{""brand"": ""Valley"", ""size"": ""2 L"", ""pack_qty"": 2}",nuts;milk,14.5,express
N200089,Valley blueberry muffin 1 kg pack of 2,Bakery,"{""brand"": ""Valley"", ""size"": ""1 kg"", ""pack_qty"": 2}",gluten;egg,9.05,express
N200757,Meadow salted crisps 6 pk pack of 1,Snacks,"{""brand"": ""Meadow"", ""size"": ""6 pk"", ""pack_qty"": 1}",nuts;milk,19.61,express
N202031,Valley hand soap 1 kg pack of 12,Personal Care,"{""brand"": ""Valley"", ""size"": ""1 kg"", ""pack_qty"": 12}",none,14.19,online
N201210,Orchard gala apple 250 ml pack of 2,Produce,"{""brand"": ""Orchard"", ""size"": ""250 ml"", ""pack_qty"": 2}",none,20.89,express
N202773,Northfield trail mix 750 g pack of 4,Snacks,"{""brand"": ""Northfield"", ""size"": ""750 g"", ""pack_qty"": 4}",nuts;milk,19.04,online
N200660,Orchard cola zero 750 g pack of 1,Beverages,"{""brand"": ""Orchard"", ""size"": ""750 g"", ""pack_qty"": 1}",none,9.48,supermarket
N202039,Northfield hand soap 1 kg pack of 2,Personal Care,"{""brand"": ""Northfield"", ""size"": ""1 kg"", ""pack_qty"": 2}",none,4.09,online
N201853,Meadow tortilla chips 1 L pack of 1,Snacks,"{""brand"": ""Meadow"", ""size"": ""1 L"", ""pack_qty"": 1}",nuts;milk,0.88,express
N202353,Northfield seeded bagel 6 pk pack of 2,Bakery,"{""brand"": ""Northfield"", ""size"": ""6 pk"", ""pack_qty"": 2}",gluten;egg,16.17,express
N200585,Orchard butter croissant 1 kg pack of 6,Bakery,"{""brand"": ""Orchard"", ""size"": ""1 kg"", ""pack_qty"": 6}",gluten;egg,23.71,express
N202877,Northfield rice cakes 330 ml pack of 4,Snacks,"{""brand"": ""Northfield"", ""size"": ""330 ml"", ""pack_qty"": 4}",nuts;milk,7.75,online
N200039,Meadow hand soap 250 ml pack of 4,Personal Care,"{""brand"": ""Meadow"", ""size"": ""250 ml"", ""pack_qty"": 4}",none,2.35,online
N202156,Valley cold brew 1 L pack of 1,Beverages,"{""brand"": ""Valley"", ""size"": ""1 L"", ""pack_qty"": 1}",none,3.05,online
N202286,Northfield glass cleaner 6 pk pack of 2,Household,"{""brand"": ""Northfield"", ""size"": ""6 pk"", ""pack_qty"": 2}",none,1.01,online
N200457,Harvest seeded bagel 6 pk pack of 6,Bakery,"{""brand"": ""Harvest"", ""size"": ""6 pk"", ""pack_qty"": 6}",gluten;egg,16.39,supermarket
N202415,Northfield toothpaste mint 6 pk pack of 4,Personal Care,"{""brand"": ""Northfield"", ""size"": ""6 pk"", ""pack_qty"": 4}",none,2.26,supermarket
N200668,Orchard cold brew 2 L pack of 1,Beverages,"{""brand"": ""Orchard"", ""size"": ""2 L"", ""pack_qty"": 1}",none,4.42,online
N200566,Orchard paper towel 1 kg pack of 12,Household,"{""brand"": ""Orchard"", ""size"": ""1 kg"", ""pack_qty"": 12}",none,6.1,express
N202618,Meadow baby spinach 250 ml pack of 4,Produce,"{""brand"": ""Meadow"", ""size"": ""250 ml"", ""pack_qty"": 4}",none,9.78,online
N201631,Northfield body lotion 330 ml pack of 4,Personal Care,"{""brand"": ""Northfield"", ""size"": ""330 ml"", ""pack_qty"": 4}",none,13.39,online
N202656,Bluebell whole milk 2 L pack of 12,Dairy,"{""brand"": ""Bluebell"", ""size"": ""2 L"", ""pack_qty"": 12}",milk,15.79,express
N202086,Bluebell bin liners 500 g pack of 12,Household,"{""brand"": ""Bluebell"", ""size"": ""500 g"", ""pack_qty"": 12}",none,11.66,express
N201204,Orchard cold brew 500 g pack of 1,Beverages,"{""brand"": ""Orchard"", ""size"": ""500 g"", ""pack_qty"": 1}",none,16.42,express
N201360,Harvest cheddar cheese 750 g pack of 4,Dairy,"{""brand"": ""Harvest"", ""size"": ""750 g"", ""pack_qty"": 4}",milk,22.16,online
N201750,Harvest paper towel 330 ml pack of 2,Household,"{""brand"": ""Harvest"", ""size"": ""330 ml"", ""pack_qty"": 2}",none,0.53,online
N202214,Orchard glass cleaner 250 ml pack of 12,Household,"{""brand"": ""Orchard"", ""size"": ""250 ml"", ""pack_qty"": 12}",none,6.71,supermarket
N202722,Northfield gala apple 330 ml pack of 12,Produce,"{""brand"": ""Northfield"", ""size"": ""330 ml"", ""pack_qty"": 12}",none,6.59,express
N201096,Bluebell salted butter 6 pk pack of 1,Dairy,"{""brand"": ""Bluebell"", ""size"": ""6 pk"", ""pack_qty"": 1}",milk,19.16,express
N201708,Meadow orange juice 500 g pack of 6,Beverages,"{""brand"": ""Meadow"", ""size"": ""500 g"", ""pack_qty"": 6}",none,12.22,supermarket
N200906,Orchard cherry tomato 1 kg pack of 6,Produce,"{""brand"": ""Orchard"", ""size"": ""1 kg"", ""pack_qty"": 6}",none,23.64,express
N202139,Harvest mixed berries 500 g pack of 4,Frozen,"{""brand"": ""Harvest"", ""size"": ""500 g"", ""pack_qty"": 4}",gluten;fish,0.91,supermarket
N202119,Harvest shampoo daily 6 pk pack of 6,Personal Care,"{""brand"": ""Harvest"", ""size"": ""6 pk"", ""pack_qty"": 6}",none,2.68,express
N200301,Northfield dark chocolate 1 L pack of 2,Snacks,"{""brand"": ""Northfield"", ""size"": ""1 L"", ""pack_qty"": 2}",nuts;milk,21.88,online
N201713,Valley blueberry muffin 330 ml pack of 12,Bakery,"{""brand"": ""Valley"", ""size"": ""330 ml"", ""pack_qty"": 12}",gluten;egg,20.73,online
N202610,Valley cherry tomato 500 g pack of 4,Produce,"{""brand"": ""Valley"", ""size"": ""500 g"", ""pack_qty"": 4}",none,15.16,online
N202309,Orchard dark chocolate 500 g pack of 6,Snacks,"{""brand"": ""Orchard"", ""size"": ""500 g"", ""pack_qty"": 6}",nuts;milk,3.37,express
N201812,Northfield cola zero 1 L pack of 4,Beverages,"{""brand"": ""Northfield"", ""size"": ""1 L"", ""pack_qty"": 4}",none,7.1,online
N201526,Bluebell dish soap 330 ml pack of 12,Household,"{""brand"": ""Bluebell"", ""size"": ""330 ml"", ""pack_qty"": 12}",none,14.15,online
N201573,Valley salted crisps 1 kg pack of 4,Snacks,"{""brand"": ""Valley"", ""size"": ""1 kg"", ""pack_qty"": 4}",nuts;milk,18.95,express
N200480,Meadow salted butter 500 g pack of 12,Dairy,"{""brand"": ""Meadow"", ""size"": ""500 g"", ""pack_qty"": 12}",milk,18.08,express
N200645,Bluebell dark chocolate 500 g pack of 6,Snacks,"{""brand"": ""Bluebell"", ""size"": ""500 g"", ""pack_qty"": 6}",nuts;milk,16.88,express
N201746,Orchard banana bunch 250 ml pack of 2,Produce,"{""brand"": ""Orchard"", ""size"": ""250 ml"", ""pack_qty"": 2}",none,22.87,express
N200428,Harvest sparkling water 250 ml pack of 6,Beverages,"{""brand"": ""Harvest"", ""size"": ""250 ml"", ""pack_qty"": 6}",none,16.26,online
N200447,Bluebell toothpaste mint 250 ml pack of 6,Personal Care,"{""brand"": ""Bluebell"", ""size"": ""250 ml"", ""pack_qty"": 6}",none,0.77,supermarket
N202098,Harvest gala apple 1 L pack of 2,Produce,"{""brand"": ""Harvest"", ""size"": ""1 L"", ""pack_qty"": 2}",none,13.07,supermarket
N201328,Bluebell greek yogurt 750 g pack of 4,Dairy,"{""brand"": ""Bluebell"", ""size"": ""750 g"", ""pack_qty"": 4}",milk,20.33,express
N201089,Northfield seeded bagel 330 ml pack of 2,Bakery,"{""brand"": ""Northfield"", ""size"": ""330 ml"", ""pack_qty"": 2}",gluten;egg,10.57,supermarket
N202531,Harvest fish fingers 1 kg pack of 4,Frozen,"{""brand"": ""Harvest"", ""size"": ""1 kg"", ""pack_qty"": 4}",gluten;fish,9.54,supermarket
N202867,Meadow margherita pizza 6 pk pack of 2,Frozen,"{""brand"": ""Meadow"", ""size"": ""6 pk"", ""pack_qty"": 2}",gluten;fish,15.09,online
N202997,Orchard tortilla chips 1 L pack of 6,Snacks,"{""brand"": ""Orchard"", ""size"": ""1 L"", ""pack_qty"": 6}",nuts;milk,22.82,express
N200384,Orchard double cream 2 L pack of 6,Dairy,"{""brand"": ""Orchard"", ""size"": ""2 L"", ""pack_qty"": 6}",milk,10.43,online
N201453,Valley trail mix 750 g pack of 12,Snacks,"{""brand"": ""Valley"", ""size"": ""750 g"", ""pack_qty"": 12}",nuts;milk,22.52,express
N201843,Harvest garden peas 1 L pack of 12,Frozen,"{""brand"": ""Harvest"", ""size"": ""1 L"", ""pack_qty"": 12}",gluten;fish,6.86,express
N200789,Meadow rice cakes 500 g pack of 4,Snacks,"{""brand"": ""Meadow"", ""size"": ""500 g"", ""pack_qty"": 4}",nuts;milk,2.11,supermarket
N201450,Orchard banana bunch 250 ml pack of 4,Produce,"{""brand"": ""Orchard"", ""size"": ""250 ml"", ""pack_qty"": 4}",none,3.93,supermarket
N200690,Valley gala apple 250 ml pack of 2,Produce,"{""brand"": ""Valley"", ""size"": ""250 ml"", ""pack_qty"": 2}",none,12.85,supermarket
N201910,Harvest paper towel 500 g pack of 12,Household,"{""brand"": ""Harvest"", ""size"": ""500 g"", ""pack_qty"": 12}",none,21.31,express
N202491,Orchard mixed berries 500 g pack of 4,Frozen,"{""brand"": ""Orchard"", ""size"": ""500 g"", ""pack_qty"": 4}",gluten;fish,12.03,online
N200365,Northfield rice cakes 750 g pack of 1,Snacks,"{""brand"": ""Northfield"", ""size"": ""750 g"", ""pack_qty"": 1}",nuts;milk,8.86,express
N200887,Orchard shampoo daily 2 L pack of 4,Personal Care,"{""brand"": ""Orchard"", ""size"": ""2 L"", ""pack_qty"": 4}",none,15.66,supermarket
N202744,Bluebell whole milk 330 ml pack of 12,Dairy,"{""brand"": ""Bluebell"", ""size"": ""330 ml"", ""pack_qty"": 12}",milk,12.36,supermarket
N201583,Meadow body lotion 330 ml pack of 1,Personal Care,"{""brand"": ""Meadow"", ""size"": ""330 ml"", ""pack_qty"": 1}",none,14.56,express
N202132,Bluebell orange juice 330 ml pack of 12,Beverages,"{""brand"": ""Bluebell"", ""size"": ""330 ml"", ""pack_qty"": 12}",none,22.89,express
N200980,Bluebell cold brew 1 kg pack of 4,Beverages,"{""brand"": ""Bluebell"", ""size"": ""1 kg"", ""pack_qty"": 4}",none,23.64,express
N202550,Orchard laundry pods 1 L pack of 6,Household,"{""brand"": ""Orchard"", ""size"": ""1 L"", ""pack_qty"": 6}",none,23.12,online
N201986,Bluebell avocado ripe 250 ml pack of 1,Produce,"{""brand"": ""Bluebell"", ""size"": ""250 ml"", ""pack_qty"": 1}",none,15.31,express
N200303,Meadow hand soap 330 ml pack of 6,Personal Care,"{""brand"": ""Meadow"", ""size"": ""330 ml"", ""pack_qty"": 6}",none,15.16,supermarket
N201334,Bluebell paper towel 2 L pack of 1,Household,"{""brand"": ""Bluebell"", ""size"": ""2 L"", ""pack_qty"": 1}",none,7.63,online
N201854,Harvest glass cleaner 1 L pack of 2,Household,"{""brand"": ""Harvest"", ""size"": ""1 L"", ""pack_qty"": 2}",none,16.09,supermarket
N200998,Orchard bin liners 1 L pack of 1,Household,"{""brand"": ""Orchard"", ""size"": ""1 L"", ""pack_qty"": 1}",none,19.67,supermarket
N200095,Bluebell hand soap 750 g pack of 12,Personal Care,"{""brand"": ""Bluebell"", ""size"": ""750 g"", ""pack_qty"": 12}",none,14.9,supermarket
N200092,Bluebell sparkling water 250 ml pack of 4,Beverages,"{""brand"": ""Bluebell"", ""size"": ""250 ml"", ""pack_qty"": 4}",none,20.43,express
N200010,Bluebell gala apple 250 ml pack of 1,Produce,"{""brand"": ""Bluebell"", ""size"": ""250 ml"", ""pack_qty"": 1}",none,11.63,supermarket
N201489,Harvest sourdough loaf 6 pk pack of 6,Bakery,"{""brand"": ""Harvest"", ""size"": ""6 pk"", ""pack_qty"": 6}",gluten;egg,9.95,online
N200670,Northfield dish soap 6 pk pack of 12,Household,"{""brand"": ""Northfield"", ""size"": ""6 pk"", ""pack_qty"": 12}",none,20.12,supermarket
N201876,Bluebell cold brew 750 g pack of 4,Beverages,"{""brand"": ""Bluebell"", ""size"": ""750 g"", ""pack_qty"": 4}",none,14.95,online
N200881,Bluebell seeded bagel 750 g pack of 4,Bakery,"{""brand"": ""Bluebell"", ""size"": ""750 g"", ""pack_qty"": 4}",gluten;egg,5.24,supermarket
N200577,Valley wholemeal bread 2 L pack of 6,Bakery,"{""brand"": ""Valley"", ""size"": ""2 L"", ""pack_qty"": 6}",gluten;egg,0.73,supermarket
N201877,Meadow dark chocolate 2 L pack of 1,Snacks,"{""brand"": ""Meadow"", ""size"": ""2 L"", ""pack_qty"": 1}",nuts;milk,15.63,express
N201644,Harvest orange juice 1 L pack of 6,Beverages,"{""brand"": ""Harvest"", ""size"": ""1 L"", ""pack_qty"": 6}",none,3.77,online
N202384,Orchard double cream 1 kg pack of 4,Dairy,"{""brand"": ""Orchard"", ""size"": ""1 kg"", ""pack_qty"": 4}",milk,15.2,online
N201496,Bluebell whole milk 250 ml pack of 1,Dairy,"{""brand"": ""Bluebell"", ""size"": ""250 ml"", ""pack_qty"": 1}",milk,10.73,express
N202781,Harvest salted crisps 500 g pack of 6,Snacks,"{""brand"": ""Harvest"", ""size"": ""500 g"", ""pack_qty"": 6}",nuts;milk,0.97,express
N201738,Orchard gala apple 6 pk pack of 1,Produce,"{""brand"": ""Orchard"", ""size"": ""6 pk"", ""pack_qty"": 1}",none,19.29,express
N200967,Harvest hand soap 2 L pack of 12,Personal Care,"{""brand"": ""Harvest"", ""size"": ""2 L"", ""pack_qty"": 12}",none,22.69,express
N202442,Meadow baby spinach 6 pk pack of 6,Produce,"{""brand"": ""Meadow"", ""size"": ""6 pk"", ""pack_qty"": 6}",none,16.01,express
N201341,Meadow trail mix 250 ml pack of 2,Snacks,"{""brand"": ""Meadow"", ""size"": ""250 ml"", ""pack_qty"": 2}",nuts;milk,9.85,online
N200673,Bluebell seeded bagel 250 ml pack of 1,Bakery,"{""brand"": ""Bluebell"", ""size"": ""250 ml"", ""pack_qty"": 1}",gluten;egg,23.74,express
N200758,Valley bin liners 500 g pack of 4,Household,"{""brand"": ""Valley"", ""size"": ""500 g"", ""pack_qty"": 4}",none,22.28,supermarket
N201037,Harvest dark chocolate 500 g pack of 6,Snacks,"{""brand"": ""Harvest"", ""size"": ""500 g"", ""pack_qty"": 6}",nuts;milk,14.53,online
N202689,Valley sourdough loaf 1 kg pack of 6,Bakery,"{""brand"": ""Valley"", ""size"": ""1 kg"", ""pack_qty"": 6}",gluten;egg,20.7,online
N202707,Valley fish fingers 6 pk pack of 6,Frozen,"{""brand"": ""Valley"", ""size"": ""6 pk"", ""pack_qty"": 6}",gluten;fish,18.21,express
N201790,Valley glass cleaner 1 kg pack of 1,Household,"{""brand"": ""Valley"", ""size"": ""1 kg"", ""pack_qty"": 1}",none,19.31,express
N201796,Bluebell cold brew 1 kg pack of 12,Beverages,"{""brand"": ""Bluebell"", ""size"": ""1 kg"", ""pack_qty"": 12}",none,8.29,express
N201599,Meadow shampoo daily 250 ml pack of 1,Personal Care,"{""brand"": ""Meadow"", ""size"": ""250 ml"", ""pack_qty"": 1}",none,11.61,express
N201794,Valley gala apple 250 ml pack of 6,Produce,"{""brand"": ""Valley"", ""size"": ""250 ml"", ""pack_qty"": 6}",none,6.73,online
N202615,Orchard shampoo daily 6 pk pack of 6,Personal Care,"{""brand"": ""Orchard"", ""size"": ""6 pk"", ""pack_qty"": 6}",none,21.98,express
N202807,Valley hand soap 500 g pack of 12,Personal Care,"{""brand"": ""Valley"", ""size"": ""500 g"", ""pack_qty"": 12}",none,12.11,online
N201648,Orchard greek yogurt 750 g pack of 6,Dairy,"{""brand"": ""Orchard"", ""size"": ""750 g"", ""pack_qty"": 6}",milk,19.31,supermarket
N200678,Bluebell paper towel 750 g pack of 2,Household,"{""brand"": ""Bluebell"", ""size"": ""750 g"", ""pack_qty"": 2}",none,3.94,online
N201064,Bluebell double cream 750 g pack of 6,Dairy,"{""brand"": ""Bluebell"", ""size"": ""750 g"", ""pack_qty"": 6}",milk,23.1,express
N202893,Harvest dark chocolate 500 g pack of 1,Snacks,"{""brand"": ""Harvest"", ""size"": ""500 g"", ""pack_qty"": 1}",nuts;milk,3.32,online
N200704,Harvest greek yogurt 500 g pack of 6,Dairy,"{""brand"": ""Harvest"", ""size"": ""500 g"", ""pack_qty"": 6}",milk,19.93,express
N201377,Orchard wholemeal bread 2 L pack of 4,Bakery,"{""brand"": ""Orchard"", ""size"": ""2 L"", ""pack_qty"": 4}",gluten;egg,16.09,supermarket
N200514,Harvest cherry tomato 250 ml pack of 6,Produce,"{""brand"": ""Harvest"", ""size"": ""250 ml"", ""pack_qty"": 6}",none,15.12,online
N200134,Valley laundry pods 2 L pack of 4,Household,"{""brand"": ""Valley"", ""size"": ""2 L"", ""pack_qty"": 4}",none,11.59,supermarket
N201924,Valley orange juice 330 ml pack of 12,Beverages,"{""brand"": ""Valley"", ""size"": ""330 ml"", ""pack_qty"": 12}",none,0.75,online
N202829,Harvest trail mix 2 L pack of 12,Snacks,"{""brand"": ""Harvest"", ""size"": ""2 L"", ""pack_qty"": 12}",nuts;milk,14.54,express
N200782,Northfield laundry pods 1 L pack of 6,Household,"{""brand"": ""Northfield"", ""size"": ""1 L"", ""pack_qty"": 6}",none,13.98,online
N200502,Harvest glass cleaner 1 kg pack of 12,Household,"{""brand"": ""Harvest"", ""size"": ""1 kg"", ""pack_qty"": 12}",none,22.16,online
N200982,Valley paper towel 250 ml pack of 1,Household,"{""brand"": ""Valley"", ""size"": ""250 ml"", ""pack_qty"": 1}",none,14.47,supermarket
N200901,Northfield dark chocolate 1 kg pack of 4,Snacks,"{""brand"": ""Northfield"", ""size"": ""1 kg"", ""pack_qty"": 4}",nuts;milk,2.06,supermarket
N202321,Harvest seeded bagel 6 pk pack of 1,Bakery,"{""brand"": ""Harvest"", ""size"": ""6 pk"", ""pack_qty"": 1}",gluten;egg,10.3,express
N202988,Meadow sparkling water 750 g pack of 6,Beverages,"{""brand"": ""Meadow"", ""size"": ""750 g"", ""pack_qty"": 6}",none,23.37,online
N201290,Harvest banana bunch 2 L pack of 4,Produce,"{""brand"": ""Harvest"", ""size"": ""2 L"", ""pack_qty"": 4}",none,7.45,express
N202228,Northfield sparkling water 500 g pack of 2,Beverages,"{""brand"": ""Northfield"", ""size"": ""500 g"", ""pack_qty"": 2}",none,5.0,express
N202756,Orchard cold brew 500 g pack of 4,Beverages,"{""brand"": ""Orchard"", ""size"": ""500 g"", ""pack_qty"": 4}",none,5.12,supermarket
N202885,Meadow tortilla chips 1 kg pack of 2,Snacks,"{""brand"": ""Meadow"", ""size"": ""1 kg"", ""pack_qty"": 2}",nuts;milk,23.41,supermarket
N200622,Valley glass cleaner 6 pk pack of 2,Household,"{""brand"": ""Valley"", ""size"": ""6 pk"", ""pack_qty"": 2}",none,23.29,supermarket
N201908,Orchard orange juice 500 g pack of 4,Beverages,"{""brand"": ""Orchard"", ""size"": ""500 g"", ""pack_qty"": 4}",none,15.99,supermarket
N202363,Valley fish fingers 1 kg pack of 2,Frozen,"{""brand"": ""Valley"", ""size"": ""1 kg"", ""pack_qty"": 2}",gluten;fish,17.54,online
N201084,Northfield cold brew 500 g pack of 6,Beverages,"{""brand"": ""Northfield"", ""size"": ""500 g"", ""pack_qty"": 6}",none,15.71,express
N200381,Meadow salted crisps 6 pk pack of 6,Snacks,"{""brand"": ""Meadow"", ""size"": ""6 pk"", ""pack_qty"": 6}",nuts;milk,4.83,online
N202851,Northfield vanilla icecream 1 kg pack of 4,Frozen,"{""brand"": ""Northfield"", ""size"": ""1 kg"", ""pack_qty"": 4}",gluten;fish,0.68,supermarket
N201766,Meadow laundry pods 250 ml pack of 12,Household,"{""brand"": ""Meadow"", ""size"": ""250 ml"", ""pack_qty"": 12}",none,15.99,online
N201348,Northfield cold brew 1 L pack of 1,Beverages,"{""brand"": ""Northfield"", ""size"": ""1 L"", ""pack_qty"": 1}",none,10.94,supermarket
N200237,Harvest rice cakes 330 ml pack of 1,Snacks,"{""brand"": ""Harvest"", ""size"": ""330 ml"", ""pack_qty"": 1}",nuts;milk,9.75,express
N202335,Orchard shampoo daily 330 ml pack of 1,Personal Care,"{""brand"": ""Orchard"", ""size"": ""330 ml"", ""pack_qty"": 1}",none,21.48,supermarket
N201964,Northfield sparkling water 250 ml pack of 4,Beverages,"{""brand"": ""Northfield"", ""size"": ""250 ml"", ""pack_qty"": 4}",none,1.01,online
N200005,Northfield tortilla chips 750 g pack of 2,Snacks,"{""brand"": ""Northfield"", ""size"": ""750 g"", ""pack_qty"": 2}",nuts;milk,18.29,express
N200559,Orchard body lotion 500 g pack of 1,Personal Care,"{""brand"": ""Orchard"", ""size"": ""500 g"", ""pack_qty"": 1}",none,14.89,online
N201667,Orchard fish fingers 500 g pack of 12,Frozen,"{""brand"": ""Orchard"", ""size"": ""500 g"", ""pack_qty"": 12}",gluten;fish,12.5,online
N201289,Orchard seeded bagel 6 pk pack of 12,Bakery,"{""brand"": ""Orchard"", ""size"": ""6 pk"", ""pack_qty"": 12}",gluten;egg,3.1,supermarket
N202540,Harvest oat drink 500 g pack of 6,Beverages,"{""brand"": ""Harvest"", ""size"": ""500 g"", ""pack_qty"": 6}",none,18.15,supermarket
N200124,Valley orange juice 250 ml pack of 2,Beverages,"{""brand"": ""Valley"", ""size"": ""250 ml"", ""pack_qty"": 2}",none,3.35,online
N201531,Valley fish fingers 750 g pack of 4,Frozen,"{""brand"": ""Valley"", ""size"": ""750 g"", ""pack_qty"": 4}",gluten;fish,2.22,express
N202648,Valley double cream 1 L pack of 12,Dairy,"{""brand"": ""Valley"", ""size"": ""1 L"", ""pack_qty"": 12}",milk,1.92,online
N202213,Orchard salted crisps 330 ml pack of 12,Snacks,"{""brand"": ""Orchard"", ""size"": ""330 ml"", ""pack_qty"": 12}",nuts;milk,7.19,express
N202929,Meadow blueberry muffin 6 pk pack of 12,Bakery,"{""brand"": ""Meadow"", ""size"": ""6 pk"", ""pack_qty"": 12}",gluten;egg,16.72,supermarket
N201785,Meadow wholemeal bread 330 ml pack of 2,Bakery,"{""brand"": ""Meadow"", ""size"": ""330 ml"", ""pack_qty"": 2}",gluten;egg,20.06,express
N200595,Bluebell margherita pizza 1 kg pack of 4,Frozen,"{""brand"": ""Bluebell"", ""size"": ""1 kg"", ""pack_qty"": 4}",gluten;fish,6.62,online
N202331,Harvest fish fingers 1 L pack of 6,Frozen,"{""brand"": ""Harvest"", ""size"": ""1 L"", ""pack_qty"": 6}",gluten;fish,13.45,express
N201313,Meadow seeded bagel 250 ml pack of 2,Bakery,"{""brand"": ""Meadow"", ""size"": ""250 ml"", ""pack_qty"": 2}",gluten;egg,8.22,supermarket
N201656,Orchard cheddar cheese 330 ml pack of 12,Dairy,"{""brand"": ""Orchard"", ""size"": ""330 ml"", ""pack_qty"": 12}",milk,15.97,express
N200928,Orchard double cream 1 L pack of 4,Dairy,"{""brand"": ""Orchard"", ""size"": ""1 L"", ""pack_qty"": 4}",milk,23.32,express
N201432,Northfield greek yogurt 6 pk pack of 6,Dairy,"{""brand"": ""Northfield"", ""size"": ""6 pk"", ""pack_qty"": 6}",milk,5.05,supermarket
N201079,Bluebell body lotion 500 g pack of 12,Personal Care,"{""brand"": ""Bluebell"", ""size"": ""500 g"", ""pack_qty"": 12}",none,23.1,online
N201926,Northfield paper towel 1 L pack of 1,Household,"{""brand"": ""Northfield"", ""size"": ""1 L"", ""pack_qty"": 1}",none,0.6,online
N201425,Harvest wholemeal bread 6 pk pack of 2,Bakery,"{""brand"": ""Harvest"", ""size"": ""6 pk"", ""pack_qty"": 2}",gluten;egg,0.56,supermarket
N202740,Bluebell oat drink 250 ml pack of 1,Beverages,"{""brand"": ""Bluebell"", ""size"": ""250 ml"", ""pack_qty"": 1}",none,21.95,supermarket
N201134,Northfield dish soap 2 L pack of 12,Household,"{""brand"": ""Northfield"", ""size"": ""2 L"", ""pack_qty"": 12}",none,3.82,online
N201200,Bluebell greek yogurt 500 g pack of 12,Dairy,"{""brand"": ""Bluebell"", ""size"": ""500 g"", ""pack_qty"": 12}",milk,2.9,supermarket
N201658,Bluebell baby spinach 330 ml pack of 4,Produce,"{""brand"": ""Bluebell"", ""size"": ""330 ml"", ""pack_qty"": 4}",none,17.55,online
N201274,Bluebell avocado ripe 2 L pack of 4,Produce,"{""brand"": ""Bluebell"", ""size"": ""2 L"", ""pack_qty"": 4}",none,10.19,express
N200171N,MEADOW MIXED BERRIES 330 ML PACK OF 12  ,Frozen,"{""brand"": ""Meadow"", ""size"": ""330 ml"", ""pack_qty"": 12}",gluten;fish,18.37,express
N202624,Harvest salted butter 1 kg pack of 12,Dairy,"{""brand"": ""Harvest"", ""size"": ""1 kg"", ""pack_qty"": 12}",milk,18.01,online
N202378,Bluebell avocado ripe 250 ml pack of 12,Produce,"{""brand"": ""Bluebell"", ""size"": ""250 ml"", ""pack_qty"": 12}",none,5.45,online
N202643,Harvest garden peas 1 L pack of 4,Frozen,"{""brand"": ""Harvest"", ""size"": ""1 L"", ""pack_qty"": 4}",gluten;fish,18.76,online
N200892,Bluebell sparkling water 750 g pack of 4,Beverages,"{""brand"": ""Bluebell"", ""size"": ""750 g"", ""pack_qty"": 4}",none,4.89,online
N202472,Meadow double cream 250 ml pack of 1,Dairy,"{""brand"": ""Meadow"", ""size"": ""250 ml"", ""pack_qty"": 1}",milk,8.51,supermarket
N200850,Valley avocado ripe 1 kg pack of 6,Produce,"{""brand"": ""Valley"", ""size"": ""1 kg"", ""pack_qty"": 6}",none,17.16,supermarket
N202637,Valley tortilla chips 500 g pack of 6,Snacks,"{""brand"": ""Valley"", ""size"": ""500 g"", ""pack_qty"": 6}",nuts;milk,14.49,online
N201676,Valley cola zero 250 ml pack of 6,Beverages,"{""brand"": ""Valley"", ""size"": ""250 ml"", ""pack_qty"": 6}",none,3.43,supermarket
N202873,Harvest blueberry muffin 500 g pack of 12,Bakery,"{""brand"": ""Harvest"", ""size"": ""500 g"", ""pack_qty"": 12}",gluten;egg,17.77,express
N201344,Harvest whole milk 750 g pack of 2,Dairy,"{""brand"": ""Harvest"", ""size"": ""750 g"", ""pack_qty"": 2}",milk,2.44,express
N200994,Harvest baby spinach 1 L pack of 4,Produce,"{""brand"": ""Harvest"", ""size"": ""1 L"", ""pack_qty"": 4}",none,17.04,supermarket
N201960,Harvest greek yogurt 750 g pack of 12,Dairy,"{""brand"": ""Harvest"", ""size"": ""750 g"", ""pack_qty"": 12}",milk,2.41,supermarket
N202403,Bluebell garden peas 330 ml pack of 2,Frozen,"{""brand"": ""Bluebell"", ""size"": ""330 ml"", ""pack_qty"": 2}",gluten;fish,7.35,express
N200326,Harvest bin liners 2 L pack of 12,Household,"{""brand"": ""Harvest"", ""size"": ""2 L"", ""pack_qty"": 12}",none,19.78,online
N201665,Harvest wholemeal bread 330 ml pack of 4,Bakery,"{""brand"": ""Harvest"", ""size"": ""330 ml"", ""pack_qty"": 4}",gluten;egg,16.23,online
N201482,Bluebell baby spinach 250 ml pack of 12,Produce,"{""brand"": ""Bluebell"", ""size"": ""250 ml"", ""pack_qty"": 12}",none,13.91,online
N202137,Meadow butter croissant 330 ml pack of 2,Bakery,"{""brand"": ""Meadow"", ""size"": ""330 ml"", ""pack_qty"": 2}",gluten;egg,13.38,online
N200812,Orchard cold brew 750 g pack of 2,Beverages,"{""brand"": ""Orchard"", ""size"": ""750 g"", ""pack_qty"": 2}",none,5.34,express
N200254,Harvest bin liners 500 g pack of 2,Household,"{""brand"": ""Harvest"", ""size"": ""500 g"", ""pack_qty"": 2}",none,22.94,online
N200394,Valley baby spinach 1 kg pack of 4,Produce,"{""brand"": ""Valley"", ""size"": ""1 kg"", ""pack_qty"": 4}",none,1.25,supermarket
N201324,Bluebell oat drink 6 pk pack of 1,Beverages,"{""brand"": ""Bluebell"", ""size"": ""6 pk"", ""pack_qty"": 1}",none,8.43,supermarket
N202027,Bluebell garden peas 1 L pack of 6,Frozen,"{""brand"": ""Bluebell"", ""size"": ""1 L"", ""pack_qty"": 6}",gluten;fish,8.32,express
N201434,Meadow baby spinach 330 ml pack of 12,Produce,"{""brand"": ""Meadow"", ""size"": ""330 ml"", ""pack_qty"": 12}",none,20.22,express
N200587,Harvest garden peas 250 ml pack of 1,Frozen,"{""brand"": ""Harvest"", ""size"": ""250 ml"", ""pack_qty"": 1}",gluten;fish,11.61,online
N200537,Orchard sourdough loaf 330 ml pack of 4,Bakery,"{""brand"": ""Orchard"", ""size"": ""330 ml"", ""pack_qty"": 4}",gluten;egg,10.04,express
N201158,Valley laundry pods 2 L pack of 12,Household,"{""brand"": ""Valley"", ""size"": ""2 L"", ""pack_qty"": 12}",none,20.45,supermarket
N201275,Harvest fish fingers 6 pk pack of 6,Frozen,"{""brand"": ""Harvest"", ""size"": ""6 pk"", ""pack_qty"": 6}",gluten;fish,3.97,supermarket
N201486,Bluebell dish soap 750 g pack of 1,Household,"{""brand"": ""Bluebell"", ""size"": ""750 g"", ""pack_qty"": 1}",none,11.24,express
N201628,Bluebell cola zero 330 ml pack of 1,Beverages,"{""brand"": ""Bluebell"", ""size"": ""330 ml"", ""pack_qty"": 1}",none,19.84,supermarket
N202589,Meadow trail mix 250 ml pack of 1,Snacks,"{""brand"": ""Meadow"", ""size"": ""250 ml"", ""pack_qty"": 1}",nuts;milk,5.0,online
N202207,Meadow razor blades 250 ml pack of 12,Personal Care,"{""brand"": ""Meadow"", ""size"": ""250 ml"", ""pack_qty"": 12}",none,6.68,supermarket
N200002,Bluebell cherry tomato 330 ml pack of 1,Produce,"{""brand"": ""Bluebell"", ""size"": ""330 ml"", ""pack_qty"": 1}",none,11.03,express
N202510,Northfield paper towel 1 kg pack of 6,Household,"{""brand"": ""Northfield"", ""size"": ""1 kg"", ""pack_qty"": 6}",none,15.96,express
N201832,Orchard cheddar cheese 250 ml pack of 12,Dairy,"{""brand"": ""Orchard"", ""size"": ""250 ml"", ""pack_qty"": 12}",milk,13.01,online
N202002,Northfield gala apple 1 L pack of 1,UNKNOWN_CAT,"{""brand"": ""Northfield"", ""size"": ""1 L"", ""pack_qty"": 1}",none,12.87,express
N202296,Bluebell cheddar cheese 500 g pack of 4,Dairy,"{""brand"": ""Bluebell"", ""size"": ""500 g"", ""pack_qty"": 4}",milk,2.37,supermarket
N202273,Bluebell wholemeal bread 1 L pack of 4,Bakery,"{""brand"": ""Bluebell"", ""size"": ""1 L"", ""pack_qty"": 4}",gluten;egg,2.87,supermarket
N200094,Northfield paper towel 1 kg pack of 6,Household,"{""brand"": ""Northfield"", ""size"": ""1 kg"", ""pack_qty"": 6}",none,5.18,express
N201505,Meadow sourdough loaf 6 pk pack of 1,Bakery,"{""brand"": ""Meadow"", ""size"": ""6 pk"", ""pack_qty"": 1}",gluten;egg,22.97,express
N201317,Meadow salted crisps 750 g pack of 4,Snacks,"{""brand"": ""Meadow"", ""size"": ""750 g"", ""pack_qty"": 4}",nuts;milk,16.33,supermarket
N202263,Orchard body lotion 250 ml pack of 12,Personal Care,"{""brand"": ""Orchard"", ""size"": ""250 ml"", ""pack_qty"": 12}",none,13.99,online
N202167,Orchard razor blades 250 ml pack of 1,Personal Care,"{""brand"": ""Orchard"", ""size"": ""250 ml"", ""pack_qty"": 1}",none,23.95,supermarket
N202908N,VALLEY SPARKLING WATER 330 ML PACK OF 6  ,Beverages,"{""brand"": ""Valley"", ""size"": ""330 ml"", ""pack_qty"": 6}",none,21.0,supermarket
N202715,Orchard fish fingers 1 kg pack of 12,Frozen,"{""brand"": ""Orchard"", ""size"": ""1 kg"", ""pack_qty"": 12}",gluten;fish,15.16,express
N201903,Harvest body lotion 6 pk pack of 2,Personal Care,"{""brand"": ""Harvest"", ""size"": ""6 pk"", ""pack_qty"": 2}",none,20.45,supermarket
N200724,Northfield cola zero 6 pk pack of 4,Beverages,"{""brand"": ""Northfield"", ""size"": ""6 pk"", ""pack_qty"": 4}",none,18.84,supermarket
N202712,Northfield double cream 250 ml pack of 4,Dairy,"{""brand"": ""Northfield"", ""size"": ""250 ml"", ""pack_qty"": 4}",milk,2.34,supermarket
N201117,Bluebell salted crisps 330 ml pack of 1,Snacks,"{""brand"": ""Bluebell"", ""size"": ""330 ml"", ""pack_qty"": 1}",nuts;milk,20.82,express
N202924,Meadow oat drink 2 L pack of 2,Beverages,"{""brand"": ""Meadow"", ""size"": ""2 L"", ""pack_qty"": 2}",none,19.77,supermarket
N201916,Valley orange juice 250 ml pack of 4,Beverages,"{""brand"": ""Valley"", ""size"": ""250 ml"", ""pack_qty"": 4}",none,14.7,express
N201616,Bluebell double cream 750 g pack of 6,Dairy,"{""brand"": ""Bluebell"", ""size"": ""750 g"", ""pack_qty"": 6}",milk,3.54,online
N202077,Valley dark chocolate 750 g pack of 4,Snacks,"{""brand"": ""Valley"", ""size"": ""750 g"", ""pack_qty"": 4}",nuts;milk,0.9,online
N200353,Northfield butter croissant 1 kg pack of 1,Bakery,"{""brand"": ""Northfield"", ""size"": ""1 kg"", ""pack_qty"": 1}",gluten;egg,4.56,express
N200932,Harvest orange juice 500 g pack of 4,Beverages,"{""brand"": ""Harvest"", ""size"": ""500 g"", ""pack_qty"": 4}",none,8.39,supermarket
N201576,Orchard whole milk 250 ml pack of 1,Dairy,"{""brand"": ""Orchard"", ""size"": ""250 ml"", ""pack_qty"": 1}",milk,3.84,express
N200266,Meadow banana bunch 750 g pack of 4,Produce,"{""brand"": ""Meadow"", ""size"": ""750 g"", ""pack_qty"": 4}",none,18.34,supermarket
N200523,Valley mixed berries 6 pk pack of 4,Frozen,"{""brand"": ""Valley"", ""size"": ""6 pk"", ""pack_qty"": 4}",gluten;fish,4.67,express
N201087,Northfield shampoo daily 1 kg pack of 4,Personal Care,"{""brand"": ""Northfield"", ""size"": ""1 kg"", ""pack_qty"": 4}",none,15.26,express
N202810,Valley gala apple 330 ml pack of 1,Produce,"{""brand"": ""Valley"", ""size"": ""330 ml"", ""pack_qty"": 1}",none,11.52,supermarket
N201437,Northfield salted crisps 500 g pack of 12,Snacks,"{""brand"": ""Northfield"", ""size"": ""500 g"", ""pack_qty"": 12}",nuts;milk,1.5,online
N201828,Northfield cold brew 330 ml pack of 12,Beverages,"{""brand"": ""Northfield"", ""size"": ""330 ml"", ""pack_qty"": 12}",none,4.2,supermarket
N200581,Valley rice cakes 500 g pack of 1,Snacks,"{""brand"": ""Valley"", ""size"": ""500 g"", ""pack_qty"": 1}",nuts;milk,22.64,online
N200605,Northfield tortilla chips 500 g pack of 6,Snacks,"{""brand"": ""Northfield"", ""size"": ""500 g"", ""pack_qty"": 6}",nuts;milk,6.86,supermarket
N202227,Orchard garden peas 2 L pack of 1,Frozen,"{""brand"": ""Orchard"", ""size"": ""2 L"", ""pack_qty"": 1}",gluten;fish,21.07,supermarket
N200921,Bluebell sourdough loaf 1 kg pack of 6,Bakery,"{""brand"": ""Bluebell"", ""size"": ""1 kg"", ""pack_qty"": 6}",gluten;egg,16.38,online
N201985,Bluebell seeded bagel 2 L pack of 12,Bakery,"{""brand"": ""Bluebell"", ""size"": ""2 L"", ""pack_qty"": 12}",gluten;egg,14.45,online
N202608,Valley greek yogurt 1 kg pack of 6,Dairy,"{""brand"": ""Valley"", ""size"": ""1 kg"", ""pack_qty"": 6}",milk,2.61,supermarket
N201458,Meadow cherry tomato 2 L pack of 12,Produce,"{""brand"": ""Meadow"", ""size"": ""2 L"", ""pack_qty"": 12}",none,11.03,online
N201893,Meadow tortilla chips 2 L pack of 4,Snacks,"{""brand"": ""Meadow"", ""size"": ""2 L"", ""pack_qty"": 4}",nuts;milk,5.16,express
N200191,Harvest body lotion 250 ml pack of 4,Personal Care,"{""brand"": ""Harvest"", ""size"": ""250 ml"", ""pack_qty"": 4}",none,13.97,supermarket
N200345,Valley blueberry muffin 1 L pack of 2,Bakery,"{""brand"": ""Valley"", ""size"": ""1 L"", ""pack_qty"": 2}",gluten;egg,18.29,express
N200738,Bluebell gala apple 1 L pack of 1,Produce,"{""brand"": ""Bluebell"", ""size"": ""1 L"", ""pack_qty"": 1}",none,10.91,online
N202964,Harvest oat drink 6 pk pack of 6,Beverages,"{""brand"": ""Harvest"", ""size"": ""6 pk"", ""pack_qty"": 6}",none,13.75,express
N202418,Valley avocado ripe 1 kg pack of 6,Produce,"{""brand"": ""Valley"", ""size"": ""1 kg"", ""pack_qty"": 6}",none,12.29,supermarket
N200472,Northfield greek yogurt 1 L pack of 1,Dairy,"{""brand"": ""Northfield"", ""size"": ""1 L"", ""pack_qty"": 1}",milk,22.67,express
N201039,Bluebell shampoo daily 1 kg pack of 2,Personal Care,"{""brand"": ""Bluebell"", ""size"": ""1 kg"", ""pack_qty"": 2}",none,13.01,online
N201098,Northfield cherry tomato 500 g pack of 12,Produce,"{""brand"": ""Northfield"", ""size"": ""500 g"", ""pack_qty"": 12}",none,12.4,express
N200135,Northfield razor blades 1 kg pack of 12,Personal Care,"{""brand"": ""Northfield"", ""size"": ""1 kg"", ""pack_qty"": 12}",none,7.59,supermarket
N201660,Bluebell cold brew 750 g pack of 1,Beverages,"{""brand"": ""Bluebell"", ""size"": ""750 g"", ""pack_qty"": 1}",none,16.42,express
N200496,Bluebell double cream 1 L pack of 2,Dairy,"{""brand"": ""Bluebell"", ""size"": ""1 L"", ""pack_qty"": 2}",milk,12.94,express
N201272,Orchard salted butter 6 pk pack of 6,Dairy,"{""brand"": ""Orchard"", ""size"": ""6 pk"", ""pack_qty"": 6}",milk,12.86,supermarket
N202122,Orchard gala apple 1 L pack of 4,Produce,"{""brand"": ""Orchard"", ""size"": ""1 L"", ""pack_qty"": 4}",none,22.32,online
N202124,Meadow orange juice 250 ml pack of 4,Beverages,"{""brand"": ""Meadow"", ""size"": ""250 ml"", ""pack_qty"": 4}",none,2.51,express
N200598,Harvest paper towel 500 g pack of 12,Household,"{""brand"": ""Harvest"", ""size"": ""500 g"", ""pack_qty"": 12}",none,8.49,online
N202318,Northfield bin liners 6 pk pack of 1,Household,"{""brand"": ""Northfield"", ""size"": ""6 pk"", ""pack_qty"": 1}",none,22.53,supermarket
N201439,Meadow body lotion 1 kg pack of 4,Personal Care,"{""brand"": ""Meadow"", ""size"": ""1 kg"", ""pack_qty"": 4}",none,18.41,online
N201488,Northfield whole milk 2 L pack of 1,Dairy,"{""brand"": ""Northfield"", ""size"": ""2 L"", ""pack_qty"": 1}",milk,11.05,online
N202575,Meadow shampoo daily 1 L pack of 2,Personal Care,"{""brand"": ""Meadow"", ""size"": ""1 L"", ""pack_qty"": 2}",none,20.33,online
N201365,Northfield rice cakes 1 L pack of 6,Snacks,"{""brand"": ""Northfield"", ""size"": ""1 L"", ""pack_qty"": 6}",nuts;milk,7.68,express
N201719,Northfield hand soap 750 g pack of 4,Personal Care,"{""brand"": ""Northfield"", ""size"": ""750 g"", ""pack_qty"": 4}",none,22.79,online
N201642,Meadow avocado ripe 250 ml pack of 12,Produce,"{""brand"": ""Meadow"", ""size"": ""250 ml"", ""pack_qty"": 12}",none,23.23,supermarket
N201756,Valley oat drink 2 L pack of 2,Beverages,"{""brand"": ""Valley"", ""size"": ""2 L"", ""pack_qty"": 2}",none,22.07,online
N201922,Harvest banana bunch 1 kg pack of 6,Produce,"{""brand"": ""Harvest"", ""size"": ""1 kg"", ""pack_qty"": 6}",none,14.04,express
N202033,Meadow butter croissant 250 ml pack of 4,Bakery,"{""brand"": ""Meadow"", ""size"": ""250 ml"", ""pack_qty"": 4}",gluten;egg,5.83,online
N200839,Harvest body lotion 500 g pack of 12,Personal Care,"{""brand"": ""Harvest"", ""size"": ""500 g"", ""pack_qty"": 12}",none,0.66,supermarket
N202764,Northfield cold brew 330 ml pack of 1,Beverages,"{""brand"": ""Northfield"", ""size"": ""330 ml"", ""pack_qty"": 1}",none,14.34,supermarket
N201603,Northfield margherita pizza 2 L pack of 6,Frozen,"{""brand"": ""Northfield"", ""size"": ""2 L"", ""pack_qty"": 6}",gluten;fish,15.78,supermarket
N200677,Orchard dark chocolate 250 ml pack of 4,Snacks,"{""brand"": ""Orchard"", ""size"": ""250 ml"", ""pack_qty"": 4}",nuts;milk,7.61,supermarket
N201292,Meadow oat drink 6 pk pack of 12,Beverages,"{""brand"": ""Meadow"", ""size"": ""6 pk"", ""pack_qty"": 12}",none,17.71,supermarket
N202040,Orchard cheddar cheese 1 L pack of 6,Dairy,"{""brand"": ""Orchard"", ""size"": ""1 L"", ""pack_qty"": 6}",milk,18.47,express
N200556,Valley sparkling water 330 ml pack of 12,Beverages,"{""brand"": ""Valley"", ""size"": ""330 ml"", ""pack_qty"": 12}",none,0.82,supermarket
N201818,Valley gala apple 6 pk pack of 12,Produce,"{""brand"": ""Valley"", ""size"": ""6 pk"", ""pack_qty"": 12}",none,8.87,express
N202653,Northfield rice cakes 750 g pack of 1,Snacks,"{""brand"": ""Northfield"", ""size"": ""750 g"", ""pack_qty"": 1}",nuts;milk,9.95,express
N202789,Northfield salted crisps 2 L pack of 12,Snacks,"{""brand"": ""Northfield"", ""size"": ""2 L"", ""pack_qty"": 12}",nuts;milk,11.08,supermarket
N202619,Orchard margherita pizza 500 g pack of 12,Frozen,"{""brand"": ""Orchard"", ""size"": ""500 g"", ""pack_qty"": 12}",gluten;fish,7.55,supermarket
N200721,Orchard wholemeal bread 6 pk pack of 4,Bakery,"{""brand"": ""Orchard"", ""size"": ""6 pk"", ""pack_qty"": 4}",gluten;egg,21.96,supermarket
N201681,Meadow wholemeal bread 250 ml pack of 2,Bakery,"{""brand"": ""Meadow"", ""size"": ""250 ml"", ""pack_qty"": 2}",gluten;egg,6.55,supermarket
N202236,Meadow oat drink 250 ml pack of 1,Beverages,"{""brand"": ""Meadow"", ""size"": ""250 ml"", ""pack_qty"": 1}",none,19.38,express
N202698,Valley banana bunch 250 ml pack of 6,Produce,"{""brand"": ""Valley"", ""size"": ""250 ml"", ""pack_qty"": 6}",none,7.07,supermarket
N202361,Meadow seeded bagel 2 L pack of 4,Bakery,"{""brand"": ""Meadow"", ""size"": ""2 L"", ""pack_qty"": 4}",gluten;egg,22.45,online
N201704,Meadow salted butter 1 kg pack of 2,Dairy,"{""brand"": ""Meadow"", ""size"": ""1 kg"", ""pack_qty"": 2}",milk,18.64,supermarket
N200588,Northfield orange juice 1 kg pack of 1,Beverages,"{""brand"": ""Northfield"", ""size"": ""1 kg"", ""pack_qty"": 1}",none,22.71,online
N201465,Harvest blueberry muffin 6 pk pack of 4,Bakery,"{""brand"": ""Harvest"", ""size"": ""6 pk"", ""pack_qty"": 4}",gluten;egg,7.47,online
N202376,Valley double cream 500 g pack of 12,Dairy,"{""brand"": ""Valley"", ""size"": ""500 g"", ""pack_qty"": 12}",milk,7.62,online
N201632,Harvest double cream 6 pk pack of 6,Dairy,"{""brand"": ""Harvest"", ""size"": ""6 pk"", ""pack_qty"": 6}",milk,2.86,express
N201559,Harvest shampoo daily 2 L pack of 4,Personal Care,"{""brand"": ""Harvest"", ""size"": ""2 L"", ""pack_qty"": 4}",none,1.9,supermarket
N200334,Northfield dish soap 250 ml pack of 2,Household,"{""brand"": ""Northfield"", ""size"": ""250 ml"", ""pack_qty"": 2}",none,17.81,express
N202543,Harvest hand soap 6 pk pack of 1,Personal Care,"{""brand"": ""Harvest"", ""size"": ""6 pk"", ""pack_qty"": 1}",none,8.53,online
N200366,Bluebell laundry pods 250 ml pack of 4,Household,"{""brand"": ""Bluebell"", ""size"": ""250 ml"", ""pack_qty"": 4}",none,15.34,express
N201823,Bluebell shampoo daily 750 g pack of 2,Personal Care,"{""brand"": ""Bluebell"", ""size"": ""750 g"", ""pack_qty"": 2}",none,18.17,express
N202120,Northfield whole milk 330 ml pack of 1,Dairy,"{""brand"": ""Northfield"", ""size"": ""330 ml"", ""pack_qty"": 1}",milk,7.07,online
N200822,Northfield laundry pods 1 L pack of 4,Household,"{""brand"": ""Northfield"", ""size"": ""1 L"", ""pack_qty"": 4}",none,0.42,supermarket
N200479,Bluebell razor blades 250 ml pack of 1,Personal Care,"{""brand"": ""Bluebell"", ""size"": ""250 ml"", ""pack_qty"": 1}",none,12.85,online
N202295,Orchard razor blades 1 L pack of 4,Personal Care,"{""brand"": ""Orchard"", ""size"": ""1 L"", ""pack_qty"": 4}",none,20.84,supermarket
N202443,Orchard fish fingers 2 L pack of 2,Frozen,"{""brand"": ""Orchard"", ""size"": ""2 L"", ""pack_qty"": 2}",gluten;fish,17.16,online
N202661,Orchard rice cakes 1 kg pack of 2,Snacks,"{""brand"": ""Orchard"", ""size"": ""1 kg"", ""pack_qty"": 2}",nuts;milk,21.33,online
N200166,Meadow laundry pods 330 ml pack of 1,Household,"{""brand"": ""Meadow"", ""size"": ""330 ml"", ""pack_qty"": 1}",none,9.81,online
N200655,Orchard toothpaste mint 1 L pack of 6,Personal Care,"{""brand"": ""Orchard"", ""size"": ""1 L"", ""pack_qty"": 6}",none,1.33,supermarket
N201151,Valley body lotion 6 pk pack of 2,Personal Care,"{""brand"": ""Valley"", ""size"": ""6 pk"", ""pack_qty"": 2}",none,8.78,express
N201301,Bluebell dark chocolate 1 L pack of 1,Snacks,"{""brand"": ""Bluebell"", ""size"": ""1 L"", ""pack_qty"": 1}",nuts;milk,18.57,online
N201936,Bluebell greek yogurt 500 g pack of 4,Dairy,"{""brand"": ""Bluebell"", ""size"": ""500 g"", ""pack_qty"": 4}",milk,8.78,express
N200819,Valley vanilla icecream 330 ml pack of 2,Frozen,"{""brand"": ""Valley"", ""size"": ""330 ml"", ""pack_qty"": 2}",gluten;fish,1.25,online
N202255,Northfield body lotion 1 kg pack of 12,Personal Care,"{""brand"": ""Northfield"", ""size"": ""1 kg"", ""pack_qty"": 12}",none,15.88,express
N202088,Bluebell whole milk 1 kg pack of 2,Dairy,"{""brand"": ""Bluebell"", ""size"": ""1 kg"", ""pack_qty"": 2}",milk,9.53,express
N200610,Bluebell baby spinach 6 pk pack of 2,Produce,"{""brand"": ""Bluebell"", ""size"": ""6 pk"", ""pack_qty"": 2}",none,18.66,supermarket
N202358,Orchard glass cleaner 500 g pack of 6,Household,"{""brand"": ""Orchard"", ""size"": ""500 g"", ""pack_qty"": 6}",none,5.13,express
N200380,Valley oat drink 1 kg pack of 4,Beverages,"{""brand"": ""Valley"", ""size"": ""1 kg"", ""pack_qty"": 4}",none,13.06,supermarket
N202508,Harvest cola zero 500 g pack of 2,Beverages,"{""brand"": ""Harvest"", ""size"": ""500 g"", ""pack_qty"": 2}",none,14.46,express
N201613,Harvest rice cakes 330 ml pack of 12,Snacks,"{""brand"": ""Harvest"", ""size"": ""330 ml"", ""pack_qty"": 12}",nuts;milk,10.66,supermarket
N200197,Orchard tortilla chips 1 L pack of 2,Snacks,"{""brand"": ""Orchard"", ""size"": ""1 L"", ""pack_qty"": 2}",nuts;milk,5.95,online
N202302,Valley paper towel 6 pk pack of 6,Household,"{""brand"": ""Valley"", ""size"": ""6 pk"", ""pack_qty"": 6}",none,21.21,supermarket
N201641,Meadow wholemeal bread 2 L pack of 4,Bakery,"{""brand"": ""Meadow"", ""size"": ""2 L"", ""pack_qty"": 4}",gluten;egg,4.72,supermarket
N202105,Bluebell butter croissant 6 pk pack of 12,Bakery,"{""brand"": ""Bluebell"", ""size"": ""6 pk"", ""pack_qty"": 12}",gluten;egg,7.44,online
N200956,Bluebell oat drink 1 kg pack of 4,Beverages,"{""brand"": ""Bluebell"", ""size"": ""1 kg"", ""pack_qty"": 4}",none,18.66,supermarket
N202903,Northfield shampoo daily 330 ml pack of 2,Personal Care,"{""brand"": ""Northfield"", ""size"": ""330 ml"", ""pack_qty"": 2}",none,13.13,express
N202559,Bluebell body lotion 2 L pack of 4,Personal Care,"{""brand"": ""Bluebell"", ""size"": ""2 L"", ""pack_qty"": 4}",none,15.0,supermarket
N200341,Meadow tortilla chips 750 g pack of 4,Snacks,"{""brand"": ""Meadow"", ""size"": ""750 g"", ""pack_qty"": 4}",nuts;milk,5.61,supermarket
N201565,Valley trail mix 330 ml pack of 6,Snacks,"{""brand"": ""Valley"", ""size"": ""330 ml"", ""pack_qty"": 6}",nuts;milk,1.01,online
N201696,Northfield greek yogurt 330 ml pack of 2,Dairy,"{""brand"": ""Northfield"", ""size"": ""330 ml"", ""pack_qty"": 2}",milk,15.87,online
N202970,Orchard baby spinach 1 kg pack of 1,Produce,"{""brand"": ""Orchard"", ""size"": ""1 kg"", ""pack_qty"": 1}",none,9.76,express
N202955,Northfield mixed berries 6 pk pack of 1,Frozen,"{""brand"": ""Northfield"", ""size"": ""6 pk"", ""pack_qty"": 1}",gluten;fish,20.18,express
N200650,Northfield gala apple 500 g pack of 4,Produce,"{""brand"": ""Northfield"", ""size"": ""500 g"", ""pack_qty"": 4}",none,5.5,supermarket
N202367,Northfield body lotion 1 kg pack of 1,Personal Care,"{""brand"": ""Northfield"", ""size"": ""1 kg"", ""pack_qty"": 1}",none,21.99,express
N201444,Orchard cola zero 330 ml pack of 2,Beverages,"{""brand"": ""Orchard"", ""size"": ""330 ml"", ""pack_qty"": 2}",none,13.36,online
N201363,Orchard fish fingers 250 ml pack of 6,Frozen,"{""brand"": ""Orchard"", ""size"": ""250 ml"", ""pack_qty"": 6}",gluten;fish,10.94,supermarket
N201545,Northfield blueberry muffin 1 kg pack of 4,Bakery,"{""brand"": ""Northfield"", ""size"": ""1 kg"", ""pack_qty"": 4}",gluten;egg,6.72,online
N200593,Orchard seeded bagel 6 pk pack of 2,Bakery,"{""brand"": ""Orchard"", ""size"": ""6 pk"", ""pack_qty"": 2}",gluten;egg,7.51,supermarket
N202837,Orchard rice cakes 500 g pack of 6,Snacks,"{""brand"": ""Orchard"", ""size"": ""500 g"", ""pack_qty"": 6}",nuts;milk,12.18,online
N200776N,HARVEST CHEDDAR CHEESE 330 ML PACK OF 12  ,Dairy,"{""brand"": ""Harvest"", ""size"": ""330 ml"", ""pack_qty"": 12}",milk,0.69,express
N201870,Northfield glass cleaner 6 pk pack of 1,Household,"{""brand"": ""Northfield"", ""size"": ""6 pk"", ""pack_qty"": 1}",none,13.6,supermarket
N200916,Northfield orange juice 1 kg pack of 1,Beverages,"{""brand"": ""Northfield"", ""size"": ""1 kg"", ""pack_qty"": 1}",none,2.98,online
N202426,Orchard avocado ripe 6 pk pack of 4,Produce,"{""brand"": ""Orchard"", ""size"": ""6 pk"", ""pack_qty"": 4}",none,21.35,online
N200526,Harvest laundry pods 6 pk pack of 1,Household,"{""brand"": ""Harvest"", ""size"": ""6 pk"", ""pack_qty"": 1}",none,22.61,online
N200014,Orchard dish soap 750 g pack of 1,Household,"{""brand"": ""Orchard"", ""size"": ""750 g"", ""pack_qty"": 1}",none,0.57,online
N201727,Orchard hand soap 250 ml pack of 12,Personal Care,"{""brand"": ""Orchard"", ""size"": ""250 ml"", ""pack_qty"": 12}",none,2.67,express
N200859,Orchard margherita pizza 500 g pack of 2,Frozen,"{""brand"": ""Orchard"", ""size"": ""500 g"", ""pack_qty"": 2}",gluten;fish,18.12,supermarket
N202894,Harvest paper towel 6 pk pack of 12,Household,"{""brand"": ""Harvest"", ""size"": ""6 pk"", ""pack_qty"": 12}",none,2.92,express
N201409,Orchard blueberry muffin 750 g pack of 2,Bakery,"{""brand"": ""Orchard"", ""size"": ""750 g"", ""pack_qty"": 2}",gluten;egg,15.29,supermarket
N200545,Northfield butter croissant 750 g pack of 6,Bakery,"{""brand"": ""Northfield"", ""size"": ""750 g"", ""pack_qty"": 6}",gluten;egg,0.66,online
N201041,Harvest butter croissant 500 g pack of 6,Bakery,"{""brand"": ""Harvest"", ""size"": ""500 g"", ""pack_qty"": 6}",gluten;egg,8.66,online
N201466,Meadow gala apple 2 L pack of 2,Produce,"{""brand"": ""Meadow"", ""size"": ""2 L"", ""pack_qty"": 2}",none,11.67,express
N200369,Orchard wholemeal bread 330 ml pack of 2,Bakery,"{""brand"": ""Orchard"", ""size"": ""330 ml"", ""pack_qty"": 2}",gluten;egg,8.56,supermarket
N202933,Valley salted crisps 250 ml pack of 2,Snacks,"{""brand"": ""Valley"", ""size"": ""250 ml"", ""pack_qty"": 2}",nuts;milk,19.05,supermarket
N200437,Harvest dark chocolate 1 L pack of 2,Snacks,"{""brand"": ""Harvest"", ""size"": ""1 L"", ""pack_qty"": 2}",nuts;milk,13.39,supermarket
N201637,Harvest salted crisps 1 L pack of 4,Snacks,"{""brand"": ""Harvest"", ""size"": ""1 L"", ""pack_qty"": 4}",nuts;milk,16.47,online
N200547,Northfield mixed berries 1 kg pack of 12,Frozen,"{""brand"": ""Northfield"", ""size"": ""1 kg"", ""pack_qty"": 12}",gluten;fish,17.51,express
N202987,Valley margherita pizza 750 g pack of 12,Frozen,"{""brand"": ""Valley"", ""size"": ""750 g"", ""pack_qty"": 12}",gluten;fish,4.52,express
N200847,Harvest razor blades 330 ml pack of 2,Personal Care,"{""brand"": ""Harvest"", ""size"": ""330 ml"", ""pack_qty"": 2}",none,7.09,supermarket
N200527,Harvest hand soap 2 L pack of 1,Personal Care,"{""brand"": ""Harvest"", ""size"": ""2 L"", ""pack_qty"": 1}",none,15.54,supermarket
N202038,Meadow laundry pods 500 g pack of 2,Household,"{""brand"": ""Meadow"", ""size"": ""500 g"", ""pack_qty"": 2}",none,16.37,express
N200130,Bluebell gala apple 250 ml pack of 12,Produce,"{""brand"": ""Bluebell"", ""size"": ""250 ml"", ""pack_qty"": 12}",none,11.22,express
N200344,Valley whole milk 330 ml pack of 1,Dairy,"{""brand"": ""Valley"", ""size"": ""330 ml"", ""pack_qty"": 1}",milk,14.6,express
N202817,Orchard sourdough loaf 1 kg pack of 4,Bakery,"{""brand"": ""Orchard"", ""size"": ""1 kg"", ""pack_qty"": 4}",gluten;egg,1.81,express
N202636,Meadow cola zero 500 g pack of 6,Beverages,"{""brand"": ""Meadow"", ""size"": ""500 g"", ""pack_qty"": 6}",none,18.85,supermarket
N200856,Bluebell salted butter 1 kg pack of 2,UNKNOWN_CAT,"{""brand"": ""Bluebell"", ""size"": ""1 kg"", ""pack_qty"": 2}",milk,23.51,online
N202782,Valley dish soap 1 L pack of 6,Household,"{""brand"": ""Valley"", ""size"": ""1 L"", ""pack_qty"": 6}",none,15.96,supermarket
N201106,Meadow banana bunch 1 kg pack of 1,Produce,"{""brand"": ""Meadow"", ""size"": ""1 kg"", ""pack_qty"": 1}",none,3.23,express
N200524,Valley sparkling water 1 kg pack of 1,Beverages,"{""brand"": ""Valley"", ""size"": ""1 kg"", ""pack_qty"": 1}",none,0.41,express
N201693,Harvest trail mix 750 g pack of 6,Snacks,"{""brand"": ""Harvest"", ""size"": ""750 g"", ""pack_qty"": 6}",nuts;milk,21.11,online
N202620,Harvest orange juice 250 ml pack of 6,Beverages,"{""brand"": ""Harvest"", ""size"": ""250 ml"", ""pack_qty"": 6}",none,0.98,supermarket
N202177,Meadow butter croissant 1 L pack of 2,Bakery,"{""brand"": ""Meadow"", ""size"": ""1 L"", ""pack_qty"": 2}",gluten;egg,2.91,online
N201709,Orchard dark chocolate 750 g pack of 6,Snacks,"{""brand"": ""Orchard"", ""size"": ""750 g"", ""pack_qty"": 6}",nuts;milk,16.14,express
N201144,Harvest cheddar cheese 330 ml pack of 1,Dairy,"{""brand"": ""Harvest"", ""size"": ""330 ml"", ""pack_qty"": 1}",milk,12.09,online
N202886,Bluebell bin liners 250 ml pack of 12,Household,"{""brand"": ""Bluebell"", ""size"": ""250 ml"", ""pack_qty"": 12}",none,19.44,online
N200718,Harvest dish soap 2 L pack of 2,Household,"{""brand"": ""Harvest"", ""size"": ""2 L"", ""pack_qty"": 2}",none,20.14,express
N202341,Meadow tortilla chips 6 pk pack of 1,Snacks,"{""brand"": ""Meadow"", ""size"": ""6 pk"", ""pack_qty"": 1}",nuts;milk,15.14,express
N201195,Bluebell fish fingers 250 ml pack of 4,Frozen,"{""brand"": ""Bluebell"", ""size"": ""250 ml"", ""pack_qty"": 4}",gluten;fish,19.44,online
N202184,Bluebell salted butter 500 g pack of 2,Dairy,"{""brand"": ""Bluebell"", ""size"": ""500 g"", ""pack_qty"": 2}",milk,1.91,express
N200868,Harvest orange juice 330 ml pack of 6,Beverages,"{""brand"": ""Harvest"", ""size"": ""330 ml"", ""pack_qty"": 6}",none,9.36,supermarket
N200896,Orchard double cream 330 ml pack of 1,Dairy,"{""brand"": ""Orchard"", ""size"": ""330 ml"", ""pack_qty"": 1}",milk,18.74,supermarket
N202400,Valley cheddar cheese 330 ml pack of 1,Dairy,"{""brand"": ""Valley"", ""size"": ""330 ml"", ""pack_qty"": 1}",milk,14.28,express
N200737,Meadow wholemeal bread 500 g pack of 2,Bakery,"{""brand"": ""Meadow"", ""size"": ""500 g"", ""pack_qty"": 2}",gluten;egg,2.21,online
N201346,Valley banana bunch 1 L pack of 6,Produce,"{""brand"": ""Valley"", ""size"": ""1 L"", ""pack_qty"": 6}",none,21.67,express
N201682,Valley gala apple 2 L pack of 12,Produce,"{""brand"": ""Valley"", ""size"": ""2 L"", ""pack_qty"": 12}",none,2.4,supermarket
N201196,Orchard orange juice 6 pk pack of 1,Beverages,"{""brand"": ""Orchard"", ""size"": ""6 pk"", ""pack_qty"": 1}",none,2.04,online
N200917,Northfield rice cakes 1 L pack of 1,Snacks,"{""brand"": ""Northfield"", ""size"": ""1 L"", ""pack_qty"": 1}",nuts;milk,19.06,online
N202971,Meadow vanilla icecream 750 g pack of 4,Frozen,"{""brand"": ""Meadow"", ""size"": ""750 g"", ""pack_qty"": 4}",gluten;fish,4.01,online
N202769,Harvest butter croissant 2 L pack of 6,Bakery,"{""brand"": ""Harvest"", ""size"": ""2 L"", ""pack_qty"": 6}",gluten;egg,13.37,supermarket
N200474,Harvest gala apple 500 g pack of 1,Produce,"{""brand"": ""Harvest"", ""size"": ""500 g"", ""pack_qty"": 1}",none,15.49,express
N200402,Harvest gala apple 2 L pack of 12,Produce,"{""brand"": ""Harvest"", ""size"": ""2 L"", ""pack_qty"": 12}",none,17.11,express
N202485,Valley trail mix 1 kg pack of 2,Snacks,"{""brand"": ""Valley"", ""size"": ""1 kg"", ""pack_qty"": 2}",nuts;milk,6.92,supermarket
N200332,Bluebell cola zero 1 L pack of 1,Beverages,"{""brand"": ""Bluebell"", ""size"": ""1 L"", ""pack_qty"": 1}",none,3.87,supermarket
N201996,Harvest cold brew 750 g pack of 1,Beverages,"{""brand"": ""Harvest"", ""size"": ""750 g"", ""pack_qty"": 1}",none,0.52,express
N200684,Harvest cold brew 1 kg pack of 12,Beverages,"{""brand"": ""Harvest"", ""size"": ""1 kg"", ""pack_qty"": 12}",none,6.48,express
N200646,Orchard glass cleaner 750 g pack of 4,Household,"{""brand"": ""Orchard"", ""size"": ""750 g"", ""pack_qty"": 4}",none,2.59,express
N202133,Northfield rice cakes 1 kg pack of 1,Snacks,"{""brand"": ""Northfield"", ""size"": ""1 kg"", ""pack_qty"": 1}",nuts;milk,18.84,supermarket
N201835,Bluebell margherita pizza 750 g pack of 2,Frozen,"{""brand"": ""Bluebell"", ""size"": ""750 g"", ""pack_qty"": 2}",gluten;fish,0.93,supermarket
N201979,Harvest margherita pizza 6 pk pack of 1,Frozen,"{""brand"": ""Harvest"", ""size"": ""6 pk"", ""pack_qty"": 1}",gluten;fish,23.4,supermarket
N201271,Orchard body lotion 500 g pack of 1,Personal Care,"{""brand"": ""Orchard"", ""size"": ""500 g"", ""pack_qty"": 1}",none,23.38,online
N200435,Meadow vanilla icecream 750 g pack of 1,Frozen,"{""brand"": ""Meadow"", ""size"": ""750 g"", ""pack_qty"": 1}",gluten;fish,4.53,online
N202974,Valley paper towel 750 g pack of 4,Household,"{""brand"": ""Valley"", ""size"": ""750 g"", ""pack_qty"": 4}",none,0.94,supermarket
N200747,Harvest garden peas 250 ml pack of 2,Frozen,"{""brand"": ""Harvest"", ""size"": ""250 ml"", ""pack_qty"": 2}",gluten;fish,20.72,supermarket
N201227,Bluebell margherita pizza 250 ml pack of 2,Frozen,"{""brand"": ""Bluebell"", ""size"": ""250 ml"", ""pack_qty"": 2}",gluten;fish,14.31,express
N202928,Bluebell whole milk 2 L pack of 12,Dairy,"{""brand"": ""Bluebell"", ""size"": ""2 L"", ""pack_qty"": 12}",milk,19.05,supermarket
N200274,Valley baby spinach 250 ml pack of 4,Produce,"{""brand"": ""Valley"", ""size"": ""250 ml"", ""pack_qty"": 4}",none,10.66,express
N201762,Bluebell baby spinach 6 pk pack of 2,Produce,"{""brand"": ""Bluebell"", ""size"": ""6 pk"", ""pack_qty"": 2}",none,16.89,express
N201179,Orchard mixed berries 250 ml pack of 4,Frozen,"{""brand"": ""Orchard"", ""size"": ""250 ml"", ""pack_qty"": 4}",gluten;fish,21.84,online
N200743,Valley razor blades 2 L pack of 4,Personal Care,"{""brand"": ""Valley"", ""size"": ""2 L"", ""pack_qty"": 4}",none,18.18,express
N202746,Harvest cherry tomato 6 pk pack of 6,Produce,"{""brand"": ""Harvest"", ""size"": ""6 pk"", ""pack_qty"": 6}",none,5.93,supermarket
N201454,Bluebell paper towel 750 g pack of 4,Household,"{""brand"": ""Bluebell"", ""size"": ""750 g"", ""pack_qty"": 4}",none,18.31,online
N200844,Bluebell cold brew 1 kg pack of 2,Beverages,"{""brand"": ""Bluebell"", ""size"": ""1 kg"", ""pack_qty"": 2}",none,4.11,express
N202446,Valley paper towel 6 pk pack of 12,Household,"{""brand"": ""Valley"", ""size"": ""6 pk"", ""pack_qty"": 12}",none,6.23,express
N201907,Bluebell garden peas 1 kg pack of 2,Frozen,"{""brand"": ""Bluebell"", ""size"": ""1 kg"", ""pack_qty"": 2}",gluten;fish,21.44,express
N201529,Bluebell butter croissant 2 L pack of 6,Bakery,"{""brand"": ""Bluebell"", ""size"": ""2 L"", ""pack_qty"": 6}",gluten;egg,21.74,express
N202285,Valley salted crisps 1 kg pack of 6,Snacks,"{""brand"": ""Valley"", ""size"": ""1 kg"", ""pack_qty"": 6}",nuts;milk,13.6,online
N201927,Northfield toothpaste mint 500 g pack of 2,Personal Care,"{""brand"": ""Northfield"", ""size"": ""500 g"", ""pack_qty"": 2}",none,12.81,express
N201119,Orchard razor blades 330 ml pack of 2,Personal Care,"{""brand"": ""Orchard"", ""size"": ""330 ml"", ""pack_qty"": 2}",none,10.56,express
N201988,Northfield sparkling water 1 kg pack of 12,Beverages,"{""brand"": ""Northfield"", ""size"": ""1 kg"", ""pack_qty"": 12}",none,8.82,express
N202529,Northfield wholemeal bread 1 kg pack of 6,Bakery,"{""brand"": ""Northfield"", ""size"": ""1 kg"", ""pack_qty"": 6}",gluten;egg,13.31,express
N202489,Northfield wholemeal bread 750 g pack of 1,Bakery,"{""brand"": ""Northfield"", ""size"": ""750 g"", ""pack_qty"": 1}",gluten;egg,0.49,online
N201849,Orchard blueberry muffin 6 pk pack of 6,Bakery,"{""brand"": ""Orchard"", ""size"": ""6 pk"", ""pack_qty"": 6}",gluten;egg,3.11,express
N200442,Meadow cherry tomato 1 kg pack of 2,Produce,"{""brand"": ""Meadow"", ""size"": ""1 kg"", ""pack_qty"": 2}",none,6.84,express
N202150,Northfield paper towel 330 ml pack of 6,Household,"{""brand"": ""Northfield"", ""size"": ""330 ml"", ""pack_qty"": 6}",none,18.6,online
N202648,Valley double cream 1 L pack of 12,Dairy,"{""brand"": ""Valley"", ""size"": ""1 L"", ""pack_qty"": 12}",milk,1.92,online
N200620,Northfield cold brew 250 ml pack of 2,Beverages,"{""brand"": ""Northfield"", ""size"": ""250 ml"", ""pack_qty"": 2}",none,12.26,supermarket
N201351,Orchard body lotion 250 ml pack of 1,Personal Care,"{""brand"": ""Orchard"", ""size"": ""250 ml"", ""pack_qty"": 1}",none,22.02,supermarket
N200167,Meadow body lotion 2 L pack of 2,Personal Care,"{""brand"": ""Meadow"", ""size"": ""2 L"", ""pack_qty"": 2}",none,8.4,supermarket
N201043,Harvest mixed berries 1 kg pack of 12,Frozen,"{""brand"": ""Harvest"", ""size"": ""1 kg"", ""pack_qty"": 12}",gluten;fish,5.19,supermarket
N201415,Harvest razor blades 6 pk pack of 6,Personal Care,"{""brand"": ""Harvest"", ""size"": ""6 pk"", ""pack_qty"": 6}",none,5.99,supermarket
N201159,Harvest toothpaste mint 6 pk pack of 1,Personal Care,"{""brand"": ""Harvest"", ""size"": ""6 pk"", ""pack_qty"": 1}",none,19.28,express
N200962,Harvest cherry tomato 250 ml pack of 1,Produce,"{""brand"": ""Harvest"", ""size"": ""250 ml"", ""pack_qty"": 1}",none,10.81,supermarket
N202700,Harvest cola zero 1 L pack of 2,Beverages,"{""brand"": ""Harvest"", ""size"": ""1 L"", ""pack_qty"": 2}",none,19.3,express
N200857,Northfield blueberry muffin 750 g pack of 6,Bakery,"{""brand"": ""Northfield"", ""size"": ""750 g"", ""pack_qty"": 6}",gluten;egg,6.18,express
N201068,Meadow oat drink 750 g pack of 4,Beverages,"{""brand"": ""Meadow"", ""size"": ""750 g"", ""pack_qty"": 4}",none,5.38,express
N200159,Harvest shampoo daily 250 ml pack of 12,Personal Care,"{""brand"": ""Harvest"", ""size"": ""250 ml"", ""pack_qty"": 12}",none,12.04,express
N202146,Bluebell baby spinach 1 L pack of 1,Produce,"{""brand"": ""Bluebell"", ""size"": ""1 L"", ""pack_qty"": 1}",none,16.88,express
N201778,Northfield gala apple 330 ml pack of 4,Produce,"{""brand"": ""Northfield"", ""size"": ""330 ml"", ""pack_qty"": 4}",none,3.08,online
N201890,Bluebell gala apple 1 L pack of 4,Produce,"{""brand"": ""Bluebell"", ""size"": ""1 L"", ""pack_qty"": 4}",none,20.5,online
N201610,Valley cherry tomato 330 ml pack of 2,Produce,"{""brand"": ""Valley"", ""size"": ""330 ml"", ""pack_qty"": 2}",none,17.19,express
N200193,Valley butter croissant 6 pk pack of 2,Bakery,"{""brand"": ""Valley"", ""size"": ""6 pk"", ""pack_qty"": 2}",gluten;egg,3.57,express
N202152,Harvest greek yogurt 2 L pack of 1,Dairy,"{""brand"": ""Harvest"", ""size"": ""2 L"", ""pack_qty"": 1}",milk,8.27,online
N202738,Orchard avocado ripe 6 pk pack of 12,Produce,"{""brand"": ""Orchard"", ""size"": ""6 pk"", ""pack_qty"": 12}",none,20.56,supermarket
N201086,Harvest paper towel 500 g pack of 2,Household,"{""brand"": ""Harvest"", ""size"": ""500 g"", ""pack_qty"": 2}",none,4.61,supermarket
N200685,Harvest trail mix 500 g pack of 2,Snacks,"{""brand"": ""Harvest"", ""size"": ""500 g"", ""pack_qty"": 2}",nuts;milk,14.48,express
N202865,Northfield seeded bagel 6 pk pack of 2,Bakery,"{""brand"": ""Northfield"", ""size"": ""6 pk"", ""pack_qty"": 2}",gluten;egg,14.01,express
N200905,Harvest butter croissant 500 g pack of 12,Bakery,"{""brand"": ""Harvest"", ""size"": ""500 g"", ""pack_qty"": 12}",gluten;egg,23.68,express
N200239,Bluebell body lotion 6 pk pack of 1,Personal Care,"{""brand"": ""Bluebell"", ""size"": ""6 pk"", ""pack_qty"": 1}",none,12.54,express
N200701,Bluebell rice cakes 330 ml pack of 12,Snacks,"{""brand"": ""Bluebell"", ""size"": ""330 ml"", ""pack_qty"": 12}",nuts;milk,14.71,express
N202935,Orchard toothpaste mint 1 L pack of 4,Personal Care,"{""brand"": ""Orchard"", ""size"": ""1 L"", ""pack_qty"": 4}",none,3.57,supermarket
N201018,Meadow gala apple 1 L pack of 12,Produce,"{""brand"": ""Meadow"", ""size"": ""1 L"", ""pack_qty"": 12}",none,19.57,online
N200033,Meadow sourdough loaf 750 g pack of 4,Bakery,"{""brand"": ""Meadow"", ""size"": ""750 g"", ""pack_qty"": 4}",gluten;egg,10.6,online
N201145,Northfield butter croissant 1 kg pack of 2,Bakery,"{""brand"": ""Northfield"", ""size"": ""1 kg"", ""pack_qty"": 2}",gluten;egg,6.63,express
N202479,Bluebell toothpaste mint 2 L pack of 12,Personal Care,"{""brand"": ""Bluebell"", ""size"": ""2 L"", ""pack_qty"": 12}",none,16.77,online
N202694,Valley glass cleaner 1 L pack of 4,Household,"{""brand"": ""Valley"", ""size"": ""1 L"", ""pack_qty"": 4}",none,5.27,online
N200292,Harvest cola zero 250 ml pack of 4,Beverages,"{""brand"": ""Harvest"", ""size"": ""250 ml"", ""pack_qty"": 4}",none,15.98,supermarket
N202750,Northfield bin liners 6 pk pack of 2,Household,"{""brand"": ""Northfield"", ""size"": ""6 pk"", ""pack_qty"": 2}",none,8.92,supermarket
N202187,Harvest fish fingers 750 g pack of 2,UNKNOWN_CAT,"{""brand"": ""Harvest"", ""size"": ""750 g"", ""pack_qty"": 2}",gluten;fish,18.72,online
N201314,Northfield banana bunch 250 ml pack of 6,Produce,"{""brand"": ""Northfield"", ""size"": ""250 ml"", ""pack_qty"": 6}",none,22.18,express
N201369,Northfield blueberry muffin 1 L pack of 12,Bakery,"{""brand"": ""Northfield"", ""size"": ""1 L"", ""pack_qty"": 12}",gluten;egg,7.85,online
N202179,Meadow margherita pizza 6 pk pack of 12,Frozen,"{""brand"": ""Meadow"", ""size"": ""6 pk"", ""pack_qty"": 12}",gluten;fish,20.18,supermarket
N200904,Northfield salted butter 500 g pack of 6,Dairy,"{""brand"": ""Northfield"", ""size"": ""500 g"", ""pack_qty"": 6}",milk,2.67,supermarket
N202106,Northfield avocado ripe 750 g pack of 4,Produce,"{""brand"": ""Northfield"", ""size"": ""750 g"", ""pack_qty"": 4}",none,19.82,supermarket
N201012,Orchard cola zero 250 ml pack of 2,Beverages,"{""brand"": ""Orchard"", ""size"": ""250 ml"", ""pack_qty"": 2}",none,8.19,express
N200528,Harvest cheddar cheese 1 L pack of 6,Dairy,"{""brand"": ""Harvest"", ""size"": ""1 L"", ""pack_qty"": 6}",milk,5.84,supermarket
N200676,Bluebell sparkling water 750 g pack of 4,Beverages,"{""brand"": ""Bluebell"", ""size"": ""750 g"", ""pack_qty"": 4}",none,9.05,express
N201539,Northfield garden peas 1 kg pack of 4,Frozen,"{""brand"": ""Northfield"", ""size"": ""1 kg"", ""pack_qty"": 4}",gluten;fish,22.35,express
N202307,Meadow garden peas 250 ml pack of 6,Frozen,"{""brand"": ""Meadow"", ""size"": ""250 ml"", ""pack_qty"": 6}",gluten;fish,6.12,supermarket
N200399,Orchard shampoo daily 6 pk pack of 12,Personal Care,"{""brand"": ""Orchard"", ""size"": ""6 pk"", ""pack_qty"": 12}",none,9.77,express
N202908,Valley sparkling water 330 ml pack of 6,Beverages,"{""brand"": ""Valley"", ""size"": ""330 ml"", ""pack_qty"": 6}",none,21.0,supermarket
N202452,Harvest cold brew 1 L pack of 1,Beverages,"{""brand"": ""Harvest"", ""size"": ""1 L"", ""pack_qty"": 1}",none,20.42,express
N200079,Harvest razor blades 330 ml pack of 6,Personal Care,"{""brand"": ""Harvest"", ""size"": ""330 ml"", ""pack_qty"": 6}",none,20.49,online
N202354,Bluebell banana bunch 6 pk pack of 1,Produce,"{""brand"": ""Bluebell"", ""size"": ""6 pk"", ""pack_qty"": 1}",none,23.01,supermarket
N201044,Bluebell sparkling water 750 g pack of 1,Beverages,"{""brand"": ""Bluebell"", ""size"": ""750 g"", ""pack_qty"": 1}",none,4.14,online
N202406,Northfield glass cleaner 330 ml pack of 6,Household,"{""brand"": ""Northfield"", ""size"": ""330 ml"", ""pack_qty"": 6}",none,23.21,supermarket
N201584,Northfield cheddar cheese 330 ml pack of 2,Dairy,"{""brand"": ""Northfield"", ""size"": ""330 ml"", ""pack_qty"": 2}",milk,23.33,online
N202660,Bluebell sparkling water 2 L pack of 4,Beverages,"{""brand"": ""Bluebell"", ""size"": ""2 L"", ""pack_qty"": 4}",none,6.4,online
N201944,Northfield double cream 1 L pack of 6,Dairy,"{""brand"": ""Northfield"", ""size"": ""1 L"", ""pack_qty"": 6}",milk,12.82,supermarket
N201892,Harvest orange juice 500 g pack of 4,Beverages,"{""brand"": ""Harvest"", ""size"": ""500 g"", ""pack_qty"": 4}",none,0.7,supermarket
N200021,Harvest tortilla chips 500 g pack of 12,Snacks,"{""brand"": ""Harvest"", ""size"": ""500 g"", ""pack_qty"": 12}",nuts;milk,7.33,supermarket
N201585,Orchard blueberry muffin 2 L pack of 1,Bakery,"{""brand"": ""Orchard"", ""size"": ""2 L"", ""pack_qty"": 1}",gluten;egg,7.19,express
N200515,Northfield fish fingers 2 L pack of 6,Frozen,"{""brand"": ""Northfield"", ""size"": ""2 L"", ""pack_qty"": 6}",gluten;fish,16.51,online
N200616,Valley whole milk 750 g pack of 2,Dairy,"{""brand"": ""Valley"", ""size"": ""750 g"", ""pack_qty"": 2}",milk,10.17,online
N201793,Bluebell blueberry muffin 1 kg pack of 6,Bakery,"{""brand"": ""Bluebell"", ""size"": ""1 kg"", ""pack_qty"": 6}",gluten;egg,18.1,express
N200963,Meadow margherita pizza 500 g pack of 12,Frozen,"{""brand"": ""Meadow"", ""size"": ""500 g"", ""pack_qty"": 12}",gluten;fish,4.25,online
N202848,Bluebell whole milk 1 kg pack of 4,Dairy,"{""brand"": ""Bluebell"", ""size"": ""1 kg"", ""pack_qty"": 4}",milk,17.46,online
N202641,Harvest seeded bagel 1 L pack of 1,Bakery,"{""brand"": ""Harvest"", ""size"": ""1 L"", ""pack_qty"": 1}",gluten;egg,11.51,express
N202963,Harvest mixed berries 500 g pack of 4,Frozen,"{""brand"": ""Harvest"", ""size"": ""500 g"", ""pack_qty"": 4}",gluten;fish,6.17,supermarket
N201262,Meadow dish soap 1 L pack of 1,Household,"{""brand"": ""Meadow"", ""size"": ""1 L"", ""pack_qty"": 1}",none,12.45,supermarket
N201602,Valley baby spinach 330 ml pack of 4,Produce,"{""brand"": ""Valley"", ""size"": ""330 ml"", ""pack_qty"": 4}",none,17.13,express
N200483,Bluebell mixed berries 6 pk pack of 6,Frozen,"{""brand"": ""Bluebell"", ""size"": ""6 pk"", ""pack_qty"": 6}",gluten;fish,17.78,supermarket
N200150,Orchard paper towel 330 ml pack of 12,Household,"{""brand"": ""Orchard"", ""size"": ""330 ml"", ""pack_qty"": 12}",none,23.89,express
N200987,Meadow vanilla icecream 750 g pack of 2,Frozen,"{""brand"": ""Meadow"", ""size"": ""750 g"", ""pack_qty"": 2}",gluten;fish,21.69,online
N202217,Orchard seeded bagel 1 L pack of 6,Bakery,"{""brand"": ""Orchard"", ""size"": ""1 L"", ""pack_qty"": 6}",gluten;egg,6.41,online
N201553,Northfield butter croissant 750 g pack of 4,Bakery,"{""brand"": ""Northfield"", ""size"": ""750 g"", ""pack_qty"": 4}",gluten;egg,22.68,supermarket
N201626,Northfield gala apple 1 kg pack of 4,Produce,"{""brand"": ""Northfield"", ""size"": ""1 kg"", ""pack_qty"": 4}",none,20.59,supermarket
N200624,Meadow cheddar cheese 330 ml pack of 1,Dairy,"{""brand"": ""Meadow"", ""size"": ""330 ml"", ""pack_qty"": 1}",milk,19.71,supermarket
N200958,Northfield paper towel 1 kg pack of 4,Household,"{""brand"": ""Northfield"", ""size"": ""1 kg"", ""pack_qty"": 4}",none,8.81,express
N201335,Northfield razor blades 1 L pack of 1,Personal Care,"{""brand"": ""Northfield"", ""size"": ""1 L"", ""pack_qty"": 1}",none,3.76,express
N200340,Harvest cold brew 6 pk pack of 2,Beverages,"{""brand"": ""Harvest"", ""size"": ""6 pk"", ""pack_qty"": 2}",none,21.05,online
N200407,Valley shampoo daily 250 ml pack of 1,Personal Care,"{""brand"": ""Valley"", ""size"": ""250 ml"", ""pack_qty"": 1}",none,2.23,supermarket
N201729,Orchard sourdough loaf 750 g pack of 6,Bakery,"{""brand"": ""Orchard"", ""size"": ""750 g"", ""pack_qty"": 6}",gluten;egg,1.05,supermarket
N202998,Orchard laundry pods 750 g pack of 12,Household,"{""brand"": ""Orchard"", ""size"": ""750 g"", ""pack_qty"": 12}",none,20.9,supermarket
N200445,Valley rice cakes 2 L pack of 1,Snacks,"{""brand"": ""Valley"", ""size"": ""2 L"", ""pack_qty"": 1}",nuts;milk,23.97,online
N200689,Meadow butter croissant 250 ml pack of 1,Bakery,"{""brand"": ""Meadow"", ""size"": ""250 ml"", ""pack_qty"": 1}",gluten;egg,11.9,express
N202373N,NORTHFIELD TRAIL MIX 2 L PACK OF 4  ,Snacks,"{""brand"": ""Northfield"", ""size"": ""2 L"", ""pack_qty"": 4}",nuts;milk,9.15,online
N201735,Northfield shampoo daily 1 kg pack of 1,Personal Care,"{""brand"": ""Northfield"", ""size"": ""1 kg"", ""pack_qty"": 1}",none,12.75,online
N202462,Valley bin liners 750 g pack of 1,Household,"{""brand"": ""Valley"", ""size"": ""750 g"", ""pack_qty"": 1}",none,17.55,supermarket
N201261,Northfield rice cakes 1 L pack of 12,Snacks,"{""brand"": ""Northfield"", ""size"": ""1 L"", ""pack_qty"": 12}",nuts;milk,13.02,online
N201636,Bluebell oat drink 6 pk pack of 2,Beverages,"{""brand"": ""Bluebell"", ""size"": ""6 pk"", ""pack_qty"": 2}",none,21.79,supermarket
N201060,Bluebell cola zero 1 kg pack of 6,Beverages,"{""brand"": ""Bluebell"", ""size"": ""1 kg"", ""pack_qty"": 6}",none,23.82,express
N201774,Northfield glass cleaner 330 ml pack of 1,Household,"{""brand"": ""Northfield"", ""size"": ""330 ml"", ""pack_qty"": 1}",none,18.1,express
N200696,Northfield cheddar cheese 1 kg pack of 6,Dairy,"{""brand"": ""Northfield"", ""size"": ""1 kg"", ""pack_qty"": 6}",milk,10.72,online
N201720,Valley double cream 330 ml pack of 12,Dairy,"{""brand"": ""Valley"", ""size"": ""330 ml"", ""pack_qty"": 12}",milk,3.54,express
N200564,Meadow orange juice 250 ml pack of 2,Beverages,"{""brand"": ""Meadow"", ""size"": ""250 ml"", ""pack_qty"": 2}",none,11.35,express
N201062,Valley glass cleaner 750 g pack of 12,Household,"{""brand"": ""Valley"", ""size"": ""750 g"", ""pack_qty"": 12}",none,11.61,supermarket
N201128,Meadow double cream 750 g pack of 2,Dairy,"{""brand"": ""Meadow"", ""size"": ""750 g"", ""pack_qty"": 2}",milk,10.44,express
N200841,Harvest blueberry muffin 1 L pack of 6,Bakery,"{""brand"": ""Harvest"", ""size"": ""1 L"", ""pack_qty"": 6}",gluten;egg,8.06,express
N202490,Bluebell gala apple 1 L pack of 1,Produce,"{""brand"": ""Bluebell"", ""size"": ""1 L"", ""pack_qty"": 1}",none,1.72,supermarket
N201130,Northfield baby spinach 1 kg pack of 12,Produce,"{""brand"": ""Northfield"", ""size"": ""1 kg"", ""pack_qty"": 12}",none,22.75,online
N200270,Harvest paper towel 6 pk pack of 6,Household,"{""brand"": ""Harvest"", ""size"": ""6 pk"", ""pack_qty"": 6}",none,20.49,express
N201956,Orchard sparkling water 500 g pack of 4,Beverages,"{""brand"": ""Orchard"", ""size"": ""500 g"", ""pack_qty"": 4}",none,5.16,express
N202946,Valley baby spinach 330 ml pack of 4,Produce,"{""brand"": ""Valley"", ""size"": ""330 ml"", ""pack_qty"": 4}",none,23.98,supermarket
N201630,Northfield laundry pods 750 g pack of 12,Household,"{""brand"": ""Northfield"", ""size"": ""750 g"", ""pack_qty"": 12}",none,20.21,online
N201436,Bluebell cold brew 250 ml pack of 2,Beverages,"{""brand"": ""Bluebell"", ""size"": ""250 ml"", ""pack_qty"": 2}",none,14.37,express
N202278,Bluebell dish soap 1 kg pack of 6,Household,"{""brand"": ""Bluebell"", ""size"": ""1 kg"", ""pack_qty"": 6}",none,21.63,online
N202735,Valley toothpaste mint 2 L pack of 6,Personal Care,"{""brand"": ""Valley"", ""size"": ""2 L"", ""pack_qty"": 6}",none,13.5,supermarket
N200489,Valley blueberry muffin 6 pk pack of 4,Bakery,"{""brand"": ""Valley"", ""size"": ""6 pk"", ""pack_qty"": 4}",gluten;egg,7.51,online
N201303,Meadow razor blades 1 kg pack of 1,Personal Care,"{""brand"": ""Meadow"", ""size"": ""1 kg"", ""pack_qty"": 1}",none,19.6,supermarket
N200206,Meadow laundry pods 1 kg pack of 1,Household,"{""brand"": ""Meadow"", ""size"": ""1 kg"", ""pack_qty"": 1}",none,23.05,online
N202197,Valley salted crisps 500 g pack of 1,Snacks,"{""brand"": ""Valley"", ""size"": ""500 g"", ""pack_qty"": 1}",nuts;milk,10.04,express
N200775,Harvest razor blades 1 kg pack of 1,Personal Care,"{""brand"": ""Harvest"", ""size"": ""1 kg"", ""pack_qty"": 1}",none,5.74,online
N201561,Bluebell wholemeal bread 500 g pack of 2,Bakery,"{""brand"": ""Bluebell"", ""size"": ""500 g"", ""pack_qty"": 2}",gluten;egg,19.19,online
N201552,Bluebell salted butter 1 L pack of 4,Dairy,"{""brand"": ""Bluebell"", ""size"": ""1 L"", ""pack_qty"": 4}",milk,17.67,supermarket
N200244,Harvest sparkling water 1 L pack of 4,Beverages,"{""brand"": ""Harvest"", ""size"": ""1 L"", ""pack_qty"": 4}",none,17.71,express
N200424,Bluebell salted butter 330 ml pack of 1,Dairy,"{""brand"": ""Bluebell"", ""size"": ""330 ml"", ""pack_qty"": 1}",milk,23.56,supermarket
N200768,Harvest greek yogurt 250 ml pack of 4,Dairy,"{""brand"": ""Harvest"", ""size"": ""250 ml"", ""pack_qty"": 4}",milk,22.79,express
N202260,Meadow cola zero 1 kg pack of 1,Beverages,"{""brand"": ""Meadow"", ""size"": ""1 kg"", ""pack_qty"": 1}",none,10.1,express
N200319,Northfield hand soap 750 g pack of 2,Personal Care,"{""brand"": ""Northfield"", ""size"": ""750 g"", ""pack_qty"": 2}",none,21.28,supermarket
N202710,Meadow paper towel 6 pk pack of 6,Household,"{""brand"": ""Meadow"", ""size"": ""6 pk"", ""pack_qty"": 6}",none,12.46,supermarket
N201239,Northfield razor blades 500 g pack of 6,Personal Care,"{""brand"": ""Northfield"", ""size"": ""500 g"", ""pack_qty"": 6}",none,19.55,express
N201607,Northfield razor blades 330 ml pack of 2,Personal Care,"{""brand"": ""Northfield"", ""size"": ""330 ml"", ""pack_qty"": 2}",none,18.54,online
N201548,Valley orange juice 500 g pack of 2,Beverages,"{""brand"": ""Valley"", ""size"": ""500 g"", ""pack_qty"": 2}",none,9.48,online
N200911,Northfield hand soap 1 L pack of 2,Personal Care,"{""brand"": ""Northfield"", ""size"": ""1 L"", ""pack_qty"": 2}",none,1.03,supermarket
N200512,Bluebell greek yogurt 250 ml pack of 6,Dairy,"{""brand"": ""Bluebell"", ""size"": ""250 ml"", ""pack_qty"": 6}",milk,21.87,supermarket
N200778,Bluebell baby spinach 250 ml pack of 1,Produce,"{""brand"": ""Bluebell"", ""size"": ""250 ml"", ""pack_qty"": 1}",none,17.88,online
N201178,Valley banana bunch 250 ml pack of 12,Produce,"{""brand"": ""Valley"", ""size"": ""250 ml"", ""pack_qty"": 12}",none,4.0,supermarket
N202582,Harvest laundry pods 6 pk pack of 2,Household,"{""brand"": ""Harvest"", ""size"": ""6 pk"", ""pack_qty"": 2}",none,1.45,online
N202594,Meadow banana bunch 750 g pack of 4,Produce,"{""brand"": ""Meadow"", ""size"": ""750 g"", ""pack_qty"": 4}",none,8.91,online
N201647,Valley body lotion 250 ml pack of 12,Personal Care,"{""brand"": ""Valley"", ""size"": ""250 ml"", ""pack_qty"": 12}",none,14.94,express
N202171,Valley margherita pizza 330 ml pack of 1,Frozen,"{""brand"": ""Valley"", ""size"": ""330 ml"", ""pack_qty"": 1}",gluten;fish,23.63,online
N200804,Valley orange juice 250 ml pack of 4,Beverages,"{""brand"": ""Valley"", ""size"": ""250 ml"", ""pack_qty"": 4}",none,7.07,online
N200642,Harvest cherry tomato 1 L pack of 2,Produce,"{""brand"": ""Harvest"", ""size"": ""1 L"", ""pack_qty"": 2}",none,8.55,online
N202905,Bluebell seeded bagel 6 pk pack of 1,Bakery,"{""brand"": ""Bluebell"", ""size"": ""6 pk"", ""pack_qty"": 1}",gluten;egg,12.29,supermarket
N200455,Meadow body lotion 250 ml pack of 1,Personal Care,"{""brand"": ""Meadow"", ""size"": ""250 ml"", ""pack_qty"": 1}",none,16.48,online
N201831,Orchard shampoo daily 1 kg pack of 4,Personal Care,"{""brand"": ""Orchard"", ""size"": ""1 kg"", ""pack_qty"": 4}",none,18.3,supermarket
N200305,Bluebell butter croissant 500 g pack of 4,Bakery,"{""brand"": ""Bluebell"", ""size"": ""500 g"", ""pack_qty"": 4}",gluten;egg,21.05,express
N201139,Harvest garden peas 250 ml pack of 1,Frozen,"{""brand"": ""Harvest"", ""size"": ""250 ml"", ""pack_qty"": 1}",gluten;fish,23.91,online
N202226,Northfield baby spinach 750 g pack of 1,Produce,"{""brand"": ""Northfield"", ""size"": ""750 g"", ""pack_qty"": 1}",none,10.13,online
N200558,Bluebell glass cleaner 1 kg pack of 12,Household,"{""brand"": ""Bluebell"", ""size"": ""1 kg"", ""pack_qty"": 12}",none,23.31,supermarket
N202006,Orchard glass cleaner 750 g pack of 2,Household,"{""brand"": ""Orchard"", ""size"": ""750 g"", ""pack_qty"": 2}",none,11.79,express
N202486,Harvest laundry pods 250 ml pack of 2,Household,"{""brand"": ""Harvest"", ""size"": ""250 ml"", ""pack_qty"": 2}",none,8.51,express
N202282,Orchard avocado ripe 750 g pack of 6,Produce,"{""brand"": ""Orchard"", ""size"": ""750 g"", ""pack_qty"": 6}",none,20.63,supermarket
N202238,Valley bin liners 1 L pack of 6,Household,"{""brand"": ""Valley"", ""size"": ""1 L"", ""pack_qty"": 6}",none,8.37,supermarket
N202211,Northfield garden peas 250 ml pack of 4,Frozen,"{""brand"": ""Northfield"", ""size"": ""250 ml"", ""pack_qty"": 4}",gluten;fish,11.21,express
N200858,Harvest cherry tomato 500 g pack of 1,Produce,"{""brand"": ""Harvest"", ""size"": ""500 g"", ""pack_qty"": 1}",none,18.68,express
N201555,Bluebell garden peas 2 L pack of 2,Frozen,"{""brand"": ""Bluebell"", ""size"": ""2 L"", ""pack_qty"": 2}",gluten;fish,6.78,online
N202725,Harvest dark chocolate 2 L pack of 2,Snacks,"{""brand"": ""Harvest"", ""size"": ""2 L"", ""pack_qty"": 2}",nuts;milk,23.67,supermarket
N200937,Northfield blueberry muffin 2 L pack of 4,Bakery,"{""brand"": ""Northfield"", ""size"": ""2 L"", ""pack_qty"": 4}",gluten;egg,6.9,supermarket
N200584,Meadow double cream 2 L pack of 1,Dairy,"{""brand"": ""Meadow"", ""size"": ""2 L"", ""pack_qty"": 1}",milk,10.9,online
N202568,Northfield whole milk 500 g pack of 2,Dairy,"{""brand"": ""Northfield"", ""size"": ""500 g"", ""pack_qty"": 2}",milk,21.22,online
N200300,Meadow oat drink 1 kg pack of 1,Beverages,"{""brand"": ""Meadow"", ""size"": ""1 kg"", ""pack_qty"": 1}",none,6.89,online
N200099,Meadow garden peas 1 L pack of 6,Frozen,"{""brand"": ""Meadow"", ""size"": ""1 L"", ""pack_qty"": 6}",gluten;fish,2.64,express
N200915,Meadow vanilla icecream 2 L pack of 4,Frozen,"{""brand"": ""Meadow"", ""size"": ""2 L"", ""pack_qty"": 4}",gluten;fish,10.23,online
N201006,Orchard glass cleaner 750 g pack of 1,Household,"{""brand"": ""Orchard"", ""size"": ""750 g"", ""pack_qty"": 1}",none,9.39,online
N200557,Meadow trail mix 6 pk pack of 4,Snacks,"{""brand"": ""Meadow"", ""size"": ""6 pk"", ""pack_qty"": 4}",nuts;milk,18.41,supermarket
N201589,Valley rice cakes 500 g pack of 2,Snacks,"{""brand"": ""Valley"", ""size"": ""500 g"", ""pack_qty"": 2}",nuts;milk,22.41,supermarket
N202381,Orchard salted crisps 1 kg pack of 2,Snacks,"{""brand"": ""Orchard"", ""size"": ""1 kg"", ""pack_qty"": 2}",nuts;milk,19.94,online
N202925,Harvest trail mix 1 L pack of 6,Snacks,"{""brand"": ""Harvest"", ""size"": ""1 L"", ""pack_qty"": 6}",nuts;milk,7.47,express
N202410,Orchard cherry tomato 1 L pack of 4,Produce,"{""brand"": ""Orchard"", ""size"": ""1 L"", ""pack_qty"": 4}",none,19.25,express
N200251,Orchard margherita pizza 330 ml pack of 2,Frozen,"{""brand"": ""Orchard"", ""size"": ""330 ml"", ""pack_qty"": 2}",gluten;fish,14.6,express
N200815,Bluebell hand soap 1 L pack of 4,Personal Care,"{""brand"": ""Bluebell"", ""size"": ""1 L"", ""pack_qty"": 4}",none,22.57,online
N201001,Orchard seeded bagel 2 L pack of 1,Bakery,"{""brand"": ""Orchard"", ""size"": ""2 L"", ""pack_qty"": 1}",gluten;egg,12.12,express
N202476,Valley cold brew 250 ml pack of 6,Beverages,"{""brand"": ""Valley"", ""size"": ""250 ml"", ""pack_qty"": 6}",none,14.49,supermarket
N200833,Northfield seeded bagel 1 kg pack of 2,Bakery,"{""brand"": ""Northfield"", ""size"": ""1 kg"", ""pack_qty"": 2}",gluten;egg,1.21,online
N200770,Harvest gala apple 750 g pack of 12,Produce,"{""brand"": ""Harvest"", ""size"": ""750 g"", ""pack_qty"": 12}",none,1.16,online
N201085,Bluebell rice cakes 250 ml pack of 1,Snacks,"{""brand"": ""Bluebell"", ""size"": ""250 ml"", ""pack_qty"": 1}",nuts;milk,0.77,supermarket
N201367,Meadow razor blades 750 g pack of 1,Personal Care,"{""brand"": ""Meadow"", ""size"": ""750 g"", ""pack_qty"": 1}",none,18.09,supermarket
N202434,Northfield gala apple 250 ml pack of 6,Produce,"{""brand"": ""Northfield"", ""size"": ""250 ml"", ""pack_qty"": 6}",none,9.03,online
N200368,Harvest cheddar cheese 6 pk pack of 4,Dairy,"{""brand"": ""Harvest"", ""size"": ""6 pk"", ""pack_qty"": 4}",milk,11.3,supermarket
N201851,Harvest margherita pizza 1 L pack of 6,Frozen,"{""brand"": ""Harvest"", ""size"": ""1 L"", ""pack_qty"": 6}",gluten;fish,11.38,online
N202382,Valley dish soap 500 g pack of 4,Household,"{""brand"": ""Valley"", ""size"": ""500 g"", ""pack_qty"": 4}",none,17.71,express
N201393,Orchard blueberry muffin 1 kg pack of 4,Bakery,"{""brand"": ""Orchard"", ""size"": ""1 kg"", ""pack_qty"": 4}",gluten;egg,9.55,online
N200612,Northfield oat drink 2 L pack of 12,Beverages,"{""brand"": ""Northfield"", ""size"": ""2 L"", ""pack_qty"": 12}",none,7.68,supermarket
N201968,Bluebell salted butter 250 ml pack of 6,Dairy,"{""brand"": ""Bluebell"", ""size"": ""250 ml"", ""pack_qty"": 6}",milk,15.09,express
N201895,Meadow body lotion 330 ml pack of 2,Personal Care,"{""brand"": ""Meadow"", ""size"": ""330 ml"", ""pack_qty"": 2}",none,6.6,online
N200831,Meadow toothpaste mint 330 ml pack of 6,Personal Care,"{""brand"": ""Meadow"", ""size"": ""330 ml"", ""pack_qty"": 6}",none,3.92,online
N202032,Bluebell salted butter 500 g pack of 4,Dairy,"{""brand"": ""Bluebell"", ""size"": ""500 g"", ""pack_qty"": 4}",milk,19.43,express
N202436,Northfield cola zero 1 kg pack of 6,Beverages,"{""brand"": ""Northfield"", ""size"": ""1 kg"", ""pack_qty"": 6}",none,18.07,online
N201886,Meadow dish soap 6 pk pack of 2,Household,"{""brand"": ""Meadow"", ""size"": ""6 pk"", ""pack_qty"": 2}",none,4.17,online
N202052,Valley oat drink 1 L pack of 2,Beverages,"{""brand"": ""Valley"", ""size"": ""1 L"", ""pack_qty"": 2}",none,1.99,supermarket
N201027,Northfield margherita pizza 6 pk pack of 4,Frozen,"{""brand"": ""Northfield"", ""size"": ""6 pk"", ""pack_qty"": 4}",gluten;fish,21.24,online
N200419,Valley mixed berries 1 kg pack of 6,Frozen,"{""brand"": ""Valley"", ""size"": ""1 kg"", ""pack_qty"": 6}",gluten;fish,4.39,online
N202160,Meadow double cream 500 g pack of 2,Dairy,"{""brand"": ""Meadow"", ""size"": ""500 g"", ""pack_qty"": 2}",milk,3.24,supermarket
N200873,Valley butter croissant 330 ml pack of 1,Bakery,"{""brand"": ""Valley"", ""size"": ""330 ml"", ""pack_qty"": 1}",gluten;egg,5.49,supermarket
N200246,Orchard bin liners 330 ml pack of 6,Household,"{""brand"": ""Orchard"", ""size"": ""330 ml"", ""pack_qty"": 6}",none,13.85,express
N201836,Harvest orange juice 1 kg pack of 2,Beverages,"{""brand"": ""Harvest"", ""size"": ""1 kg"", ""pack_qty"": 2}",none,11.41,online
N202634,Bluebell gala apple 1 kg pack of 12,Produce,"{""brand"": ""Bluebell"", ""size"": ""1 kg"", ""pack_qty"": 12}",none,8.14,supermarket
N201291,Bluebell mixed berries 1 kg pack of 6,Frozen,"{""brand"": ""Bluebell"", ""size"": ""1 kg"", ""pack_qty"": 6}",gluten;fish,10.17,supermarket
N202468,Northfield cold brew 1 kg pack of 1,Beverages,"{""brand"": ""Northfield"", ""size"": ""1 kg"", ""pack_qty"": 1}",none,7.12,express
N202244,Northfield sparkling water 750 g pack of 6,Beverages,"{""brand"": ""Northfield"", ""size"": ""750 g"", ""pack_qty"": 6}",none,5.05,supermarket
N201072,Bluebell cheddar cheese 1 kg pack of 6,Dairy,"{""brand"": ""Bluebell"", ""size"": ""1 kg"", ""pack_qty"": 6}",milk,11.36,express
N200551,Northfield toothpaste mint 250 ml pack of 4,Personal Care,"{""brand"": ""Northfield"", ""size"": ""250 ml"", ""pack_qty"": 4}",none,14.81,express
N200777,Orchard butter croissant 330 ml pack of 12,Bakery,"{""brand"": ""Orchard"", ""size"": ""330 ml"", ""pack_qty"": 12}",gluten;egg,8.78,online
N200536,Meadow greek yogurt 500 g pack of 2,Dairy,"{""brand"": ""Meadow"", ""size"": ""500 g"", ""pack_qty"": 2}",milk,13.32,supermarket
N202505,Meadow sourdough loaf 330 ml pack of 6,Bakery,"{""brand"": ""Meadow"", ""size"": ""330 ml"", ""pack_qty"": 6}",gluten;egg,2.83,supermarket
N200871,Meadow body lotion 1 kg pack of 2,Personal Care,"{""brand"": ""Meadow"", ""size"": ""1 kg"", ""pack_qty"": 2}",none,2.7,online
N202804,Valley cola zero 1 L pack of 1,Beverages,"{""brand"": ""Valley"", ""size"": ""1 L"", ""pack_qty"": 1}",none,1.03,online
N200112,Valley cheddar cheese 500 g pack of 6,Dairy,"{""brand"": ""Valley"", ""size"": ""500 g"", ""pack_qty"": 6}",milk,0.69,supermarket
N202287,Bluebell shampoo daily 2 L pack of 4,Personal Care,"{""brand"": ""Bluebell"", ""size"": ""2 L"", ""pack_qty"": 4}",none,19.64,express
N201522,Harvest avocado ripe 750 g pack of 4,Produce,"{""brand"": ""Harvest"", ""size"": ""750 g"", ""pack_qty"": 4}",none,8.51,express
N202180,Valley cold brew 330 ml pack of 6,Beverages,"{""brand"": ""Valley"", ""size"": ""330 ml"", ""pack_qty"": 6}",none,21.33,express
N200794,Orchard gala apple 250 ml pack of 1,Produce,"{""brand"": ""Orchard"", ""size"": ""250 ml"", ""pack_qty"": 1}",none,2.84,supermarket
N201569,Orchard seeded bagel 1 kg pack of 12,Bakery,"{""brand"": ""Orchard"", ""size"": ""1 kg"", ""pack_qty"": 12}",gluten;egg,20.71,supermarket
N201969,Harvest seeded bagel 500 g pack of 6,Bakery,"{""brand"": ""Harvest"", ""size"": ""500 g"", ""pack_qty"": 6}",gluten;egg,4.04,supermarket
N200790,Orchard glass cleaner 330 ml pack of 4,Household,"{""brand"": ""Orchard"", ""size"": ""330 ml"", ""pack_qty"": 4}",none,16.34,supermarket
N202511,Harvest razor blades 750 g pack of 12,Personal Care,"{""brand"": ""Harvest"", ""size"": ""750 g"", ""pack_qty"": 12}",none,20.58,online
N202153,Meadow blueberry muffin 330 ml pack of 2,Bakery,"{""brand"": ""Meadow"", ""size"": ""330 ml"", ""pack_qty"": 2}",gluten;egg,3.45,online
N200059,Northfield garden peas 2 L pack of 12,Frozen,"{""brand"": ""Northfield"", ""size"": ""2 L"", ""pack_qty"": 12}",gluten;fish,12.35,supermarket
N201358,Harvest laundry pods 750 g pack of 12,Household,"{""brand"": ""Harvest"", ""size"": ""750 g"", ""pack_qty"": 12}",none,13.26,express
N201933,Orchard salted crisps 750 g pack of 2,Snacks,"{""brand"": ""Orchard"", ""size"": ""750 g"", ""pack_qty"": 2}",nuts;milk,19.75,express
N201668,Meadow cold brew 500 g pack of 1,Beverages,"{""brand"": ""Meadow"", ""size"": ""500 g"", ""pack_qty"": 1}",none,9.3,online
N200097,Meadow blueberry muffin 1 kg pack of 12,Bakery,"{""brand"": ""Meadow"", ""size"": ""1 kg"", ""pack_qty"": 12}",gluten;egg,19.3,online
N202983,Harvest hand soap 250 ml pack of 1,Personal Care,"{""brand"": ""Harvest"", ""size"": ""250 ml"", ""pack_qty"": 1}",none,15.0,online
N201245,Harvest rice cakes 250 ml pack of 6,Snacks,"{""brand"": ""Harvest"", ""size"": ""250 ml"", ""pack_qty"": 6}",nuts;milk,6.13,online
N200118,Bluebell glass cleaner 750 g pack of 1,Household,"{""brand"": ""Bluebell"", ""size"": ""750 g"", ""pack_qty"": 1}",none,6.08,express
N202201,Orchard sourdough loaf 250 ml pack of 6,Bakery,"{""brand"": ""Orchard"", ""size"": ""250 ml"", ""pack_qty"": 6}",gluten;egg,4.67,express
N201013,Valley trail mix 250 ml pack of 12,Snacks,"{""brand"": ""Valley"", ""size"": ""250 ml"", ""pack_qty"": 12}",nuts;milk,3.1,online
N200636,Valley oat drink 330 ml pack of 1,Beverages,"{""brand"": ""Valley"", ""size"": ""330 ml"", ""pack_qty"": 1}",none,1.31,supermarket
N201915,Meadow garden peas 500 g pack of 2,Frozen,"{""brand"": ""Meadow"", ""size"": ""500 g"", ""pack_qty"": 2}",gluten;fish,12.06,express
N201562,Valley gala apple 6 pk pack of 4,Produce,"{""brand"": ""Valley"", ""size"": ""6 pk"", ""pack_qty"": 4}",none,2.68,express
N202372,Meadow sparkling water 330 ml pack of 4,Beverages,"{""brand"": ""Meadow"", ""size"": ""330 ml"", ""pack_qty"": 4}",none,18.16,online
N200004,Orchard cold brew 250 ml pack of 2,Beverages,"{""brand"": ""Orchard"", ""size"": ""250 ml"", ""pack_qty"": 2}",none,13.49,online
N202325,Northfield trail mix 750 g pack of 2,Snacks,"{""brand"": ""Northfield"", ""size"": ""750 g"", ""pack_qty"": 2}",nuts;milk,7.07,supermarket
N200043,Bluebell garden peas 6 pk pack of 4,Frozen,"{""brand"": ""Bluebell"", ""size"": ""6 pk"", ""pack_qty"": 4}",gluten;fish,13.48,supermarket
N200503,Harvest razor blades 1 kg pack of 2,Personal Care,"{""brand"": ""Harvest"", ""size"": ""1 kg"", ""pack_qty"": 2}",none,2.52,supermarket
N202093,Valley salted crisps 6 pk pack of 2,Snacks,"{""brand"": ""Valley"", ""size"": ""6 pk"", ""pack_qty"": 2}",nuts;milk,6.93,express
N202281,Meadow blueberry muffin 750 g pack of 6,Bakery,"{""brand"": ""Meadow"", ""size"": ""750 g"", ""pack_qty"": 6}",gluten;egg,22.7,supermarket
N200349,Harvest trail mix 6 pk pack of 6,Snacks,"{""brand"": ""Harvest"", ""size"": ""6 pk"", ""pack_qty"": 6}",nuts;milk,4.46,express
N202654,Harvest dish soap 6 pk pack of 4,Household,"{""brand"": ""Harvest"", ""size"": ""6 pk"", ""pack_qty"": 4}",none,20.84,online
N202787,Orchard vanilla icecream 250 ml pack of 12,Frozen,"{""brand"": ""Orchard"", ""size"": ""250 ml"", ""pack_qty"": 12}",gluten;fish,12.78,online
N201032,Orchard salted butter 500 g pack of 12,Dairy,"{""brand"": ""Orchard"", ""size"": ""500 g"", ""pack_qty"": 12}",milk,14.62,express
N202525,Bluebell tortilla chips 1 kg pack of 4,Snacks,"{""brand"": ""Bluebell"", ""size"": ""1 kg"", ""pack_qty"": 4}",nuts;milk,4.63,online
N200945,Northfield butter croissant 330 ml pack of 2,Bakery,"{""brand"": ""Northfield"", ""size"": ""330 ml"", ""pack_qty"": 2}",gluten;egg,22.43,supermarket
N200363,Meadow mixed berries 250 ml pack of 12,Frozen,"{""brand"": ""Meadow"", ""size"": ""250 ml"", ""pack_qty"": 12}",gluten;fish,14.2,express
N200902,Meadow dish soap 750 g pack of 12,Household,"{""brand"": ""Meadow"", ""size"": ""750 g"", ""pack_qty"": 12}",none,7.77,online
N201269,Harvest salted crisps 6 pk pack of 6,Snacks,"{""brand"": ""Harvest"", ""size"": ""6 pk"", ""pack_qty"": 6}",nuts;milk,2.99,online
N202526,Valley dish soap 1 L pack of 1,Household,"{""brand"": ""Valley"", ""size"": ""1 L"", ""pack_qty"": 1}",none,14.54,supermarket
N201268,Harvest sparkling water 1 L pack of 2,Beverages,"{""brand"": ""Harvest"", ""size"": ""1 L"", ""pack_qty"": 2}",none,1.36,supermarket
N201689,Northfield butter croissant 330 ml pack of 4,Bakery,"{""brand"": ""Northfield"", ""size"": ""330 ml"", ""pack_qty"": 4}",gluten;egg,6.63,supermarket
N201716,Orchard oat drink 6 pk pack of 12,Beverages,"{""brand"": ""Orchard"", ""size"": ""6 pk"", ""pack_qty"": 12}",none,18.87,supermarket
N202772,Harvest cola zero 500 g pack of 2,Beverages,"{""brand"": ""Harvest"", ""size"": ""500 g"", ""pack_qty"": 2}",none,7.65,supermarket
N200477,Meadow trail mix 1 L pack of 1,Snacks,"{""brand"": ""Meadow"", ""size"": ""1 L"", ""pack_qty"": 1}",nuts;milk,18.34,express
N200211,Valley fish fingers 250 ml pack of 1,Frozen,"{""brand"": ""Valley"", ""size"": ""250 ml"", ""pack_qty"": 1}",gluten;fish,3.04,supermarket
N202614,Harvest dish soap 1 kg pack of 2,Household,"{""brand"": ""Harvest"", ""size"": ""1 kg"", ""pack_qty"": 2}",none,8.66,online
N201535,Northfield hand soap 330 ml pack of 1,Personal Care,"{""brand"": ""Northfield"", ""size"": ""330 ml"", ""pack_qty"": 1}",none,16.49,express
N202747,Northfield garden peas 250 ml pack of 1,Frozen,"{""brand"": ""Northfield"", ""size"": ""250 ml"", ""pack_qty"": 1}",gluten;fish,2.08,supermarket
N201323,Harvest garden peas 250 ml pack of 6,Frozen,"{""brand"": ""Harvest"", ""size"": ""250 ml"", ""pack_qty"": 6}",gluten;fish,6.8,supermarket
N201248,Valley whole milk 2 L pack of 4,Dairy,"{""brand"": ""Valley"", ""size"": ""2 L"", ""pack_qty"": 4}",milk,7.1,online
N200538,Bluebell cherry tomato 750 g pack of 2,Produce,"{""brand"": ""Bluebell"", ""size"": ""750 g"", ""pack_qty"": 2}",none,8.2,express
N202892,Harvest orange juice 500 g pack of 1,Beverages,"{""brand"": ""Harvest"", ""size"": ""500 g"", ""pack_qty"": 1}",none,4.26,supermarket
N201841,Bluebell seeded bagel 1 kg pack of 1,Bakery,"{""brand"": ""Bluebell"", ""size"": ""1 kg"", ""pack_qty"": 1}",gluten;egg,16.69,supermarket
N202046,Valley laundry pods 1 kg pack of 4,Household,"{""brand"": ""Valley"", ""size"": ""1 kg"", ""pack_qty"": 4}",none,19.23,supermarket
N201495,Valley toothpaste mint 250 ml pack of 6,Personal Care,"{""brand"": ""Valley"", ""size"": ""250 ml"", ""pack_qty"": 6}",none,15.2,online
N200110N,ORCHARD GLASS CLEANER 500 G PACK OF 6  ,Household,"{""brand"": ""Orchard"", ""size"": ""500 g"", ""pack_qty"": 6}",none,22.85,express
N201948,Northfield orange juice 500 g pack of 12,Beverages,"{""brand"": ""Northfield"", ""size"": ""500 g"", ""pack_qty"": 12}",none,15.93,online
N200312,Orchard greek yogurt 1 L pack of 2,Dairy,"{""brand"": ""Orchard"", ""size"": ""1 L"", ""pack_qty"": 2}",milk,14.23,express
N200050,Orchard gala apple 1 L pack of 4,Produce,"{""brand"": ""Orchard"", ""size"": ""1 L"", ""pack_qty"": 4}",none,23.82,supermarket
N201309,Bluebell tortilla chips 750 g pack of 6,Snacks,"{""brand"": ""Bluebell"", ""size"": ""750 g"", ""pack_qty"": 6}",nuts;milk,16.26,online
N201424,Harvest greek yogurt 1 kg pack of 2,Dairy,"{""brand"": ""Harvest"", ""size"": ""1 kg"", ""pack_qty"": 2}",milk,15.34,express
N202298,Meadow baby spinach 250 ml pack of 12,Produce,"{""brand"": ""Meadow"", ""size"": ""250 ml"", ""pack_qty"": 12}",none,5.34,online
N201865,Northfield sourdough loaf 330 ml pack of 2,Bakery,"{""brand"": ""Northfield"", ""size"": ""330 ml"", ""pack_qty"": 2}",gluten;egg,6.87,supermarket
N200688,Meadow greek yogurt 330 ml pack of 12,Dairy,"{""brand"": ""Meadow"", ""size"": ""330 ml"", ""pack_qty"": 12}",milk,16.49,online
N201846,Northfield bin liners 1 L pack of 6,Household,"{""brand"": ""Northfield"", ""size"": ""1 L"", ""pack_qty"": 6}",none,6.69,supermarket
N200482,Bluebell baby spinach 330 ml pack of 4,Produce,"{""brand"": ""Bluebell"", ""size"": ""330 ml"", ""pack_qty"": 4}",none,9.72,online
N201748,Orchard cola zero 250 ml pack of 1,Beverages,"{""brand"": ""Orchard"", ""size"": ""250 ml"", ""pack_qty"": 1}",none,1.72,express
N202020,Northfield oat drink 750 g pack of 2,Beverages,"{""brand"": ""Northfield"", ""size"": ""750 g"", ""pack_qty"": 2}",none,7.56,express
N202777,Northfield sourdough loaf 2 L pack of 12,Bakery,"{""brand"": ""Northfield"", ""size"": ""2 L"", ""pack_qty"": 12}",gluten;egg,11.78,online
N201426,Valley avocado ripe 1 L pack of 6,Produce,"{""brand"": ""Valley"", ""size"": ""1 L"", ""pack_qty"": 6}",none,8.79,express
N202284,Orchard orange juice 500 g pack of 2,Beverages,"{""brand"": ""Orchard"", ""size"": ""500 g"", ""pack_qty"": 2}",none,3.59,express
N201203,Bluebell fish fingers 1 L pack of 1,Frozen,"{""brand"": ""Bluebell"", ""size"": ""1 L"", ""pack_qty"": 1}",gluten;fish,3.08,express
N201508,Bluebell orange juice 330 ml pack of 6,Beverages,"{""brand"": ""Bluebell"", ""size"": ""330 ml"", ""pack_qty"": 6}",none,23.0,supermarket
N202047,Meadow shampoo daily 250 ml pack of 2,Personal Care,"{""brand"": ""Meadow"", ""size"": ""250 ml"", ""pack_qty"": 2}",none,5.04,online
N201383,Meadow hand soap 250 ml pack of 6,Personal Care,"{""brand"": ""Meadow"", ""size"": ""250 ml"", ""pack_qty"": 6}",none,10.53,supermarket
N202729,Northfield sourdough loaf 2 L pack of 1,Bakery,"{""brand"": ""Northfield"", ""size"": ""2 L"", ""pack_qty"": 1}",gluten;egg,3.85,supermarket
N200046,Orchard glass cleaner 6 pk pack of 2,Household,"{""brand"": ""Orchard"", ""size"": ""6 pk"", ""pack_qty"": 2}",none,1.28,supermarket
N201564,Meadow oat drink 500 g pack of 1,Beverages,"{""brand"": ""Meadow"", ""size"": ""500 g"", ""pack_qty"": 1}",none,5.35,supermarket
N200961,Orchard sourdough loaf 1 L pack of 6,Bakery,"{""brand"": ""Orchard"", ""size"": ""1 L"", ""pack_qty"": 6}",gluten;egg,16.78,supermarket
N201298,Bluebell baby spinach 1 kg pack of 2,Produce,"{""brand"": ""Bluebell"", ""size"": ""1 kg"", ""pack_qty"": 2}",none,6.89,online
N202640,Northfield greek yogurt 6 pk pack of 4,Dairy,"{""brand"": ""Northfield"", ""size"": ""6 pk"", ""pack_qty"": 4}",milk,1.08,online
N200106,Orchard banana bunch 750 g pack of 2,Produce,"{""brand"": ""Orchard"", ""size"": ""750 g"", ""pack_qty"": 2}",none,7.82,supermarket
N201759,Valley hand soap 500 g pack of 2,Personal Care,"{""brand"": ""Valley"", ""size"": ""500 g"", ""pack_qty"": 2}",none,22.38,supermarket
N201556,Harvest cola zero 250 ml pack of 2,Beverages,"{""brand"": ""Harvest"", ""size"": ""250 ml"", ""pack_qty"": 2}",none,13.08,express
N200025,Valley blueberry muffin 1 kg pack of 12,Bakery,"{""brand"": ""Valley"", ""size"": ""1 kg"", ""pack_qty"": 12}",gluten;egg,3.99,express
N200944,Northfield salted butter 1 L pack of 1,Dairy,"{""brand"": ""Northfield"", ""size"": ""1 L"", ""pack_qty"": 1}",milk,1.86,supermarket
N202843,Northfield margherita pizza 6 pk pack of 2,Frozen,"{""brand"": ""Northfield"", ""size"": ""6 pk"", ""pack_qty"": 2}",gluten;fish,11.88,online
N201403,Northfield fish fingers 250 ml pack of 1,Frozen,"{""brand"": ""Northfield"", ""size"": ""250 ml"", ""pack_qty"": 1}",gluten;fish,22.61,express
N200051,Meadow garden peas 2 L pack of 12,Frozen,"{""brand"": ""Meadow"", ""size"": ""2 L"", ""pack_qty"": 12}",gluten;fish,21.49,online
N200235,Harvest fish fingers 2 L pack of 12,Frozen,"{""brand"": ""Harvest"", ""size"": ""2 L"", ""pack_qty"": 12}",gluten;fish,0.83,online
N200969,Bluebell wholemeal bread 6 pk pack of 6,Bakery,"{""brand"": ""Bluebell"", ""size"": ""6 pk"", ""pack_qty"": 6}",gluten;egg,17.87,supermarket
N201206,Harvest dish soap 2 L pack of 2,Household,"{""brand"": ""Harvest"", ""size"": ""2 L"", ""pack_qty"": 2}",none,4.01,online
N201419,Valley garden peas 1 L pack of 4,Frozen,"{""brand"": ""Valley"", ""size"": ""1 L"", ""pack_qty"": 4}",gluten;fish,15.06,supermarket
N202498,Bluebell cherry tomato 750 g pack of 4,Produce,"{""brand"": ""Bluebell"", ""size"": ""750 g"", ""pack_qty"": 4}",none,9.87,online
N201266,Bluebell avocado ripe 750 g pack of 12,Produce,"{""brand"": ""Bluebell"", ""size"": ""750 g"", ""pack_qty"": 12}",none,9.18,online
N201093,Orchard dark chocolate 1 L pack of 1,Snacks,"{""brand"": ""Orchard"", ""size"": ""1 L"", ""pack_qty"": 1}",nuts;milk,22.48,supermarket
N200949,Valley rice cakes 2 L pack of 1,Snacks,"{""brand"": ""Valley"", ""size"": ""2 L"", ""pack_qty"": 1}",nuts;milk,14.66,online
N201155,Northfield vanilla icecream 6 pk pack of 6,Frozen,"{""brand"": ""Northfield"", ""size"": ""6 pk"", ""pack_qty"": 6}",gluten;fish,6.53,express
N202338,Harvest gala apple 330 ml pack of 2,Produce,"{""brand"": ""Harvest"", ""size"": ""330 ml"", ""pack_qty"": 2}",none,22.32,online
N200030,Harvest bin liners 750 g pack of 4,Household,"{""brand"": ""Harvest"", ""size"": ""750 g"", ""pack_qty"": 4}",none,6.82,supermarket
N202854,Orchard paper towel 250 ml pack of 2,Household,"{""brand"": ""Orchard"", ""size"": ""250 ml"", ""pack_qty"": 2}",none,8.58,express
N202242,Meadow banana bunch 250 ml pack of 2,Produce,"{""brand"": ""Meadow"", ""size"": ""250 ml"", ""pack_qty"": 2}",none,17.0,supermarket
N200418,Orchard banana bunch 1 kg pack of 6,Produce,"{""brand"": ""Orchard"", ""size"": ""1 kg"", ""pack_qty"": 6}",none,16.28,supermarket
N200533,Meadow trail mix 6 pk pack of 2,Snacks,"{""brand"": ""Meadow"", ""size"": ""6 pk"", ""pack_qty"": 2}",nuts;milk,12.87,supermarket
N202549,Bluebell dark chocolate 500 g pack of 1,Snacks,"{""brand"": ""Bluebell"", ""size"": ""500 g"", ""pack_qty"": 1}",nuts;milk,10.79,express
N202743,Orchard body lotion 1 kg pack of 2,Personal Care,"{""brand"": ""Orchard"", ""size"": ""1 kg"", ""pack_qty"": 2}",none,9.65,online
N202148,Meadow sparkling water 330 ml pack of 1,Beverages,"{""brand"": ""Meadow"", ""size"": ""330 ml"", ""pack_qty"": 1}",none,1.8,express
N201894,Valley bin liners 2 L pack of 6,Household,"{""brand"": ""Valley"", ""size"": ""2 L"", ""pack_qty"": 6}",none,1.83,express
N200027,Harvest vanilla icecream 2 L pack of 6,Frozen,"{""brand"": ""Harvest"", ""size"": ""2 L"", ""pack_qty"": 6}",gluten;fish,2.47,express
N201805,Bluebell tortilla chips 250 ml pack of 6,Snacks,"{""brand"": ""Bluebell"", ""size"": ""250 ml"", ""pack_qty"": 6}",nuts;milk,5.85,express
N201075,Northfield fish fingers 1 kg pack of 12,Frozen,"{""brand"": ""Northfield"", ""size"": ""1 kg"", ""pack_qty"": 12}",gluten;fish,19.04,supermarket
N200324,Northfield cola zero 1 L pack of 2,Beverages,"{""brand"": ""Northfield"", ""size"": ""1 L"", ""pack_qty"": 2}",none,11.28,supermarket
N201260,Valley sparkling water 2 L pack of 1,Beverages,"{""brand"": ""Valley"", ""size"": ""2 L"", ""pack_qty"": 1}",none,17.92,supermarket
N202880,Valley cheddar cheese 6 pk pack of 2,Dairy,"{""brand"": ""Valley"", ""size"": ""6 pk"", ""pack_qty"": 2}",milk,3.52,supermarket
N202590,Valley bin liners 1 L pack of 2,Household,"{""brand"": ""Valley"", ""size"": ""1 L"", ""pack_qty"": 2}",none,14.47,online
N201606,Harvest paper towel 330 ml pack of 6,Household,"{""brand"": ""Harvest"", ""size"": ""330 ml"", ""pack_qty"": 6}",none,14.9,online
N202541,Harvest salted crisps 250 ml pack of 4,Snacks,"{""brand"": ""Harvest"", ""size"": ""250 ml"", ""pack_qty"": 4}",nuts;milk,6.04,supermarket
N201528,Northfield salted butter 750 g pack of 2,Dairy,"{""brand"": ""Northfield"", ""size"": ""750 g"", ""pack_qty"": 2}",milk,21.95,express
N200114,Harvest baby spinach 500 g pack of 2,Produce,"{""brand"": ""Harvest"", ""size"": ""500 g"", ""pack_qty"": 2}",none,22.08,online
N200633,Northfield seeded bagel 500 g pack of 4,Bakery,"{""brand"": ""Northfield"", ""size"": ""500 g"", ""pack_qty"": 4}",gluten;egg,22.76,online
N200692,Bluebell oat drink 750 g pack of 1,Beverages,"{""brand"": ""Bluebell"", ""size"": ""750 g"", ""pack_qty"": 1}",none,21.65,online
N201930,Meadow gala apple 1 L pack of 6,Produce,"{""brand"": ""Meadow"", ""size"": ""1 L"", ""pack_qty"": 6}",none,21.29,supermarket
N202506,Harvest avocado ripe 330 ml pack of 6,Produce,"{""brand"": ""Harvest"", ""size"": ""330 ml"", ""pack_qty"": 6}",none,18.16,supermarket
N201515,Bluebell margherita pizza 1 L pack of 1,Frozen,"{""brand"": ""Bluebell"", ""size"": ""1 L"", ""pack_qty"": 1}",gluten;fish,15.32,supermarket
N201919,Bluebell hand soap 750 g pack of 4,Personal Care,"{""brand"": ""Bluebell"", ""size"": ""750 g"", ""pack_qty"": 4}",none,11.01,express
N200177,Northfield butter croissant 750 g pack of 12,Bakery,"{""brand"": ""Northfield"", ""size"": ""750 g"", ""pack_qty"": 12}",gluten;egg,23.66,express
N202577,Bluebell butter croissant 1 L pack of 2,Bakery,"{""brand"": ""Bluebell"", ""size"": ""1 L"", ""pack_qty"": 2}",gluten;egg,21.84,online
N201384,Harvest greek yogurt 500 g pack of 2,Dairy,"{""brand"": ""Harvest"", ""size"": ""500 g"", ""pack_qty"": 2}",milk,3.65,supermarket
N202023,Bluebell toothpaste mint 750 g pack of 2,Personal Care,"{""brand"": ""Bluebell"", ""size"": ""750 g"", ""pack_qty"": 2}",none,5.31,online
N201213,Harvest trail mix 750 g pack of 2,Snacks,"{""brand"": ""Harvest"", ""size"": ""750 g"", ""pack_qty"": 2}",nuts;milk,5.02,supermarket
N200202,Orchard cherry tomato 2 L pack of 4,Produce,"{""brand"": ""Orchard"", ""size"": ""2 L"", ""pack_qty"": 4}",none,11.64,online
N202953,Meadow butter croissant 330 ml pack of 6,Bakery,"{""brand"": ""Meadow"", ""size"": ""330 ml"", ""pack_qty"": 6}",gluten;egg,7.72,online
N201913,Harvest blueberry muffin 1 L pack of 4,Bakery,"{""brand"": ""Harvest"", ""size"": ""1 L"", ""pack_qty"": 4}",gluten;egg,17.43,supermarket
N202780,Bluebell sparkling water 1 kg pack of 2,Beverages,"{""brand"": ""Bluebell"", ""size"": ""1 kg"", ""pack_qty"": 2}",none,23.84,express
N201591,Harvest hand soap 6 pk pack of 1,Personal Care,"{""brand"": ""Harvest"", ""size"": ""6 pk"", ""pack_qty"": 1}",none,0.84,supermarket
N201731,Bluebell garden peas 6 pk pack of 6,Frozen,"{""brand"": ""Bluebell"", ""size"": ""6 pk"", ""pack_qty"": 6}",gluten;fish,9.91,express
N201379,Harvest mixed berries 250 ml pack of 12,Frozen,"{""brand"": ""Harvest"", ""size"": ""250 ml"", ""pack_qty"": 12}",gluten;fish,21.85,online
N201066,Harvest avocado ripe 250 ml pack of 4,Produce,"{""brand"": ""Harvest"", ""size"": ""250 ml"", ""pack_qty"": 4}",none,14.07,online
N202519,Meadow hand soap 750 g pack of 2,Personal Care,"{""brand"": ""Meadow"", ""size"": ""750 g"", ""pack_qty"": 2}",none,21.55,online
N200923,Valley fish fingers 500 g pack of 1,Frozen,"{""brand"": ""Valley"", ""size"": ""500 g"", ""pack_qty"": 1}",gluten;fish,2.76,express
N201422,Orchard paper towel 750 g pack of 12,Household,"{""brand"": ""Orchard"", ""size"": ""750 g"", ""pack_qty"": 12}",none,21.97,supermarket
N200367,Meadow razor blades 6 pk pack of 6,Personal Care,"{""brand"": ""Meadow"", ""size"": ""6 pk"", ""pack_qty"": 6}",none,8.17,express
N201931,Valley mixed berries 1 kg pack of 12,Frozen,"{""brand"": ""Valley"", ""size"": ""1 kg"", ""pack_qty"": 12}",gluten;fish,14.35,supermarket
N200995,Meadow mixed berries 330 ml pack of 4,Frozen,"{""brand"": ""Meadow"", ""size"": ""330 ml"", ""pack_qty"": 4}",gluten;fish,18.09,online
N202084,Orchard oat drink 2 L pack of 12,Beverages,"{""brand"": ""Orchard"", ""size"": ""2 L"", ""pack_qty"": 12}",none,16.61,supermarket
N201129,Meadow blueberry muffin 6 pk pack of 6,Bakery,"{""brand"": ""Meadow"", ""size"": ""6 pk"", ""pack_qty"": 6}",gluten;egg,2.03,online
N202783,Orchard hand soap 250 ml pack of 1,Personal Care,"{""brand"": ""Orchard"", ""size"": ""250 ml"", ""pack_qty"": 1}",none,15.58,express
N201807,Orchard toothpaste mint 1 kg pack of 12,Personal Care,"{""brand"": ""Orchard"", ""size"": ""1 kg"", ""pack_qty"": 12}",none,14.07,online
N202607,Meadow hand soap 6 pk pack of 6,Personal Care,"{""brand"": ""Meadow"", ""size"": ""6 pk"", ""pack_qty"": 6}",none,14.8,supermarket
N201563,Orchard vanilla icecream 500 g pack of 6,Frozen,"{""brand"": ""Orchard"", ""size"": ""500 g"", ""pack_qty"": 6}",gluten;fish,5.3,online
N200287,Orchard hand soap 250 ml pack of 1,Personal Care,"{""brand"": ""Orchard"", ""size"": ""250 ml"", ""pack_qty"": 1}",none,7.93,online
N201308,Meadow cold brew 330 ml pack of 1,Beverages,"{""brand"": ""Meadow"", ""size"": ""330 ml"", ""pack_qty"": 1}",none,16.4,express
N202037,Harvest tortilla chips 250 ml pack of 4,Snacks,"{""brand"": ""Harvest"", ""size"": ""250 ml"", ""pack_qty"": 4}",nuts;milk,3.48,express
N202703,Meadow toothpaste mint 500 g pack of 1,Personal Care,"{""brand"": ""Meadow"", ""size"": ""500 g"", ""pack_qty"": 1}",none,4.11,supermarket
N200321,Harvest sourdough loaf 250 ml pack of 4,Bakery,"{""brand"": ""Harvest"", ""size"": ""250 ml"", ""pack_qty"": 4}",gluten;egg,12.22,express
N202125,Valley salted crisps 1 kg pack of 4,Snacks,"{""brand"": ""Valley"", ""size"": ""1 kg"", ""pack_qty"": 4}",nuts;milk,21.17,online
N200996,Harvest oat drink 1 L pack of 6,Beverages,"{""brand"": ""Harvest"", ""size"": ""1 L"", ""pack_qty"": 6}",none,5.32,express
N201813,Orchard tortilla chips 6 pk pack of 4,Snacks,"{""brand"": ""Orchard"", ""size"": ""6 pk"", ""pack_qty"": 4}",nuts;milk,12.08,online
N200629,Meadow dark chocolate 6 pk pack of 2,Snacks,"{""brand"": ""Meadow"", ""size"": ""6 pk"", ""pack_qty"": 2}",nuts;milk,8.03,supermarket
N202702,Northfield dish soap 750 g pack of 4,Household,"{""brand"": ""Northfield"", ""size"": ""750 g"", ""pack_qty"": 4}",none,23.37,express
N201889,Harvest butter croissant 330 ml pack of 1,Bakery,"{""brand"": ""Harvest"", ""size"": ""330 ml"", ""pack_qty"": 1}",gluten;egg,23.65,supermarket
N202477,Meadow salted crisps 500 g pack of 1,Snacks,"{""brand"": ""Meadow"", ""size"": ""500 g"", ""pack_qty"": 1}",nuts;milk,23.66,express
N202926,Valley dish soap 1 kg pack of 2,Household,"{""brand"": ""Valley"", ""size"": ""1 kg"", ""pack_qty"": 2}",none,8.37,supermarket
N201388,Orchard orange juice 330 ml pack of 2,Beverages,"{""brand"": ""Orchard"", ""size"": ""330 ml"", ""pack_qty"": 2}",none,12.33,supermarket
N200525,Valley dark chocolate 750 g pack of 4,Snacks,"{""brand"": ""Valley"", ""size"": ""750 g"", ""pack_qty"": 4}",nuts;milk,1.16,online
N201330,Bluebell avocado ripe 250 ml pack of 12,Produce,"{""brand"": ""Bluebell"", ""size"": ""250 ml"", ""pack_qty"": 12}",none,2.93,online
N201487,Harvest body lotion 500 g pack of 12,Personal Care,"{""brand"": ""Harvest"", ""size"": ""500 g"", ""pack_qty"": 12}",none,22.35,supermarket
N201808,Harvest cheddar cheese 500 g pack of 2,Dairy,"{""brand"": ""Harvest"", ""size"": ""500 g"", ""pack_qty"": 2}",milk,10.71,supermarket
N202262,Orchard dish soap 750 g pack of 12,Household,"{""brand"": ""Orchard"", ""size"": ""750 g"", ""pack_qty"": 12}",none,10.5,express
N202888,Valley double cream 1 L pack of 2,Dairy,"{""brand"": ""Valley"", ""size"": ""1 L"", ""pack_qty"": 2}",milk,9.21,express
N202940,Harvest sparkling water 500 g pack of 6,Beverages,"{""brand"": ""Harvest"", ""size"": ""500 g"", ""pack_qty"": 6}",none,20.37,online
N202864,Orchard greek yogurt 500 g pack of 1,Dairy,"{""brand"": ""Orchard"", ""size"": ""500 g"", ""pack_qty"": 1}",milk,22.25,supermarket
N201352,Northfield greek yogurt 2 L pack of 2,Dairy,"{""brand"": ""Northfield"", ""size"": ""2 L"", ""pack_qty"": 2}",milk,21.86,express
N202567,Orchard razor blades 2 L pack of 4,Personal Care,"{""brand"": ""Orchard"", ""size"": ""2 L"", ""pack_qty"": 4}",none,23.45,supermarket
N200954,Meadow baby spinach 1 kg pack of 2,Produce,"{""brand"": ""Meadow"", ""size"": ""1 kg"", ""pack_qty"": 2}",none,19.79,express
N200494,Meadow paper towel 250 ml pack of 12,Household,"{""brand"": ""Meadow"", ""size"": ""250 ml"", ""pack_qty"": 12}",none,1.6,express
N200910,Meadow dish soap 6 pk pack of 6,Household,"{""brand"": ""Meadow"", ""size"": ""6 pk"", ""pack_qty"": 6}",none,20.79,supermarket
N202388,Valley cola zero 500 g pack of 1,Beverages,"{""brand"": ""Valley"", ""size"": ""500 g"", ""pack_qty"": 1}",none,4.45,online
N200018,Northfield cherry tomato 330 ml pack of 6,Produce,"{""brand"": ""Northfield"", ""size"": ""330 ml"", ""pack_qty"": 6}",none,13.46,supermarket
N201547,Bluebell fish fingers 250 ml pack of 2,Frozen,"{""brand"": ""Bluebell"", ""size"": ""250 ml"", ""pack_qty"": 2}",gluten;fish,23.05,supermarket
N202229,Bluebell tortilla chips 1 L pack of 6,Snacks,"{""brand"": ""Bluebell"", ""size"": ""1 L"", ""pack_qty"": 6}",nuts;milk,5.66,express
N201605,Meadow tortilla chips 330 ml pack of 12,Snacks,"{""brand"": ""Meadow"", ""size"": ""330 ml"", ""pack_qty"": 12}",nuts;milk,10.85,supermarket
N200142N,ORCHARD BIN LINERS 330 ML PACK OF 2  ,Household,"{""brand"": ""Orchard"", ""size"": ""330 ml"", ""pack_qty"": 2}",none,12.5,online
N200541,Northfield tortilla chips 1 L pack of 1,Snacks,"{""brand"": ""Northfield"", ""size"": ""1 L"", ""pack_qty"": 1}",nuts;milk,15.88,supermarket
N202005,Northfield trail mix 500 g pack of 1,Snacks,"{""brand"": ""Northfield"", ""size"": ""500 g"", ""pack_qty"": 1}",nuts;milk,23.69,express
N200846,Orchard glass cleaner 6 pk pack of 1,Household,"{""brand"": ""Orchard"", ""size"": ""6 pk"", ""pack_qty"": 1}",none,14.38,supermarket
N202488,Orchard whole milk 1 kg pack of 2,Dairy,"{""brand"": ""Orchard"", ""size"": ""1 kg"", ""pack_qty"": 2}",milk,17.36,express
N201798,Meadow glass cleaner 2 L pack of 1,Household,"{""brand"": ""Meadow"", ""size"": ""2 L"", ""pack_qty"": 1}",none,19.19,supermarket
N201980,Bluebell sparkling water 250 ml pack of 6,Beverages,"{""brand"": ""Bluebell"", ""size"": ""250 ml"", ""pack_qty"": 6}",none,13.94,supermarket
N200220,Valley sparkling water 500 g pack of 4,Beverages,"{""brand"": ""Valley"", ""size"": ""500 g"", ""pack_qty"": 4}",none,14.33,online
N202169,Meadow seeded bagel 750 g pack of 1,Bakery,"{""brand"": ""Meadow"", ""size"": ""750 g"", ""pack_qty"": 1}",gluten;egg,14.94,online
N202440,Northfield whole milk 330 ml pack of 1,Dairy,"{""brand"": ""Northfield"", ""size"": ""330 ml"", ""pack_qty"": 1}",milk,7.81,online
N201270,Meadow laundry pods 2 L pack of 2,Household,"{""brand"": ""Meadow"", ""size"": ""2 L"", ""pack_qty"": 2}",none,11.95,supermarket
N200580,Northfield orange juice 2 L pack of 4,Beverages,"{""brand"": ""Northfield"", ""size"": ""2 L"", ""pack_qty"": 4}",none,8.54,online
N200755,Orchard fish fingers 750 g pack of 2,Frozen,"{""brand"": ""Orchard"", ""size"": ""750 g"", ""pack_qty"": 2}",gluten;fish,21.21,supermarket
N201527,Harvest toothpaste mint 500 g pack of 6,Personal Care,"{""brand"": ""Harvest"", ""size"": ""500 g"", ""pack_qty"": 6}",none,18.07,online
N202310,Orchard glass cleaner 6 pk pack of 12,Household,"{""brand"": ""Orchard"", ""size"": ""6 pk"", ""pack_qty"": 12}",none,4.48,express
N200073,Bluebell seeded bagel 750 g pack of 12,Bakery,"{""brand"": ""Bluebell"", ""size"": ""750 g"", ""pack_qty"": 12}",gluten;egg,1.97,supermarket
N200766,Orchard glass cleaner 1 L pack of 1,Household,"{""brand"": ""Orchard"", ""size"": ""1 L"", ""pack_qty"": 1}",none,14.15,express
N201052,Meadow cold brew 2 L pack of 4,Beverages,"{""brand"": ""Meadow"", ""size"": ""2 L"", ""pack_qty"": 4}",none,4.75,online
N200679,Meadow toothpaste mint 330 ml pack of 4,Personal Care,"{""brand"": ""Meadow"", ""size"": ""330 ml"", ""pack_qty"": 4}",none,16.78,supermarket
N201764,Bluebell cold brew 1 kg pack of 12,Beverages,"{""brand"": ""Bluebell"", ""size"": ""1 kg"", ""pack_qty"": 12}",none,17.08,express
N201775,Valley body lotion 330 ml pack of 12,Personal Care,"{""brand"": ""Valley"", ""size"": ""330 ml"", ""pack_qty"": 12}",none,4.07,supermarket
N200062,Valley dish soap 330 ml pack of 12,Household,"{""brand"": ""Valley"", ""size"": ""330 ml"", ""pack_qty"": 12}",none,9.78,online
N200974,Bluebell dish soap 750 g pack of 6,Household,"{""brand"": ""Bluebell"", ""size"": ""750 g"", ""pack_qty"": 6}",none,3.56,express
N202972,Orchard cold brew 6 pk pack of 4,Beverages,"{""brand"": ""Orchard"", ""size"": ""6 pk"", ""pack_qty"": 4}",none,5.35,supermarket
N202706,Meadow gala apple 1 kg pack of 1,Produce,"{""brand"": ""Meadow"", ""size"": ""1 kg"", ""pack_qty"": 1}",none,2.34,online
N200269,Meadow rice cakes 1 kg pack of 6,Snacks,"{""brand"": ""Meadow"", ""size"": ""1 kg"", ""pack_qty"": 6}",nuts;milk,11.02,express
N202693,Bluebell trail mix 1 kg pack of 2,Snacks,"{""brand"": ""Bluebell"", ""size"": ""1 kg"", ""pack_qty"": 2}",nuts;milk,16.65,express
N200781,Valley trail mix 1 L pack of 4,Snacks,"{""brand"": ""Valley"", ""size"": ""1 L"", ""pack_qty"": 4}",nuts;milk,4.68,express
N200484,Harvest oat drink 1 L pack of 4,Beverages,"{""brand"": ""Harvest"", ""size"": ""1 L"", ""pack_qty"": 4}",none,4.85,express
N201217,Harvest butter croissant 6 pk pack of 6,Bakery,"{""brand"": ""Harvest"", ""size"": ""6 pk"", ""pack_qty"": 6}",gluten;egg,7.08,online
N201740,Bluebell orange juice 500 g pack of 1,Beverages,"{""brand"": ""Bluebell"", ""size"": ""500 g"", ""pack_qty"": 1}",none,14.94,supermarket
N202959,Valley toothpaste mint 2 L pack of 1,Personal Care,"{""brand"": ""Valley"", ""size"": ""2 L"", ""pack_qty"": 1}",none,17.14,online
N201784,Northfield whole milk 330 ml pack of 1,Dairy,"{""brand"": ""Northfield"", ""size"": ""330 ml"", ""pack_qty"": 1}",milk,22.53,express
N201541,Valley salted crisps 250 ml pack of 6,Snacks,"{""brand"": ""Valley"", ""size"": ""250 ml"", ""pack_qty"": 6}",nuts;milk,7.77,express
N202878,Valley glass cleaner 330 ml pack of 1,Household,"{""brand"": ""Valley"", ""size"": ""330 ml"", ""pack_qty"": 1}",none,18.0,supermarket
N200395,Orchard fish fingers 6 pk pack of 4,Frozen,"{""brand"": ""Orchard"", ""size"": ""6 pk"", ""pack_qty"": 4}",gluten;fish,1.35,online
N202149,Valley salted crisps 250 ml pack of 12,Snacks,"{""brand"": ""Valley"", ""size"": ""250 ml"", ""pack_qty"": 12}",nuts;milk,4.87,supermarket
N201412,Harvest cold brew 2 L pack of 12,Beverages,"{""brand"": ""Harvest"", ""size"": ""2 L"", ""pack_qty"": 12}",none,12.94,express
N202732,Orchard orange juice 250 ml pack of 6,Beverages,"{""brand"": ""Orchard"", ""size"": ""250 ml"", ""pack_qty"": 6}",none,15.82,online
N202623,Valley body lotion 500 g pack of 6,Personal Care,"{""brand"": ""Valley"", ""size"": ""500 g"", ""pack_qty"": 6}",none,23.62,express
N200307,Meadow fish fingers 1 L pack of 12,Frozen,"{""brand"": ""Meadow"", ""size"": ""1 L"", ""pack_qty"": 12}",gluten;fish,11.96,express
N200028,Valley orange juice 1 L pack of 12,Beverages,"{""brand"": ""Valley"", ""size"": ""1 L"", ""pack_qty"": 12}",none,21.84,express
N201809,Meadow wholemeal bread 330 ml pack of 4,Bakery,"{""brand"": ""Meadow"", ""size"": ""330 ml"", ""pack_qty"": 4}",gluten;egg,18.01,express
N201361,Orchard sourdough loaf 250 ml pack of 6,Bakery,"{""brand"": ""Orchard"", ""size"": ""250 ml"", ""pack_qty"": 6}",gluten;egg,15.95,supermarket
N200180,Harvest cola zero 250 ml pack of 12,Beverages,"{""brand"": ""Harvest"", ""size"": ""250 ml"", ""pack_qty"": 12}",none,1.27,supermarket
N201512,Orchard double cream 250 ml pack of 6,Dairy,"{""brand"": ""Orchard"", ""size"": ""250 ml"", ""pack_qty"": 6}",milk,18.39,online
N201825,Northfield seeded bagel 6 pk pack of 2,Bakery,"{""brand"": ""Northfield"", ""size"": ""6 pk"", ""pack_qty"": 2}",gluten;egg,3.62,supermarket
N202917,Valley rice cakes 500 g pack of 4,Snacks,"{""brand"": ""Valley"", ""size"": ""500 g"", ""pack_qty"": 4}",nuts;milk,0.47,express
N202144,Meadow cheddar cheese 2 L pack of 6,Dairy,"{""brand"": ""Meadow"", ""size"": ""2 L"", ""pack_qty"": 6}",milk,23.16,online
N202062,Meadow bin liners 6 pk pack of 2,Household,"{""brand"": ""Meadow"", ""size"": ""6 pk"", ""pack_qty"": 2}",none,5.02,supermarket
N202427,Orchard vanilla icecream 330 ml pack of 1,Frozen,"{""brand"": ""Orchard"", ""size"": ""330 ml"", ""pack_qty"": 1}",gluten;fish,21.98,supermarket
N200715,Meadow margherita pizza 750 g pack of 6,Frozen,"{""brand"": ""Meadow"", ""size"": ""750 g"", ""pack_qty"": 6}",gluten;fish,1.66,supermarket
N202604,Northfield cold brew 250 ml pack of 12,Beverages,"{""brand"": ""Northfield"", ""size"": ""250 ml"", ""pack_qty"": 12}",none,4.06,supermarket
N200249,Northfield wholemeal bread 6 pk pack of 12,Bakery,"{""brand"": ""Northfield"", ""size"": ""6 pk"", ""pack_qty"": 12}",gluten;egg,17.38,express
N202934,Orchard paper towel 2 L pack of 6,Household,"{""brand"": ""Orchard"", ""size"": ""2 L"", ""pack_qty"": 6}",none,20.5,online
N200783,Northfield toothpaste mint 750 g pack of 4,Personal Care,"{""brand"": ""Northfield"", ""size"": ""750 g"", ""pack_qty"": 4}",none,18.45,supermarket
N202834N,BLUEBELL AVOCADO RIPE 250 ML PACK OF 2  ,Produce,"{""brand"": ""Bluebell"", ""size"": ""250 ml"", ""pack_qty"": 2}",none,13.0,express
N201578,Valley cherry tomato 500 g pack of 2,Produce,"{""brand"": ""Valley"", ""size"": ""500 g"", ""pack_qty"": 2}",none,22.0,online
N200304,Northfield greek yogurt 2 L pack of 12,Dairy,"{""brand"": ""Northfield"", ""size"": ""2 L"", ""pack_qty"": 12}",milk,9.83,express
N201730,Valley gala apple 6 pk pack of 1,Produce,"{""brand"": ""Valley"", ""size"": ""6 pk"", ""pack_qty"": 1}",none,13.86,supermarket
N200811,Valley vanilla icecream 500 g pack of 1,Frozen,"{""brand"": ""Valley"", ""size"": ""500 g"", ""pack_qty"": 1}",gluten;fish,10.62,online
N201008,Valley double cream 6 pk pack of 4,Dairy,"{""brand"": ""Valley"", ""size"": ""6 pk"", ""pack_qty"": 4}",milk,1.55,online
N200506,Northfield cherry tomato 500 g pack of 6,Produce,"{""brand"": ""Northfield"", ""size"": ""500 g"", ""pack_qty"": 6}",none,21.22,supermarket
N200343,Orchard body lotion 330 ml pack of 2,Personal Care,"{""brand"": ""Orchard"", ""size"": ""330 ml"", ""pack_qty"": 2}",none,17.17,online
N202424,Valley salted butter 2 L pack of 12,Dairy,"{""brand"": ""Valley"", ""size"": ""2 L"", ""pack_qty"": 12}",milk,22.63,online
N200122,Harvest avocado ripe 1 kg pack of 1,Produce,"{""brand"": ""Harvest"", ""size"": ""1 kg"", ""pack_qty"": 1}",none,19.3,online
N202154,Harvest banana bunch 250 ml pack of 12,Produce,"{""brand"": ""Harvest"", ""size"": ""250 ml"", ""pack_qty"": 12}",none,9.45,supermarket
N200625,Orchard wholemeal bread 1 L pack of 1,Bakery,"{""brand"": ""Orchard"", ""size"": ""1 L"", ""pack_qty"": 1}",gluten;egg,3.12,online
N201416,Valley double cream 330 ml pack of 2,Dairy,"{""brand"": ""Valley"", ""size"": ""330 ml"", ""pack_qty"": 2}",milk,8.92,online
N201918,Northfield bin liners 500 g pack of 6,Household,"{""brand"": ""Northfield"", ""size"": ""500 g"", ""pack_qty"": 6}",none,20.2,express
N200764,Harvest cold brew 1 kg pack of 4,Beverages,"{""brand"": ""Harvest"", ""size"": ""1 kg"", ""pack_qty"": 4}",none,11.54,online
N200168,Harvest whole milk 1 L pack of 1,Dairy,"{""brand"": ""Harvest"", ""size"": ""1 L"", ""pack_qty"": 1}",milk,22.29,online
N202268,Northfield sparkling water 500 g pack of 6,Beverages,"{""brand"": ""Northfield"", ""size"": ""500 g"", ""pack_qty"": 6}",none,4.36,online
N202248,Meadow cheddar cheese 2 L pack of 6,Dairy,"{""brand"": ""Meadow"", ""size"": ""2 L"", ""pack_qty"": 6}",milk,1.19,online
N201874,Orchard banana bunch 1 kg pack of 4,Produce,"{""brand"": ""Orchard"", ""size"": ""1 kg"", ""pack_qty"": 4}",none,8.72,supermarket
N201478,Meadow dish soap 2 L pack of 1,Household,"{""brand"": ""Meadow"", ""size"": ""2 L"", ""pack_qty"": 1}",none,1.54,supermarket
N202605,Orchard tortilla chips 330 ml pack of 12,Snacks,"{""brand"": ""Orchard"", ""size"": ""330 ml"", ""pack_qty"": 12}",nuts;milk,14.78,online
N202771,Northfield fish fingers 1 kg pack of 2,Frozen,"{""brand"": ""Northfield"", ""size"": ""1 kg"", ""pack_qty"": 2}",gluten;fish,3.12,supermarket
N202751,Meadow hand soap 2 L pack of 12,Personal Care,"{""brand"": ""Meadow"", ""size"": ""2 L"", ""pack_qty"": 12}",none,23.26,online
N200294,Valley laundry pods 6 pk pack of 4,Household,"{""brand"": ""Valley"", ""size"": ""6 pk"", ""pack_qty"": 4}",none,17.39,express
N201501,Bluebell trail mix 750 g pack of 4,Snacks,"{""brand"": ""Bluebell"", ""size"": ""750 g"", ""pack_qty"": 4}",nuts;milk,14.61,online
N200713,Orchard seeded bagel 330 ml pack of 6,Bakery,"{""brand"": ""Orchard"", ""size"": ""330 ml"", ""pack_qty"": 6}",gluten;egg,19.74,supermarket
N202256,Valley cheddar cheese 1 kg pack of 1,Dairy,"{""brand"": ""Valley"", ""size"": ""1 kg"", ""pack_qty"": 1}",milk,23.02,online
N202749,Bluebell dark chocolate 6 pk pack of 12,Snacks,"{""brand"": ""Bluebell"", ""size"": ""6 pk"", ""pack_qty"": 12}",nuts;milk,18.92,online
N200800,Valley double cream 500 g pack of 4,Dairy,"{""brand"": ""Valley"", ""size"": ""500 g"", ""pack_qty"": 4}",milk,1.85,express
N202029,Harvest tortilla chips 330 ml pack of 12,Snacks,"{""brand"": ""Harvest"", ""size"": ""330 ml"", ""pack_qty"": 12}",nuts;milk,6.78,supermarket
N200181,Valley tortilla chips 500 g pack of 2,Snacks,"{""brand"": ""Valley"", ""size"": ""500 g"", ""pack_qty"": 2}",nuts;milk,16.34,supermarket
N201517,Harvest dark chocolate 250 ml pack of 12,Snacks,"{""brand"": ""Harvest"", ""size"": ""250 ml"", ""pack_qty"": 12}",nuts;milk,8.59,supermarket
N201077,Orchard rice cakes 6 pk pack of 2,Snacks,"{""brand"": ""Orchard"", ""size"": ""6 pk"", ""pack_qty"": 2}",nuts;milk,16.46,online
N201306,Northfield avocado ripe 750 g pack of 1,Produce,"{""brand"": ""Northfield"", ""size"": ""750 g"", ""pack_qty"": 1}",none,8.99,express
N200522,Bluebell baby spinach 330 ml pack of 12,Produce,"{""brand"": ""Bluebell"", ""size"": ""330 ml"", ""pack_qty"": 12}",none,12.05,express
N202705,Orchard seeded bagel 330 ml pack of 4,Bakery,"{""brand"": ""Orchard"", ""size"": ""330 ml"", ""pack_qty"": 4}",gluten;egg,16.22,supermarket
N201452,Valley cold brew 1 L pack of 1,Beverages,"{""brand"": ""Valley"", ""size"": ""1 L"", ""pack_qty"": 1}",none,22.42,supermarket
N202024,Meadow salted butter 2 L pack of 6,Dairy,"{""brand"": ""Meadow"", ""size"": ""2 L"", ""pack_qty"": 6}",milk,18.0,supermarket
N200957,Valley tortilla chips 500 g pack of 4,Snacks,"{""brand"": ""Valley"", ""size"": ""500 g"", ""pack_qty"": 4}",nuts;milk,1.31,supermarket
N202757,Valley salted crisps 750 g pack of 12,Snacks,"{""brand"": ""Valley"", ""size"": ""750 g"", ""pack_qty"": 12}",nuts;milk,4.25,online
N200520,Bluebell double cream 6 pk pack of 4,Dairy,"{""brand"": ""Bluebell"", ""size"": ""6 pk"", ""pack_qty"": 4}",milk,12.88,express
N200198,Orchard paper towel 6 pk pack of 12,Household,"{""brand"": ""Orchard"", ""size"": ""6 pk"", ""pack_qty"": 12}",none,12.9,online
N202902,Northfield bin liners 250 ml pack of 2,Household,"{""brand"": ""Northfield"", ""size"": ""250 ml"", ""pack_qty"": 2}",none,17.97,supermarket
N200803,Northfield fish fingers 750 g pack of 2,Frozen,"{""brand"": ""Northfield"", ""size"": ""750 g"", ""pack_qty"": 2}",gluten;fish,1.34,online
N200583,Harvest body lotion 750 g pack of 4,Personal Care,"{""brand"": ""Harvest"", ""size"": ""750 g"", ""pack_qty"": 4}",none,22.33,express
N201417,Bluebell wholemeal bread 1 kg pack of 6,Bakery,"{""brand"": ""Bluebell"", ""size"": ""1 kg"", ""pack_qty"": 6}",gluten;egg,11.88,supermarket
N200481,Harvest butter croissant 500 g pack of 12,Bakery,"{""brand"": ""Harvest"", ""size"": ""500 g"", ""pack_qty"": 12}",gluten;egg,12.27,supermarket
N200776,Harvest cheddar cheese 330 ml pack of 12,Dairy,"{""brand"": ""Harvest"", ""size"": ""330 ml"", ""pack_qty"": 12}",milk,0.69,express
N200184,Northfield salted butter 1 kg pack of 12,Dairy,"{""brand"": ""Northfield"", ""size"": ""1 kg"", ""pack_qty"": 12}",milk,0.51,online
N201477,Harvest rice cakes 2 L pack of 12,Snacks,"{""brand"": ""Harvest"", ""size"": ""2 L"", ""pack_qty"": 12}",nuts;milk,20.16,express
N200093,Orchard dark chocolate 750 g pack of 4,Snacks,"{""brand"": ""Orchard"", ""size"": ""750 g"", ""pack_qty"": 4}",nuts;milk,15.34,express
N202850,Meadow gala apple 330 ml pack of 6,Produce,"{""brand"": ""Meadow"", ""size"": ""330 ml"", ""pack_qty"": 6}",none,20.23,supermarket
N200219,Harvest mixed berries 500 g pack of 1,Frozen,"{""brand"": ""Harvest"", ""size"": ""500 g"", ""pack_qty"": 1}",gluten;fish,15.04,supermarket
N202134,Harvest laundry pods 1 L pack of 1,Household,"{""brand"": ""Harvest"", ""size"": ""1 L"", ""pack_qty"": 1}",none,19.61,express
N201240,Meadow whole milk 500 g pack of 1,Dairy,"{""brand"": ""Meadow"", ""size"": ""500 g"", ""pack_qty"": 1}",milk,13.82,supermarket
N202178,Bluebell gala apple 6 pk pack of 4,Produce,"{""brand"": ""Bluebell"", ""size"": ""6 pk"", ""pack_qty"": 4}",none,1.7,supermarket
N202699,Orchard vanilla icecream 330 ml pack of 2,Frozen,"{""brand"": ""Orchard"", ""size"": ""330 ml"", ""pack_qty"": 2}",gluten;fish,8.61,supermarket
N200823,Northfield shampoo daily 500 g pack of 2,Personal Care,"{""brand"": ""Northfield"", ""size"": ""500 g"", ""pack_qty"": 2}",none,8.17,express
N201326,Northfield dish soap 500 g pack of 4,Household,"{""brand"": ""Northfield"", ""size"": ""500 g"", ""pack_qty"": 4}",none,1.32,express
N202162,Orchard cherry tomato 1 kg pack of 12,Produce,"{""brand"": ""Orchard"", ""size"": ""1 kg"", ""pack_qty"": 12}",none,23.45,supermarket
N202996,Northfield orange juice 1 L pack of 1,Beverages,"{""brand"": ""Northfield"", ""size"": ""1 L"", ""pack_qty"": 1}",none,23.85,supermarket
N200080,Orchard whole milk 250 ml pack of 1,Dairy,"{""brand"": ""Orchard"", ""size"": ""250 ml"", ""pack_qty"": 1}",milk,5.99,supermarket
N200931,Orchard garden peas 500 g pack of 1,Frozen,"{""brand"": ""Orchard"", ""size"": ""500 g"", ""pack_qty"": 1}",gluten;fish,16.83,supermarket
N201950,Valley laundry pods 2 L pack of 1,Household,"{""brand"": ""Valley"", ""size"": ""2 L"", ""pack_qty"": 1}",none,20.73,online
N202102,Harvest dish soap 500 g pack of 2,Household,"{""brand"": ""Harvest"", ""size"": ""500 g"", ""pack_qty"": 2}",none,15.88,express
N202676,Valley oat drink 250 ml pack of 12,Beverages,"{""brand"": ""Valley"", ""size"": ""250 ml"", ""pack_qty"": 12}",none,18.46,supermarket
N201871,Bluebell razor blades 1 L pack of 2,Personal Care,"{""brand"": ""Bluebell"", ""size"": ""1 L"", ""pack_qty"": 2}",none,6.07,online
N202899,Northfield garden peas 500 g pack of 4,Frozen,"{""brand"": ""Northfield"", ""size"": ""500 g"", ""pack_qty"": 4}",gluten;fish,16.35,express
N201470,Harvest glass cleaner 500 g pack of 12,Household,"{""brand"": ""Harvest"", ""size"": ""500 g"", ""pack_qty"": 12}",none,11.81,express
N200123,Meadow garden peas 750 g pack of 12,Frozen,"{""brand"": ""Meadow"", ""size"": ""750 g"", ""pack_qty"": 12}",gluten;fish,20.18,online
N202859,Valley fish fingers 6 pk pack of 2,Frozen,"{""brand"": ""Valley"", ""size"": ""6 pk"", ""pack_qty"": 2}",gluten;fish,7.93,supermarket
N201237,Meadow tortilla chips 500 g pack of 6,Snacks,"{""brand"": ""Meadow"", ""size"": ""500 g"", ""pack_qty"": 6}",nuts;milk,2.0,online
N201088,Orchard double cream 1 L pack of 6,Dairy,"{""brand"": ""Orchard"", ""size"": ""1 L"", ""pack_qty"": 6}",milk,13.8,online
N202087,Orchard razor blades 250 ml pack of 1,Personal Care,"{""brand"": ""Orchard"", ""size"": ""250 ml"", ""pack_qty"": 1}",none,18.97,supermarket
N200543,Orchard razor blades 500 g pack of 1,Personal Care,"{""brand"": ""Orchard"", ""size"": ""500 g"", ""pack_qty"": 1}",none,4.07,online
N201232,Harvest greek yogurt 750 g pack of 12,Dairy,"{""brand"": ""Harvest"", ""size"": ""750 g"", ""pack_qty"": 12}",milk,0.47,express
N202471,Valley shampoo daily 2 L pack of 2,Personal Care,"{""brand"": ""Valley"", ""size"": ""2 L"", ""pack_qty"": 2}",none,22.79,supermarket
N200771,Valley mixed berries 750 g pack of 12,Frozen,"{""brand"": ""Valley"", ""size"": ""750 g"", ""pack_qty"": 12}",gluten;fish,12.97,online
N202665,Northfield butter croissant 500 g pack of 12,Bakery,"{""brand"": ""Northfield"", ""size"": ""500 g"", ""pack_qty"": 12}",gluten;egg,15.12,express
N200720,Valley whole milk 250 ml pack of 4,Dairy,"{""brand"": ""Valley"", ""size"": ""250 ml"", ""pack_qty"": 4}",milk,9.09,online
N200192,Harvest double cream 750 g pack of 6,Dairy,"{""brand"": ""Harvest"", ""size"": ""750 g"", ""pack_qty"": 6}",milk,14.45,supermarket
N201406,Orchard dish soap 2 L pack of 2,Household,"{""brand"": ""Orchard"", ""size"": ""2 L"", ""pack_qty"": 2}",none,21.16,express
N202251,Meadow margherita pizza 6 pk pack of 1,Frozen,"{""brand"": ""Meadow"", ""size"": ""6 pk"", ""pack_qty"": 1}",gluten;fish,1.09,supermarket
N202072,Harvest double cream 1 L pack of 6,Dairy,"{""brand"": ""Harvest"", ""size"": ""1 L"", ""pack_qty"": 6}",milk,13.09,express
N202055,Orchard shampoo daily 250 ml pack of 2,Personal Care,"{""brand"": ""Orchard"", ""size"": ""250 ml"", ""pack_qty"": 2}",none,22.96,online
N200643,Orchard mixed berries 750 g pack of 1,Frozen,"{""brand"": ""Orchard"", ""size"": ""750 g"", ""pack_qty"": 1}",gluten;fish,14.27,express
N202108,Valley cold brew 250 ml pack of 2,Beverages,"{""brand"": ""Valley"", ""size"": ""250 ml"", ""pack_qty"": 2}",none,8.81,express
N200475,Bluebell garden peas 1 kg pack of 2,Frozen,"{""brand"": ""Bluebell"", ""size"": ""1 kg"", ""pack_qty"": 2}",gluten;fish,20.48,online
N201030,Bluebell dish soap 330 ml pack of 1,Household,"{""brand"": ""Bluebell"", ""size"": ""330 ml"", ""pack_qty"": 1}",none,6.22,express
N200264,Orchard whole milk 500 g pack of 2,Dairy,"{""brand"": ""Orchard"", ""size"": ""500 g"", ""pack_qty"": 2}",milk,4.18,supermarket
N202190,Orchard laundry pods 750 g pack of 6,Household,"{""brand"": ""Orchard"", ""size"": ""750 g"", ""pack_qty"": 6}",none,9.08,express
N200117,Meadow salted crisps 2 L pack of 1,Snacks,"{""brand"": ""Meadow"", ""size"": ""2 L"", ""pack_qty"": 1}",nuts;milk,2.53,express
N200451,Meadow vanilla icecream 750 g pack of 1,Frozen,"{""brand"": ""Meadow"", ""size"": ""750 g"", ""pack_qty"": 1}",gluten;fish,7.82,online
N201972,Bluebell oat drink 750 g pack of 2,Beverages,"{""brand"": ""Bluebell"", ""size"": ""750 g"", ""pack_qty"": 2}",none,11.67,express
N202652,Valley cold brew 500 g pack of 1,Beverages,"{""brand"": ""Valley"", ""size"": ""500 g"", ""pack_qty"": 1}",none,11.92,supermarket
N201974,Orchard paper towel 250 ml pack of 6,Household,"{""brand"": ""Orchard"", ""size"": ""250 ml"", ""pack_qty"": 6}",none,14.63,express
N201882,Northfield avocado ripe 750 g pack of 12,Produce,"{""brand"": ""Northfield"", ""size"": ""750 g"", ""pack_qty"": 12}",none,12.52,online
N200806,Bluebell bin liners 330 ml pack of 1,Household,"{""brand"": ""Bluebell"", ""size"": ""330 ml"", ""pack_qty"": 1}",none,22.96,online
N200697,Bluebell wholemeal bread 6 pk pack of 4,Bakery,"{""brand"": ""Bluebell"", ""size"": ""6 pk"", ""pack_qty"": 4}",gluten;egg,5.18,supermarket
N202399,Orchard body lotion 750 g pack of 12,Personal Care,"{""brand"": ""Orchard"", ""size"": ""750 g"", ""pack_qty"": 12}",none,19.18,online
N201104,Harvest double cream 330 ml pack of 2,Dairy,"{""brand"": ""Harvest"", ""size"": ""330 ml"", ""pack_qty"": 2}",milk,13.71,supermarket
N200359,Bluebell shampoo daily 750 g pack of 6,Personal Care,"{""brand"": ""Bluebell"", ""size"": ""750 g"", ""pack_qty"": 6}",none,23.92,express
N200212,Valley cola zero 1 kg pack of 1,Beverages,"{""brand"": ""Valley"", ""size"": ""1 kg"", ""pack_qty"": 1}",none,12.39,supermarket
N202432,Bluebell cheddar cheese 1 L pack of 12,Dairy,"{""brand"": ""Bluebell"", ""size"": ""1 L"", ""pack_qty"": 12}",milk,9.7,supermarket
N202527,Bluebell shampoo daily 330 ml pack of 6,Personal Care,"{""brand"": ""Bluebell"", ""size"": ""330 ml"", ""pack_qty"": 6}",none,14.36,online
N200108,Bluebell sparkling water 1 kg pack of 6,Beverages,"{""brand"": ""Bluebell"", ""size"": ""1 kg"", ""pack_qty"": 6}",none,13.45,online
N200171,Meadow mixed berries 330 ml pack of 12,Frozen,"{""brand"": ""Meadow"", ""size"": ""330 ml"", ""pack_qty"": 12}",gluten;fish,18.37,express
N202407,Valley toothpaste mint 330 ml pack of 4,Personal Care,"{""brand"": ""Valley"", ""size"": ""330 ml"", ""pack_qty"": 4}",none,5.92,online
N200176,Meadow salted butter 2 L pack of 2,Dairy,"{""brand"": ""Meadow"", ""size"": ""2 L"", ""pack_qty"": 2}",milk,3.32,supermarket
N200351,Meadow hand soap 500 g pack of 2,Personal Care,"{""brand"": ""Meadow"", ""size"": ""500 g"", ""pack_qty"": 2}",none,14.22,supermarket
N201900,Bluebell oat drink 330 ml pack of 12,Beverages,"{""brand"": ""Bluebell"", ""size"": ""330 ml"", ""pack_qty"": 12}",none,16.2,express
N200760,Harvest double cream 2 L pack of 2,Dairy,"{""brand"": ""Harvest"", ""size"": ""2 L"", ""pack_qty"": 2}",milk,9.7,express
N201447,Meadow toothpaste mint 330 ml pack of 12,Personal Care,"{""brand"": ""Meadow"", ""size"": ""330 ml"", ""pack_qty"": 12}",none,8.84,express
N201183,Valley shampoo daily 330 ml pack of 6,Personal Care,"{""brand"": ""Valley"", ""size"": ""330 ml"", ""pack_qty"": 6}",none,9.44,supermarket
N202314,Harvest avocado ripe 750 g pack of 1,Produce,"{""brand"": ""Harvest"", ""size"": ""750 g"", ""pack_qty"": 1}",none,4.64,express
N200320,Harvest salted butter 250 ml pack of 1,Dairy,"{""brand"": ""Harvest"", ""size"": ""250 ml"", ""pack_qty"": 1}",milk,20.05,express
N202798,Meadow dish soap 330 ml pack of 1,Household,"{""brand"": ""Meadow"", ""size"": ""330 ml"", ""pack_qty"": 1}",none,14.75,online
N200854,Harvest bin liners 330 ml pack of 6,Household,"{""brand"": ""Harvest"", ""size"": ""330 ml"", ""pack_qty"": 6}",none,19.8,supermarket
N202129,Harvest wholemeal bread 250 ml pack of 1,Bakery,"{""brand"": ""Harvest"", ""size"": ""250 ml"", ""pack_qty"": 1}",gluten;egg,22.96,express
N202316,Bluebell sparkling water 6 pk pack of 12,Beverages,"{""brand"": ""Bluebell"", ""size"": ""6 pk"", ""pack_qty"": 12}",none,14.58,express
N201742,Northfield laundry pods 500 g pack of 6,Household,"{""brand"": ""Northfield"", ""size"": ""500 g"", ""pack_qty"": 6}",none,3.69,express
N201607,Northfield razor blades 330 ml pack of 2,Personal Care,"{""brand"": ""Northfield"", ""size"": ""330 ml"", ""pack_qty"": 2}",none,18.54,online
N200267,Bluebell garden peas 1 kg pack of 6,Frozen,"{""brand"": ""Bluebell"", ""size"": ""1 kg"", ""pack_qty"": 6}",gluten;fish,3.25,online
N202145,Meadow blueberry muffin 330 ml pack of 1,Bakery,"{""brand"": ""Meadow"", ""size"": ""330 ml"", ""pack_qty"": 1}",gluten;egg,14.64,express
N200142,Orchard bin liners 330 ml pack of 2,Household,"{""brand"": ""Orchard"", ""size"": ""330 ml"", ""pack_qty"": 2}",none,12.5,online
N201273,Valley blueberry muffin 1 kg pack of 6,Bakery,"{""brand"": ""Valley"", ""size"": ""1 kg"", ""pack_qty"": 6}",gluten;egg,1.46,express
N200530,Valley avocado ripe 750 g pack of 2,Produce,"{""brand"": ""Valley"", ""size"": ""750 g"", ""pack_qty"": 2}",none,7.17,express
N200378,Orchard cherry tomato 6 pk pack of 2,Produce,"{""brand"": ""Orchard"", ""size"": ""6 pk"", ""pack_qty"": 2}",none,21.14,online
N201961,Harvest butter croissant 330 ml pack of 2,Bakery,"{""brand"": ""Harvest"", ""size"": ""330 ml"", ""pack_qty"": 2}",gluten;egg,12.62,express
N200061,Bluebell salted crisps 2 L pack of 1,Snacks,"{""brand"": ""Bluebell"", ""size"": ""2 L"", ""pack_qty"": 1}",nuts;milk,3.49,online
N202474,Meadow baby spinach 1 L pack of 2,Produce,"{""brand"": ""Meadow"", ""size"": ""1 L"", ""pack_qty"": 2}",none,6.98,online
N201702,Northfield dish soap 250 ml pack of 6,Household,"{""brand"": ""Northfield"", ""size"": ""250 ml"", ""pack_qty"": 6}",none,7.69,online
N202518,Northfield glass cleaner 330 ml pack of 12,Household,"{""brand"": ""Northfield"", ""size"": ""330 ml"", ""pack_qty"": 12}",none,7.79,express
N201847,Orchard hand soap 750 g pack of 2,Personal Care,"{""brand"": ""Orchard"", ""size"": ""750 g"", ""pack_qty"": 2}",none,17.77,supermarket
N201095,Valley hand soap 250 ml pack of 2,Personal Care,"{""brand"": ""Valley"", ""size"": ""250 ml"", ""pack_qty"": 2}",none,10.78,supermarket
N201811,Northfield margherita pizza 2 L pack of 4,Frozen,"{""brand"": ""Northfield"", ""size"": ""2 L"", ""pack_qty"": 4}",gluten;fish,21.77,online
N200022,Valley bin liners 1 kg pack of 4,Household,"{""brand"": ""Valley"", ""size"": ""1 kg"", ""pack_qty"": 4}",none,18.9,online
N200628,Harvest sparkling water 500 g pack of 6,Beverages,"{""brand"": ""Harvest"", ""size"": ""500 g"", ""pack_qty"": 6}",none,3.2,express
N201611,Northfield garden peas 330 ml pack of 1,Frozen,"{""brand"": ""Northfield"", ""size"": ""330 ml"", ""pack_qty"": 1}",gluten;fish,19.21,express
N201718,Harvest bin liners 330 ml pack of 1,Household,"{""brand"": ""Harvest"", ""size"": ""330 ml"", ""pack_qty"": 1}",none,1.78,online
N202730,Northfield gala apple 2 L pack of 2,Produce,"{""brand"": ""Northfield"", ""size"": ""2 L"", ""pack_qty"": 2}",none,15.49,supermarket
N200773,Valley trail mix 6 pk pack of 2,Snacks,"{""brand"": ""Valley"", ""size"": ""6 pk"", ""pack_qty"": 2}",nuts;milk,4.42,supermarket
N202938,Bluebell avocado ripe 330 ml pack of 1,Produce,"{""brand"": ""Bluebell"", ""size"": ""330 ml"", ""pack_qty"": 1}",none,4.77,supermarket
N200383,Northfield toothpaste mint 750 g pack of 4,Personal Care,"{""brand"": ""Northfield"", ""size"": ""750 g"", ""pack_qty"": 4}",none,13.72,express
N200348,Orchard oat drink 750 g pack of 1,Beverages,"{""brand"": ""Orchard"", ""size"": ""750 g"", ""pack_qty"": 1}",none,0.43,supermarket
N202026,Bluebell baby spinach 330 ml pack of 12,Produce,"{""brand"": ""Bluebell"", ""size"": ""330 ml"", ""pack_qty"": 12}",none,18.55,online
N201733,Meadow dark chocolate 250 ml pack of 6,Snacks,"{""brand"": ""Meadow"", ""size"": ""250 ml"", ""pack_qty"": 6}",nuts;milk,7.22,supermarket
N200350,Meadow glass cleaner 500 g pack of 4,Household,"{""brand"": ""Meadow"", ""size"": ""500 g"", ""pack_qty"": 4}",none,11.64,online
N201253,Meadow trail mix 1 L pack of 4,Snacks,"{""brand"": ""Meadow"", ""size"": ""1 L"", ""pack_qty"": 4}",nuts;milk,17.4,supermarket
N201092,Northfield cold brew 330 ml pack of 1,Beverages,"{""brand"": ""Northfield"", ""size"": ""330 ml"", ""pack_qty"": 1}",none,17.46,express
N201480,Valley salted butter 330 ml pack of 2,Dairy,"{""brand"": ""Valley"", ""size"": ""330 ml"", ""pack_qty"": 2}",milk,0.48,supermarket
N202482,Bluebell banana bunch 1 kg pack of 1,Produce,"{""brand"": ""Bluebell"", ""size"": ""1 kg"", ""pack_qty"": 1}",none,19.88,online
N201402,Orchard gala apple 1 kg pack of 6,Produce,"{""brand"": ""Orchard"", ""size"": ""1 kg"", ""pack_qty"": 6}",none,5.51,online
N201711,Meadow razor blades 250 ml pack of 6,Personal Care,"{""brand"": ""Meadow"", ""size"": ""250 ml"", ""pack_qty"": 6}",none,16.63,supermarket
N202264,Northfield double cream 500 g pack of 1,Dairy,"{""brand"": ""Northfield"", ""size"": ""500 g"", ""pack_qty"": 1}",milk,4.77,online
N202571,Meadow vanilla icecream 2 L pack of 6,Frozen,"{""brand"": ""Meadow"", ""size"": ""2 L"", ""pack_qty"": 6}",gluten;fish,6.21,online
N200387,Meadow garden peas 500 g pack of 12,Frozen,"{""brand"": ""Meadow"", ""size"": ""500 g"", ""pack_qty"": 12}",gluten;fish,11.34,express
N202664,Meadow cheddar cheese 2 L pack of 4,Dairy,"{""brand"": ""Meadow"", ""size"": ""2 L"", ""pack_qty"": 4}",milk,12.68,online
N202596,Orchard sparkling water 330 ml pack of 12,Beverages,"{""brand"": ""Orchard"", ""size"": ""330 ml"", ""pack_qty"": 12}",none,12.83,online
N202225,Meadow blueberry muffin 330 ml pack of 12,Bakery,"{""brand"": ""Meadow"", ""size"": ""330 ml"", ""pack_qty"": 12}",gluten;egg,17.22,supermarket
N202816,Meadow salted butter 1 kg pack of 6,Dairy,"{""brand"": ""Meadow"", ""size"": ""1 kg"", ""pack_qty"": 6}",milk,12.64,supermarket
N200458,Meadow avocado ripe 250 ml pack of 2,Produce,"{""brand"": ""Meadow"", ""size"": ""250 ml"", ""pack_qty"": 2}",none,6.92,express
N201966,Meadow bin liners 250 ml pack of 2,Household,"{""brand"": ""Meadow"", ""size"": ""250 ml"", ""pack_qty"": 2}",none,19.32,online
N200864,Harvest greek yogurt 250 ml pack of 1,Dairy,"{""brand"": ""Harvest"", ""size"": ""250 ml"", ""pack_qty"": 1}",milk,6.7,online
N202943,Harvest toothpaste mint 330 ml pack of 4,Personal Care,"{""brand"": ""Harvest"", ""size"": ""330 ml"", ""pack_qty"": 4}",none,13.36,express
N202051,Meadow margherita pizza 1 L pack of 4,Frozen,"{""brand"": ""Meadow"", ""size"": ""1 L"", ""pack_qty"": 4}",gluten;fish,10.7,supermarket
N200263,Northfield razor blades 750 g pack of 6,Personal Care,"{""brand"": ""Northfield"", ""size"": ""750 g"", ""pack_qty"": 6}",none,13.2,express
N202480,Harvest whole milk 250 ml pack of 6,Dairy,"{""brand"": ""Harvest"", ""size"": ""250 ml"", ""pack_qty"": 6}",milk,18.73,supermarket
N202539,Northfield fish fingers 330 ml pack of 12,Frozen,"{""brand"": ""Northfield"", ""size"": ""330 ml"", ""pack_qty"": 12}",gluten;fish,1.25,online
N202552,Northfield whole milk 330 ml pack of 12,Dairy,"{""brand"": ""Northfield"", ""size"": ""330 ml"", ""pack_qty"": 12}",milk,19.5,express
N201519,Northfield shampoo daily 6 pk pack of 1,Personal Care,"{""brand"": ""Northfield"", ""size"": ""6 pk"", ""pack_qty"": 1}",none,8.14,express
N201575,Valley body lotion 1 L pack of 2,Personal Care,"{""brand"": ""Valley"", ""size"": ""1 L"", ""pack_qty"": 2}",none,23.55,supermarket
N201285,Valley dark chocolate 750 g pack of 1,Snacks,"{""brand"": ""Valley"", ""size"": ""750 g"", ""pack_qty"": 1}",nuts;milk,0.84,online
N200763,Orchard margherita pizza 250 ml pack of 2,Frozen,"{""brand"": ""Orchard"", ""size"": ""250 ml"", ""pack_qty"": 2}",gluten;fish,11.54,express
N202445,Bluebell trail mix 1 L pack of 12,Snacks,"{""brand"": ""Bluebell"", ""size"": ""1 L"", ""pack_qty"": 12}",nuts;milk,7.59,online
N202713,Northfield blueberry muffin 500 g pack of 6,Bakery,"{""brand"": ""Northfield"", ""size"": ""500 g"", ""pack_qty"": 6}",gluten;egg,23.46,supermarket
N200023,Orchard hand soap 250 ml pack of 4,Personal Care,"{""brand"": ""Orchard"", ""size"": ""250 ml"", ""pack_qty"": 4}",none,4.34,online
N202492,Meadow oat drink 1 L pack of 6,Beverages,"{""brand"": ""Meadow"", ""size"": ""1 L"", ""pack_qty"": 6}",none,12.36,express
N202584,Northfield greek yogurt 500 g pack of 1,Dairy,"{""brand"": ""Northfield"", ""size"": ""500 g"", ""pack_qty"": 1}",milk,6.65,supermarket
N201259,Meadow margherita pizza 250 ml pack of 2,Frozen,"{""brand"": ""Meadow"", ""size"": ""250 ml"", ""pack_qty"": 2}",gluten;fish,4.26,online
N201457,Meadow wholemeal bread 330 ml pack of 12,Bakery,"{""brand"": ""Meadow"", ""size"": ""330 ml"", ""pack_qty"": 12}",gluten;egg,0.94,supermarket
N200752,Bluebell double cream 330 ml pack of 6,Dairy,"{""brand"": ""Bluebell"", ""size"": ""330 ml"", ""pack_qty"": 6}",milk,12.7,supermarket
N200200,Meadow greek yogurt 1 L pack of 2,Dairy,"{""brand"": ""Meadow"", ""size"": ""1 L"", ""pack_qty"": 2}",milk,4.07,express
N200201,Meadow sourdough loaf 1 L pack of 1,Bakery,"{""brand"": ""Meadow"", ""size"": ""1 L"", ""pack_qty"": 1}",gluten;egg,19.09,express
N201281,Harvest wholemeal bread 750 g pack of 6,Bakery,"{""brand"": ""Harvest"", ""size"": ""750 g"", ""pack_qty"": 6}",gluten;egg,18.71,supermarket
N202884,Northfield cola zero 1 L pack of 6,Beverages,"{""brand"": ""Northfield"", ""size"": ""1 L"", ""pack_qty"": 6}",none,1.25,online
N201038,Bluebell laundry pods 250 ml pack of 4,Household,"{""brand"": ""Bluebell"", ""size"": ""250 ml"", ""pack_qty"": 4}",none,1.86,express
N201869,Harvest salted crisps 6 pk pack of 6,Snacks,"{""brand"": ""Harvest"", ""size"": ""6 pk"", ""pack_qty"": 6}",nuts;milk,6.51,express
N201500,Northfield cold brew 2 L pack of 1,Beverages,"{""brand"": ""Northfield"", ""size"": ""2 L"", ""pack_qty"": 1}",none,6.49,supermarket
N201677,Harvest rice cakes 2 L pack of 4,Snacks,"{""brand"": ""Harvest"", ""size"": ""2 L"", ""pack_qty"": 4}",nuts;milk,3.22,supermarket
N201275N,HARVEST FISH FINGERS 6 PK PACK OF 6  ,Frozen,"{""brand"": ""Harvest"", ""size"": ""6 pk"", ""pack_qty"": 6}",gluten;fish,3.97,supermarket
N200563,Harvest mixed berries 6 pk pack of 1,Frozen,"{""brand"": ""Harvest"", ""size"": ""6 pk"", ""pack_qty"": 1}",gluten;fish,9.11,online
N200882,Valley baby spinach 2 L pack of 4,Produce,"{""brand"": ""Valley"", ""size"": ""2 L"", ""pack_qty"": 4}",none,22.09,express
N200699,Northfield margherita pizza 250 ml pack of 12,Frozen,"{""brand"": ""Northfield"", ""size"": ""250 ml"", ""pack_qty"": 12}",gluten;fish,14.21,express
N202555,Northfield fish fingers 750 g pack of 12,Frozen,"{""brand"": ""Northfield"", ""size"": ""750 g"", ""pack_qty"": 12}",gluten;fish,16.81,online
N202913,Meadow wholemeal bread 500 g pack of 4,Bakery,"{""brand"": ""Meadow"", ""size"": ""500 g"", ""pack_qty"": 4}",gluten;egg,15.24,online
N202753,Northfield seeded bagel 330 ml pack of 6,Bakery,"{""brand"": ""Northfield"", ""size"": ""330 ml"", ""pack_qty"": 6}",gluten;egg,14.81,online
N200471,Meadow hand soap 750 g pack of 6,Personal Care,"{""brand"": ""Meadow"", ""size"": ""750 g"", ""pack_qty"": 6}",none,6.87,supermarket
N200032,Bluebell greek yogurt 750 g pack of 4,Dairy,"{""brand"": ""Bluebell"", ""size"": ""750 g"", ""pack_qty"": 4}",milk,4.57,express
N200271,Meadow body lotion 1 L pack of 4,Personal Care,"{""brand"": ""Meadow"", ""size"": ""1 L"", ""pack_qty"": 4}",none,6.26,express
N201593,Northfield sourdough loaf 6 pk pack of 4,Bakery,"{""brand"": ""Northfield"", ""size"": ""6 pk"", ""pack_qty"": 4}",gluten;egg,20.48,online
N202455,Meadow toothpaste mint 250 ml pack of 2,Personal Care,"{""brand"": ""Meadow"", ""size"": ""250 ml"", ""pack_qty"": 2}",none,18.64,supermarket
N200903,Meadow shampoo daily 6 pk pack of 12,Personal Care,"{""brand"": ""Meadow"", ""size"": ""6 pk"", ""pack_qty"": 12}",none,17.27,supermarket
N201678,Valley dish soap 500 g pack of 1,Household,"{""brand"": ""Valley"", ""size"": ""500 g"", ""pack_qty"": 1}",none,11.68,express
N201680,Harvest greek yogurt 1 kg pack of 2,Dairy,"{""brand"": ""Harvest"", ""size"": ""1 kg"", ""pack_qty"": 2}",milk,18.93,online
N200820,Bluebell oat drink 6 pk pack of 4,Beverages,"{""brand"": ""Bluebell"", ""size"": ""6 pk"", ""pack_qty"": 4}",none,0.88,express
N200470,Valley laundry pods 1 kg pack of 2,Household,"{""brand"": ""Valley"", ""size"": ""1 kg"", ""pack_qty"": 2}",none,19.19,supermarket
N201917,Northfield salted crisps 1 kg pack of 6,Snacks,"{""brand"": ""Northfield"", ""size"": ""1 kg"", ""pack_qty"": 6}",nuts;milk,7.75,online
N201025,Valley blueberry muffin 750 g pack of 2,Bakery,"{""brand"": ""Valley"", ""size"": ""750 g"", ""pack_qty"": 2}",gluten;egg,19.37,supermarket
N201192,Harvest double cream 1 L pack of 2,Dairy,"{""brand"": ""Harvest"", ""size"": ""1 L"", ""pack_qty"": 2}",milk,19.02,supermarket
N200591,Harvest razor blades 330 ml pack of 6,Personal Care,"{""brand"": ""Harvest"", ""size"": ""330 ml"", ""pack_qty"": 6}",none,10.98,online
N202430,Valley paper towel 1 L pack of 4,Household,"{""brand"": ""Valley"", ""size"": ""1 L"", ""pack_qty"": 4}",none,6.07,supermarket
N202322,Bluebell cherry tomato 1 kg pack of 6,Produce,"{""brand"": ""Bluebell"", ""size"": ""1 kg"", ""pack_qty"": 6}",none,10.79,online
N200006,Bluebell paper towel 500 g pack of 12,Household,"{""brand"": ""Bluebell"", ""size"": ""500 g"", ""pack_qty"": 12}",none,21.48,online
N200900,Valley orange juice 1 kg pack of 4,Beverages,"{""brand"": ""Valley"", ""size"": ""1 kg"", ""pack_qty"": 4}",none,8.75,online
N201957,Meadow dark chocolate 6 pk pack of 12,Snacks,"{""brand"": ""Meadow"", ""size"": ""6 pk"", ""pack_qty"": 12}",nuts;milk,17.14,express
N202258,Valley cherry tomato 330 ml pack of 12,Produce,"{""brand"": ""Valley"", ""size"": ""330 ml"", ""pack_qty"": 12}",none,4.83,express
N202170,Meadow avocado ripe 2 L pack of 2,Produce,"{""brand"": ""Meadow"", ""size"": ""2 L"", ""pack_qty"": 2}",none,17.01,express
N201747,Valley garden peas 750 g pack of 4,Frozen,"{""brand"": ""Valley"", ""size"": ""750 g"", ""pack_qty"": 4}",gluten;fish,3.51,express
N202898,Meadow gala apple 2 L pack of 4,Produce,"{""brand"": ""Meadow"", ""size"": ""2 L"", ""pack_qty"": 4}",none,22.13,online
N200825,Meadow wholemeal bread 500 g pack of 6,Bakery,"{""brand"": ""Meadow"", ""size"": ""500 g"", ""pack_qty"": 6}",gluten;egg,3.86,supermarket
N200001,Bluebell wholemeal bread 500 g pack of 4,Bakery,"{""brand"": ""Bluebell"", ""size"": ""500 g"", ""pack_qty"": 4}",gluten;egg,18.36,online
N202675,Orchard margherita pizza 330 ml pack of 1,Frozen,"{""brand"": ""Orchard"", ""size"": ""330 ml"", ""pack_qty"": 1}",gluten;fish,6.6,online
N201839,Orchard razor blades 1 L pack of 12,Personal Care,"{""brand"": ""Orchard"", ""size"": ""1 L"", ""pack_qty"": 12}",none,13.97,online
N201788,Meadow cold brew 2 L pack of 2,Beverages,"{""brand"": ""Meadow"", ""size"": ""2 L"", ""pack_qty"": 2}",none,21.28,express
N200940,Valley sparkling water 330 ml pack of 6,Beverages,"{""brand"": ""Valley"", ""size"": ""330 ml"", ""pack_qty"": 6}",none,14.07,express
N201899,Northfield fish fingers 500 g pack of 12,Frozen,"{""brand"": ""Northfield"", ""size"": ""500 g"", ""pack_qty"": 12}",gluten;fish,7.75,online
N200311,Valley body lotion 250 ml pack of 6,Personal Care,"{""brand"": ""Valley"", ""size"": ""250 ml"", ""pack_qty"": 6}",none,15.62,supermarket
N200234,Harvest banana bunch 2 L pack of 1,Produce,"{""brand"": ""Harvest"", ""size"": ""2 L"", ""pack_qty"": 1}",none,14.43,supermarket
N201801,Northfield wholemeal bread 2 L pack of 12,Bakery,"{""brand"": ""Northfield"", ""size"": ""2 L"", ""pack_qty"": 12}",gluten;egg,16.76,supermarket
N200100,Orchard oat drink 1 kg pack of 1,Beverages,"{""brand"": ""Orchard"", ""size"": ""1 kg"", ""pack_qty"": 1}",none,13.73,supermarket
N200681,Northfield sourdough loaf 500 g pack of 2,Bakery,"{""brand"": ""Northfield"", ""size"": ""500 g"", ""pack_qty"": 2}",gluten;egg,23.7,online
N201198,Orchard glass cleaner 6 pk pack of 2,Household,"{""brand"": ""Orchard"", ""size"": ""6 pk"", ""pack_qty"": 2}",none,12.65,online
N200318,Meadow glass cleaner 1 L pack of 12,Household,"{""brand"": ""Meadow"", ""size"": ""1 L"", ""pack_qty"": 12}",none,2.04,online
N202386,Valley avocado ripe 2 L pack of 12,Produce,"{""brand"": ""Valley"", ""size"": ""2 L"", ""pack_qty"": 12}",none,5.11,express
N202451,Orchard garden peas 1 kg pack of 4,Frozen,"{""brand"": ""Orchard"", ""size"": ""1 kg"", ""pack_qty"": 4}",gluten;fish,8.93,express
N202437,Harvest trail mix 2 L pack of 4,Snacks,"{""brand"": ""Harvest"", ""size"": ""2 L"", ""pack_qty"": 4}",nuts;milk,5.05,supermarket
N202151,Valley razor blades 1 kg pack of 6,Personal Care,"{""brand"": ""Valley"", ""size"": ""1 kg"", ""pack_qty"": 6}",none,2.46,supermarket
N200196,Valley cold brew 6 pk pack of 12,Beverages,"{""brand"": ""Valley"", ""size"": ""6 pk"", ""pack_qty"": 12}",none,18.15,express
N200792,Harvest double cream 1 kg pack of 1,Dairy,"{""brand"": ""Harvest"", ""size"": ""1 kg"", ""pack_qty"": 1}",milk,18.2,express
N201596,Harvest cold brew 500 g pack of 2,Beverages,"{""brand"": ""Harvest"", ""size"": ""500 g"", ""pack_qty"": 2}",none,11.95,online
N202638,Bluebell glass cleaner 750 g pack of 1,Household,"{""brand"": ""Bluebell"", ""size"": ""750 g"", ""pack_qty"": 1}",none,7.6,express
N200941,Valley dark chocolate 250 ml pack of 1,Snacks,"{""brand"": ""Valley"", ""size"": ""250 ml"", ""pack_qty"": 1}",nuts;milk,18.25,online
N201698,Valley avocado ripe 6 pk pack of 1,Produce,"{""brand"": ""Valley"", ""size"": ""6 pk"", ""pack_qty"": 1}",none,6.63,supermarket
N202821,Harvest rice cakes 1 kg pack of 2,Snacks,"{""brand"": ""Harvest"", ""size"": ""1 kg"", ""pack_qty"": 2}",nuts;milk,19.95,express
N201574,Northfield laundry pods 250 ml pack of 1,Household,"{""brand"": ""Northfield"", ""size"": ""250 ml"", ""pack_qty"": 1}",none,13.08,supermarket
N202087,Orchard razor blades 250 ml pack of 1,Personal Care,"{""brand"": ""Orchard"", ""size"": ""250 ml"", ""pack_qty"": 1}",none,18.97,supermarket
N200621,Northfield rice cakes 1 L pack of 6,Snacks,"{""brand"": ""Northfield"", ""size"": ""1 L"", ""pack_qty"": 6}",nuts;milk,10.16,express
N202182,Bluebell glass cleaner 330 ml pack of 4,Household,"{""brand"": ""Bluebell"", ""size"": ""330 ml"", ""pack_qty"": 4}",none,9.2,supermarket
N201623,Meadow hand soap 1 L pack of 12,Personal Care,"{""brand"": ""Meadow"", ""size"": ""1 L"", ""pack_qty"": 12}",none,14.18,supermarket
N202728,Valley cheddar cheese 330 ml pack of 1,Dairy,"{""brand"": ""Valley"", ""size"": ""330 ml"", ""pack_qty"": 1}",milk,22.09,supermarket
N201952,Northfield greek yogurt 750 g pack of 12,Dairy,"{""brand"": ""Northfield"", ""size"": ""750 g"", ""pack_qty"": 12}",milk,9.86,online
N200700,Valley oat drink 330 ml pack of 6,Beverages,"{""brand"": ""Valley"", ""size"": ""330 ml"", ""pack_qty"": 6}",none,15.54,supermarket
N201216,Meadow whole milk 330 ml pack of 4,Dairy,"{""brand"": ""Meadow"", ""size"": ""330 ml"", ""pack_qty"": 4}",milk,22.97,online
N200410,Harvest avocado ripe 750 g pack of 2,Produce,"{""brand"": ""Harvest"", ""size"": ""750 g"", ""pack_qty"": 2}",none,12.57,express
N202346,Northfield avocado ripe 750 g pack of 6,Produce,"{""brand"": ""Northfield"", ""size"": ""750 g"", ""pack_qty"": 6}",none,14.73,supermarket
N200464,Northfield greek yogurt 1 L pack of 6,Dairy,"{""brand"": ""Northfield"", ""size"": ""1 L"", ""pack_qty"": 6}",milk,9.17,supermarket
N201934,Harvest paper towel 500 g pack of 2,Household,"{""brand"": ""Harvest"", ""size"": ""500 g"", ""pack_qty"": 2}",none,14.16,online
N202647,Northfield shampoo daily 2 L pack of 2,Personal Care,"{""brand"": ""Northfield"", ""size"": ""2 L"", ""pack_qty"": 2}",none,20.53,express
N202599,Valley shampoo daily 250 ml pack of 1,Personal Care,"{""brand"": ""Valley"", ""size"": ""250 ml"", ""pack_qty"": 1}",none,23.29,express
N202208,Meadow salted butter 1 L pack of 1,Dairy,"{""brand"": ""Meadow"", ""size"": ""1 L"", ""pack_qty"": 1}",milk,15.86,online
N200635,Valley fish fingers 1 kg pack of 4,Frozen,"{""brand"": ""Valley"", ""size"": ""1 kg"", ""pack_qty"": 4}",gluten;fish,6.38,online
N202717,Northfield salted crisps 330 ml pack of 2,Snacks,"{""brand"": ""Northfield"", ""size"": ""330 ml"", ""pack_qty"": 2}",nuts;milk,6.31,express
N202662,Bluebell paper towel 6 pk pack of 6,Household,"{""brand"": ""Bluebell"", ""size"": ""6 pk"", ""pack_qty"": 6}",none,2.65,supermarket
N202838,Northfield paper towel 1 kg pack of 12,Household,"{""brand"": ""Northfield"", ""size"": ""1 kg"", ""pack_qty"": 12}",none,7.28,supermarket
N201353,Bluebell blueberry muffin 2 L pack of 1,Bakery,"{""brand"": ""Bluebell"", ""size"": ""2 L"", ""pack_qty"": 1}",gluten;egg,3.5,supermarket
N202283,Orchard mixed berries 6 pk pack of 2,Frozen,"{""brand"": ""Orchard"", ""size"": ""6 pk"", ""pack_qty"": 2}",gluten;fish,20.79,supermarket
N202868,Bluebell cold brew 1 L pack of 4,Beverages,"{""brand"": ""Bluebell"", ""size"": ""1 L"", ""pack_qty"": 4}",none,0.75,supermarket
N200085,Bluebell trail mix 750 g pack of 6,Snacks,"{""brand"": ""Bluebell"", ""size"": ""750 g"", ""pack_qty"": 6}",nuts;milk,18.78,express
N202413,Northfield salted crisps 250 ml pack of 6,UNKNOWN_CAT,"{""brand"": ""Northfield"", ""size"": ""250 ml"", ""pack_qty"": 6}",nuts;milk,3.01,online
N200000,Northfield salted butter 2 L pack of 4,Dairy,"{""brand"": ""Northfield"", ""size"": ""2 L"", ""pack_qty"": 4}",milk,20.66,supermarket
N202280,Bluebell greek yogurt 1 kg pack of 12,Dairy,"{""brand"": ""Bluebell"", ""size"": ""1 kg"", ""pack_qty"": 12}",milk,22.28,express
N201009,Northfield sourdough loaf 250 ml pack of 1,Bakery,"{""brand"": ""Northfield"", ""size"": ""250 ml"", ""pack_qty"": 1}",gluten;egg,17.04,supermarket
N200371,Bluebell mixed berries 250 ml pack of 12,Frozen,"{""brand"": ""Bluebell"", ""size"": ""250 ml"", ""pack_qty"": 12}",gluten;fish,13.68,supermarket
N201509,Harvest tortilla chips 6 pk pack of 1,Snacks,"{""brand"": ""Harvest"", ""size"": ""6 pk"", ""pack_qty"": 1}",nuts;milk,5.11,express
N200016,Orchard cheddar cheese 330 ml pack of 4,Dairy,"{""brand"": ""Orchard"", ""size"": ""330 ml"", ""pack_qty"": 4}",milk,3.7,supermarket
N201053,Northfield trail mix 1 L pack of 2,Snacks,"{""brand"": ""Northfield"", ""size"": ""1 L"", ""pack_qty"": 2}",nuts;milk,14.92,online
N201070,Northfield bin liners 1 kg pack of 2,Household,"{""brand"": ""Northfield"", ""size"": ""1 kg"", ""pack_qty"": 2}",none,21.08,online
N202714,Valley banana bunch 250 ml pack of 6,Produce,"{""brand"": ""Valley"", ""size"": ""250 ml"", ""pack_qty"": 6}",none,15.42,express
N200572,Bluebell cola zero 1 L pack of 6,Beverages,"{""brand"": ""Bluebell"", ""size"": ""1 L"", ""pack_qty"": 6}",none,3.14,express
N202392,Harvest greek yogurt 6 pk pack of 4,Dairy,"{""brand"": ""Harvest"", ""size"": ""6 pk"", ""pack_qty"": 4}",milk,15.4,express
N200129,Meadow butter croissant 2 L pack of 4,Bakery,"{""brand"": ""Meadow"", ""size"": ""2 L"", ""pack_qty"": 4}",gluten;egg,2.56,supermarket
N202317,Orchard trail mix 1 L pack of 6,Snacks,"{""brand"": ""Orchard"", ""size"": ""1 L"", ""pack_qty"": 6}",nuts;milk,22.74,supermarket
N200613,Meadow trail mix 500 g pack of 12,Snacks,"{""brand"": ""Meadow"", ""size"": ""500 g"", ""pack_qty"": 12}",nuts;milk,18.57,online
N201464,Bluebell cheddar cheese 330 ml pack of 1,Dairy,"{""brand"": ""Bluebell"", ""size"": ""330 ml"", ""pack_qty"": 1}",milk,10.77,supermarket
N202921,Bluebell blueberry muffin 2 L pack of 4,Bakery,"{""brand"": ""Bluebell"", ""size"": ""2 L"", ""pack_qty"": 4}",gluten;egg,17.82,online
N201884,Meadow cola zero 750 g pack of 2,Beverages,"{""brand"": ""Meadow"", ""size"": ""750 g"", ""pack_qty"": 2}",none,6.17,online
N202142,Bluebell laundry pods 330 ml pack of 6,Household,"{""brand"": ""Bluebell"", ""size"": ""330 ml"", ""pack_qty"": 6}",none,0.97,supermarket
N201492,Meadow orange juice 250 ml pack of 1,Beverages,"{""brand"": ""Meadow"", ""size"": ""250 ml"", ""pack_qty"": 1}",none,11.74,online
N202967,Bluebell shampoo daily 1 L pack of 1,Personal Care,"{""brand"": ""Bluebell"", ""size"": ""1 L"", ""pack_qty"": 1}",none,14.6,express
N202828,Valley oat drink 1 L pack of 12,Beverages,"{""brand"": ""Valley"", ""size"": ""1 L"", ""pack_qty"": 12}",none,5.72,express
N200627,Orchard garden peas 750 g pack of 1,Frozen,"{""brand"": ""Orchard"", ""size"": ""750 g"", ""pack_qty"": 1}",gluten;fish,12.49,supermarket
N200195,Northfield fish fingers 250 ml pack of 12,Frozen,"{""brand"": ""Northfield"", ""size"": ""250 ml"", ""pack_qty"": 12}",gluten;fish,8.5,express
N200185,Orchard wholemeal bread 2 L pack of 4,Bakery,"{""brand"": ""Orchard"", ""size"": ""2 L"", ""pack_qty"": 4}",gluten;egg,9.87,supermarket
N201356,Orchard cold brew 330 ml pack of 6,Beverages,"{""brand"": ""Orchard"", ""size"": ""330 ml"", ""pack_qty"": 6}",none,20.91,online
N202290,Orchard banana bunch 330 ml pack of 6,Produce,"{""brand"": ""Orchard"", ""size"": ""330 ml"", ""pack_qty"": 6}",none,17.15,supermarket
N201103,Valley razor blades 500 g pack of 12,Personal Care,"{""brand"": ""Valley"", ""size"": ""500 g"", ""pack_qty"": 12}",none,8.51,online
N202503N,ORCHARD SHAMPOO DAILY 500 G PACK OF 12  ,Personal Care,"{""brand"": ""Orchard"", ""size"": ""500 g"", ""pack_qty"": 12}",none,16.11,supermarket
N202091,Valley vanilla icecream 1 L pack of 2,Frozen,"{""brand"": ""Valley"", ""size"": ""1 L"", ""pack_qty"": 2}",gluten;fish,1.27,supermarket
N202995,Bluebell mixed berries 2 L pack of 12,Frozen,"{""brand"": ""Bluebell"", ""size"": ""2 L"", ""pack_qty"": 12}",gluten;fish,15.39,supermarket
N200801,Orchard blueberry muffin 500 g pack of 2,Bakery,"{""brand"": ""Orchard"", ""size"": ""500 g"", ""pack_qty"": 2}",gluten;egg,8.16,supermarket
N201896,Valley whole milk 6 pk pack of 6,Dairy,"{""brand"": ""Valley"", ""size"": ""6 pk"", ""pack_qty"": 6}",milk,19.14,supermarket
N200205,Northfield trail mix 2 L pack of 2,Snacks,"{""brand"": ""Northfield"", ""size"": ""2 L"", ""pack_qty"": 2}",nuts;milk,12.5,online
N200400,Bluebell cheddar cheese 6 pk pack of 1,Dairy,"{""brand"": ""Bluebell"", ""size"": ""6 pk"", ""pack_qty"": 1}",milk,23.26,supermarket
N202409,Northfield butter croissant 6 pk pack of 4,Bakery,"{""brand"": ""Northfield"", ""size"": ""6 pk"", ""pack_qty"": 4}",gluten;egg,18.41,express
N200091,Harvest vanilla icecream 6 pk pack of 6,Frozen,"{""brand"": ""Harvest"", ""size"": ""6 pk"", ""pack_qty"": 6}",gluten;fish,11.75,online
N201316,Meadow cola zero 6 pk pack of 2,Beverages,"{""brand"": ""Meadow"", ""size"": ""6 pk"", ""pack_qty"": 2}",none,2.91,supermarket
N201629,Northfield tortilla chips 500 g pack of 12,Snacks,"{""brand"": ""Northfield"", ""size"": ""500 g"", ""pack_qty"": 12}",nuts;milk,13.06,online
N201174,Valley laundry pods 1 L pack of 2,Household,"{""brand"": ""Valley"", ""size"": ""1 L"", ""pack_qty"": 2}",none,19.93,online
N201484,Northfield cola zero 500 g pack of 12,Beverages,"{""brand"": ""Northfield"", ""size"": ""500 g"", ""pack_qty"": 12}",none,10.86,supermarket
N200082,Northfield banana bunch 6 pk pack of 4,Produce,"{""brand"": ""Northfield"", ""size"": ""6 pk"", ""pack_qty"": 4}",none,2.8,supermarket
N201111,Meadow hand soap 1 L pack of 4,Personal Care,"{""brand"": ""Meadow"", ""size"": ""1 L"", ""pack_qty"": 4}",none,16.05,supermarket
N202801,Bluebell wholemeal bread 1 kg pack of 1,Bakery,"{""brand"": ""Bluebell"", ""size"": ""1 kg"", ""pack_qty"": 1}",gluten;egg,16.69,online
N201165,Orchard salted crisps 1 kg pack of 12,Snacks,"{""brand"": ""Orchard"", ""size"": ""1 kg"", ""pack_qty"": 12}",nuts;milk,9.12,express
N201627,Bluebell garden peas 1 L pack of 1,Frozen,"{""brand"": ""Bluebell"", ""size"": ""1 L"", ""pack_qty"": 1}",gluten;fish,21.66,supermarket
N200272,Harvest greek yogurt 1 L pack of 1,Dairy,"{""brand"": ""Harvest"", ""size"": ""1 L"", ""pack_qty"": 1}",milk,22.58,supermarket
N200339,Valley vanilla icecream 6 pk pack of 12,Frozen,"{""brand"": ""Valley"", ""size"": ""6 pk"", ""pack_qty"": 12}",gluten;fish,15.82,supermarket
N201586,Meadow gala apple 1 L pack of 2,Produce,"{""brand"": ""Meadow"", ""size"": ""1 L"", ""pack_qty"": 2}",none,4.56,supermarket
N202818,Valley avocado ripe 2 L pack of 1,Produce,"{""brand"": ""Valley"", ""size"": ""2 L"", ""pack_qty"": 1}",none,10.4,express
N201945,Meadow blueberry muffin 250 ml pack of 12,Bakery,"{""brand"": ""Meadow"", ""size"": ""250 ml"", ""pack_qty"": 12}",gluten;egg,4.36,online
N201063,Orchard hand soap 330 ml pack of 6,Personal Care,"{""brand"": ""Orchard"", ""size"": ""330 ml"", ""pack_qty"": 6}",none,10.58,online
N200096,Orchard whole milk 330 ml pack of 6,Dairy,"{""brand"": ""Orchard"", ""size"": ""330 ml"", ""pack_qty"": 6}",milk,2.39,express
N201755,Northfield margherita pizza 2 L pack of 2,Frozen,"{""brand"": ""Northfield"", ""size"": ""2 L"", ""pack_qty"": 2}",gluten;fish,15.74,express
N200084,Meadow cola zero 750 g pack of 12,Beverages,"{""brand"": ""Meadow"", ""size"": ""750 g"", ""pack_qty"": 12}",none,23.52,supermarket
N200817,Valley seeded bagel 250 ml pack of 6,Bakery,"{""brand"": ""Valley"", ""size"": ""250 ml"", ""pack_qty"": 6}",gluten;egg,7.9,express
N201254,Northfield laundry pods 330 ml pack of 2,Household,"{""brand"": ""Northfield"", ""size"": ""330 ml"", ""pack_qty"": 2}",none,18.34,supermarket
N201570,Valley banana bunch 6 pk pack of 12,Produce,"{""brand"": ""Valley"", ""size"": ""6 pk"", ""pack_qty"": 12}",none,7.63,supermarket
N201736,Bluebell salted butter 2 L pack of 2,Dairy,"{""brand"": ""Bluebell"", ""size"": ""2 L"", ""pack_qty"": 2}",milk,2.02,supermarket
N200702,Bluebell dish soap 500 g pack of 2,Household,"{""brand"": ""Bluebell"", ""size"": ""500 g"", ""pack_qty"": 2}",none,12.85,online
N201538,Meadow gala apple 1 L pack of 2,Produce,"{""brand"": ""Meadow"", ""size"": ""1 L"", ""pack_qty"": 2}",none,18.79,express
N202999,Valley toothpaste mint 2 L pack of 12,Personal Care,"{""brand"": ""Valley"", ""size"": ""2 L"", ""pack_qty"": 12}",none,18.6,express
N202362,Meadow gala apple 2 L pack of 6,Produce,"{""brand"": ""Meadow"", ""size"": ""2 L"", ""pack_qty"": 6}",none,8.64,online
N200884,Northfield cold brew 6 pk pack of 1,Beverages,"{""brand"": ""Northfield"", ""size"": ""6 pk"", ""pack_qty"": 1}",none,2.37,supermarket
N200636,Valley oat drink 330 ml pack of 1,Beverages,"{""brand"": ""Valley"", ""size"": ""330 ml"", ""pack_qty"": 1}",none,1.31,supermarket
N201976,Meadow greek yogurt 500 g pack of 6,Dairy,"{""brand"": ""Meadow"", ""size"": ""500 g"", ""pack_qty"": 6}",milk,7.01,online
N200619,Meadow mixed berries 250 ml pack of 6,Frozen,"{""brand"": ""Meadow"", ""size"": ""250 ml"", ""pack_qty"": 6}",gluten;fish,12.26,supermarket
N202681,Meadow sourdough loaf 250 ml pack of 6,Bakery,"{""brand"": ""Meadow"", ""size"": ""250 ml"", ""pack_qty"": 6}",gluten;egg,21.33,express
N202603,Meadow garden peas 1 L pack of 6,Frozen,"{""brand"": ""Meadow"", ""size"": ""1 L"", ""pack_qty"": 6}",gluten;fish,11.6,express
N201507,Valley mixed berries 750 g pack of 12,Frozen,"{""brand"": ""Valley"", ""size"": ""750 g"", ""pack_qty"": 12}",gluten;fish,17.38,express
N201834,Orchard cherry tomato 500 g pack of 2,Produce,"{""brand"": ""Orchard"", ""size"": ""500 g"", ""pack_qty"": 2}",none,12.86,online
N201943,Valley toothpaste mint 2 L pack of 2,Personal Care,"{""brand"": ""Valley"", ""size"": ""2 L"", ""pack_qty"": 2}",none,9.36,express
N202245,Harvest rice cakes 750 g pack of 1,Snacks,"{""brand"": ""Harvest"", ""size"": ""750 g"", ""pack_qty"": 1}",nuts;milk,14.86,online
N200638,Bluebell glass cleaner 6 pk pack of 6,Household,"{""brand"": ""Bluebell"", ""size"": ""6 pk"", ""pack_qty"": 6}",none,21.08,express
N200851,Bluebell vanilla icecream 6 pk pack of 1,Frozen,"{""brand"": ""Bluebell"", ""size"": ""6 pk"", ""pack_qty"": 1}",gluten;fish,6.97,express
N202469,Meadow dark chocolate 500 g pack of 1,Snacks,"{""brand"": ""Meadow"", ""size"": ""500 g"", ""pack_qty"": 1}",nuts;milk,7.99,supermarket
N201385,Orchard butter croissant 1 kg pack of 6,Bakery,"{""brand"": ""Orchard"", ""size"": ""1 kg"", ""pack_qty"": 6}",gluten;egg,5.16,online
N200978,Northfield baby spinach 1 L pack of 1,Produce,"{""brand"": ""Northfield"", ""size"": ""1 L"", ""pack_qty"": 1}",none,12.88,online
N200140,Orchard oat drink 330 ml pack of 6,Beverages,"{""brand"": ""Orchard"", ""size"": ""330 ml"", ""pack_qty"": 6}",none,15.8,express
N201615,Orchard shampoo daily 1 L pack of 2,Personal Care,"{""brand"": ""Orchard"", ""size"": ""1 L"", ""pack_qty"": 2}",none,5.19,supermarket
N201336,Northfield whole milk 250 ml pack of 1,Dairy,"{""brand"": ""Northfield"", ""size"": ""250 ml"", ""pack_qty"": 1}",milk,2.23,online
N200048,Meadow greek yogurt 1 kg pack of 12,Dairy,"{""brand"": ""Meadow"", ""size"": ""1 kg"", ""pack_qty"": 12}",milk,7.27,express
N201051,Harvest mixed berries 500 g pack of 1,Frozen,"{""brand"": ""Harvest"", ""size"": ""500 g"", ""pack_qty"": 1}",gluten;fish,4.44,online
N200950,Harvest glass cleaner 6 pk pack of 4,Household,"{""brand"": ""Harvest"", ""size"": ""6 pk"", ""pack_qty"": 4}",none,20.43,online
N201963,Bluebell fish fingers 330 ml pack of 2,Frozen,"{""brand"": ""Bluebell"", ""size"": ""330 ml"", ""pack_qty"": 2}",gluten;fish,8.66,express
N202767,Northfield razor blades 500 g pack of 4,Personal Care,"{""brand"": ""Northfield"", ""size"": ""500 g"", ""pack_qty"": 4}",none,20.77,online
N201391,Valley razor blades 2 L pack of 2,Personal Care,"{""brand"": ""Valley"", ""size"": ""2 L"", ""pack_qty"": 2}",none,6.17,express
N202289,Bluebell sourdough loaf 2 L pack of 1,Bakery,"{""brand"": ""Bluebell"", ""size"": ""2 L"", ""pack_qty"": 1}",gluten;egg,0.45,express
N202076,Meadow sparkling water 1 L pack of 6,Beverages,"{""brand"": ""Meadow"", ""size"": ""1 L"", ""pack_qty"": 6}",none,21.94,online
N200959,Orchard razor blades 250 ml pack of 4,Personal Care,"{""brand"": ""Orchard"", ""size"": ""250 ml"", ""pack_qty"": 4}",none,16.14,online
N202973,Harvest salted crisps 750 g pack of 4,Snacks,"{""brand"": ""Harvest"", ""size"": ""750 g"", ""pack_qty"": 4}",nuts;milk,15.67,online
N200012,Orchard oat drink 500 g pack of 2,Beverages,"{""brand"": ""Orchard"", ""size"": ""500 g"", ""pack_qty"": 2}",none,20.04,express
N201833,Northfield sourdough loaf 250 ml pack of 2,Bakery,"{""brand"": ""Northfield"", ""size"": ""250 ml"", ""pack_qty"": 2}",gluten;egg,21.12,supermarket
N201034,Harvest avocado ripe 330 ml pack of 6,Produce,"{""brand"": ""Harvest"", ""size"": ""330 ml"", ""pack_qty"": 6}",none,6.95,online
N200985,Bluebell wholemeal bread 1 L pack of 12,Bakery,"{""brand"": ""Bluebell"", ""size"": ""1 L"", ""pack_qty"": 12}",gluten;egg,16.73,online
N201920,Meadow greek yogurt 500 g pack of 2,Dairy,"{""brand"": ""Meadow"", ""size"": ""500 g"", ""pack_qty"": 2}",milk,10.27,supermarket
N200173,Bluebell trail mix 750 g pack of 1,Snacks,"{""brand"": ""Bluebell"", ""size"": ""750 g"", ""pack_qty"": 1}",nuts;milk,17.68,supermarket
N201781,Harvest trail mix 1 L pack of 1,Snacks,"{""brand"": ""Harvest"", ""size"": ""1 L"", ""pack_qty"": 1}",nuts;milk,10.33,supermarket
N202517,Meadow tortilla chips 750 g pack of 2,Snacks,"{""brand"": ""Meadow"", ""size"": ""750 g"", ""pack_qty"": 2}",nuts;milk,14.24,online
N202320,Valley greek yogurt 6 pk pack of 4,Dairy,"{""brand"": ""Valley"", ""size"": ""6 pk"", ""pack_qty"": 4}",milk,17.17,online
N201373,Bluebell salted crisps 250 ml pack of 6,Snacks,"{""brand"": ""Bluebell"", ""size"": ""250 ml"", ""pack_qty"": 6}",nuts;milk,10.7,express
N202721,Orchard seeded bagel 500 g pack of 12,Bakery,"{""brand"": ""Orchard"", ""size"": ""500 g"", ""pack_qty"": 12}",gluten;egg,12.41,express
N202844,Harvest oat drink 330 ml pack of 4,Beverages,"{""brand"": ""Harvest"", ""size"": ""330 ml"", ""pack_qty"": 4}",none,17.97,supermarket
N202117,Harvest tortilla chips 750 g pack of 2,Snacks,"{""brand"": ""Harvest"", ""size"": ""750 g"", ""pack_qty"": 2}",nuts;milk,2.65,online
N201047,Harvest toothpaste mint 250 ml pack of 2,Personal Care,"{""brand"": ""Harvest"", ""size"": ""250 ml"", ""pack_qty"": 2}",none,3.43,supermarket
N200329,Meadow seeded bagel 500 g pack of 2,Bakery,"{""brand"": ""Meadow"", ""size"": ""500 g"", ""pack_qty"": 2}",gluten;egg,13.0,supermarket
N200606,Bluebell dish soap 1 L pack of 2,Household,"{""brand"": ""Bluebell"", ""size"": ""1 L"", ""pack_qty"": 2}",none,4.95,online
N200386,Harvest avocado ripe 500 g pack of 2,Produce,"{""brand"": ""Harvest"", ""size"": ""500 g"", ""pack_qty"": 2}",none,7.57,online
N200561,Northfield blueberry muffin 2 L pack of 6,Bakery,"{""brand"": ""Northfield"", ""size"": ""2 L"", ""pack_qty"": 6}",gluten;egg,17.62,supermarket
N200302,Bluebell paper towel 6 pk pack of 4,Household,"{""brand"": ""Bluebell"", ""size"": ""6 pk"", ""pack_qty"": 4}",none,16.95,online
N202927,Harvest hand soap 750 g pack of 12,Personal Care,"{""brand"": ""Harvest"", ""size"": ""750 g"", ""pack_qty"": 12}",none,9.58,supermarket
N202951,Valley shampoo daily 6 pk pack of 6,Personal Care,"{""brand"": ""Valley"", ""size"": ""6 pk"", ""pack_qty"": 6}",none,20.35,express
N202695,Orchard body lotion 250 ml pack of 12,Personal Care,"{""brand"": ""Orchard"", ""size"": ""250 ml"", ""pack_qty"": 12}",none,13.51,online
N201530,Harvest avocado ripe 2 L pack of 4,Produce,"{""brand"": ""Harvest"", ""size"": ""2 L"", ""pack_qty"": 4}",none,10.23,express
N200346,Northfield avocado ripe 1 L pack of 4,Produce,"{""brand"": ""Northfield"", ""size"": ""1 L"", ""pack_qty"": 4}",none,9.49,online
N200355,Valley fish fingers 500 g pack of 4,Frozen,"{""brand"": ""Valley"", ""size"": ""500 g"", ""pack_qty"": 4}",gluten;fish,6.65,express
N201462,Bluebell bin liners 6 pk pack of 1,Household,"{""brand"": ""Bluebell"", ""size"": ""6 pk"", ""pack_qty"": 1}",none,12.35,online
N202745,Orchard butter croissant 6 pk pack of 2,Bakery,"{""brand"": ""Orchard"", ""size"": ""6 pk"", ""pack_qty"": 2}",gluten;egg,22.66,express
N201819,Valley fish fingers 1 kg pack of 2,Frozen,"{""brand"": ""Valley"", ""size"": ""1 kg"", ""pack_qty"": 2}",gluten;fish,16.97,express
N201703,Northfield shampoo daily 1 kg pack of 12,Personal Care,"{""brand"": ""Northfield"", ""size"": ""1 kg"", ""pack_qty"": 12}",none,7.73,express
N202670,Northfield laundry pods 500 g pack of 2,Household,"{""brand"": ""Northfield"", ""size"": ""500 g"", ""pack_qty"": 2}",none,20.07,online
N202576,Harvest salted butter 500 g pack of 2,Dairy,"{""brand"": ""Harvest"", ""size"": ""500 g"", ""pack_qty"": 2}",milk,17.18,online
N200796,Harvest oat drink 2 L pack of 4,Beverages,"{""brand"": ""Harvest"", ""size"": ""2 L"", ""pack_qty"": 4}",none,22.47,express
N200045,Orchard rice cakes 2 L pack of 12,Snacks,"{""brand"": ""Orchard"", ""size"": ""2 L"", ""pack_qty"": 12}",nuts;milk,2.94,online
N201347,Orchard garden peas 1 kg pack of 12,Frozen,"{""brand"": ""Orchard"", ""size"": ""1 kg"", ""pack_qty"": 12}",gluten;fish,14.33,express
N200217,Valley seeded bagel 2 L pack of 1,Bakery,"{""brand"": ""Valley"", ""size"": ""2 L"", ""pack_qty"": 1}",gluten;egg,1.52,supermarket
N200603,Orchard mixed berries 330 ml pack of 6,Frozen,"{""brand"": ""Orchard"", ""size"": ""330 ml"", ""pack_qty"": 6}",gluten;fish,14.87,supermarket
N200883,Meadow garden peas 6 pk pack of 1,Frozen,"{""brand"": ""Meadow"", ""size"": ""6 pk"", ""pack_qty"": 1}",gluten;fish,23.16,online
N200453,Meadow trail mix 1 L pack of 12,Snacks,"{""brand"": ""Meadow"", ""size"": ""1 L"", ""pack_qty"": 12}",nuts;milk,7.39,express
N202558,Harvest glass cleaner 2 L pack of 4,Household,"{""brand"": ""Harvest"", ""size"": ""2 L"", ""pack_qty"": 4}",none,9.18,supermarket
N202463,Meadow shampoo daily 330 ml pack of 1,Personal Care,"{""brand"": ""Meadow"", ""size"": ""330 ml"", ""pack_qty"": 1}",none,16.44,supermarket
N201911,Orchard hand soap 250 ml pack of 4,Personal Care,"{""brand"": ""Orchard"", ""size"": ""250 ml"", ""pack_qty"": 4}",none,1.79,express
N201228,Meadow cold brew 1 L pack of 6,Beverages,"{""brand"": ""Meadow"", ""size"": ""1 L"", ""pack_qty"": 6}",none,11.53,supermarket
N202736,Orchard whole milk 1 kg pack of 6,Dairy,"{""brand"": ""Orchard"", ""size"": ""1 kg"", ""pack_qty"": 6}",milk,3.23,express
N200529,Meadow seeded bagel 330 ml pack of 1,Bakery,"{""brand"": ""Meadow"", ""size"": ""330 ml"", ""pack_qty"": 1}",gluten;egg,20.45,online
N202548,Harvest cola zero 6 pk pack of 6,Beverages,"{""brand"": ""Harvest"", ""size"": ""6 pk"", ""pack_qty"": 6}",none,10.08,express
N200327,Valley toothpaste mint 1 L pack of 2,Personal Care,"{""brand"": ""Valley"", ""size"": ""1 L"", ""pack_qty"": 2}",none,19.31,online
N201959,Harvest shampoo daily 1 L pack of 4,Personal Care,"{""brand"": ""Harvest"", ""size"": ""1 L"", ""pack_qty"": 4}",none,3.05,supermarket
N202580,Valley sparkling water 330 ml pack of 12,Beverages,"{""brand"": ""Valley"", ""size"": ""330 ml"", ""pack_qty"": 12}",none,9.8,supermarket
N201840,Bluebell cheddar cheese 2 L pack of 12,Dairy,"{""brand"": ""Bluebell"", ""size"": ""2 L"", ""pack_qty"": 12}",milk,20.18,online
N201799,Bluebell razor blades 2 L pack of 6,Personal Care,"{""brand"": ""Bluebell"", ""size"": ""2 L"", ""pack_qty"": 6}",none,23.18,supermarket
N202448,Bluebell salted butter 1 kg pack of 6,Dairy,"{""brand"": ""Bluebell"", ""size"": ""1 kg"", ""pack_qty"": 6}",milk,15.22,online
N200476N,HARVEST COLA ZERO 500 G PACK OF 2  ,Beverages,"{""brand"": ""Harvest"", ""size"": ""500 g"", ""pack_qty"": 2}",none,1.59,online
N201375,Orchard toothpaste mint 6 pk pack of 6,Personal Care,"{""brand"": ""Orchard"", ""size"": ""6 pk"", ""pack_qty"": 6}",none,0.78,express
N200938,Northfield gala apple 1 kg pack of 1,Produce,"{""brand"": ""Northfield"", ""size"": ""1 kg"", ""pack_qty"": 1}",none,15.47,supermarket
N200894,Bluebell glass cleaner 500 g pack of 4,Household,"{""brand"": ""Bluebell"", ""size"": ""500 g"", ""pack_qty"": 4}",none,21.67,express
N202696,Meadow greek yogurt 330 ml pack of 6,Dairy,"{""brand"": ""Meadow"", ""size"": ""330 ml"", ""pack_qty"": 6}",milk,12.62,express
N202247,Bluebell body lotion 250 ml pack of 2,Personal Care,"{""brand"": ""Bluebell"", ""size"": ""250 ml"", ""pack_qty"": 2}",none,4.75,supermarket
N202536,Meadow double cream 500 g pack of 6,Dairy,"{""brand"": ""Meadow"", ""size"": ""500 g"", ""pack_qty"": 6}",milk,4.46,express
N201247,Bluebell hand soap 500 g pack of 2,Personal Care,"{""brand"": ""Bluebell"", ""size"": ""500 g"", ""pack_qty"": 2}",none,14.29,express
N202528,Bluebell salted butter 1 kg pack of 12,Dairy,"{""brand"": ""Bluebell"", ""size"": ""1 kg"", ""pack_qty"": 12}",milk,9.63,supermarket
N202562,Valley banana bunch 2 L pack of 12,Produce,"{""brand"": ""Valley"", ""size"": ""2 L"", ""pack_qty"": 12}",none,13.01,express
N200797,Valley trail mix 750 g pack of 6,Snacks,"{""brand"": ""Valley"", ""size"": ""750 g"", ""pack_qty"": 6}",nuts;milk,17.86,supermarket
N201829,Harvest salted crisps 500 g pack of 1,Snacks,"{""brand"": ""Harvest"", ""size"": ""500 g"", ""pack_qty"": 1}",nuts;milk,4.99,express
N202904,Northfield whole milk 750 g pack of 12,Dairy,"{""brand"": ""Northfield"", ""size"": ""750 g"", ""pack_qty"": 12}",milk,21.79,express
N201821,Bluebell tortilla chips 1 L pack of 6,Snacks,"{""brand"": ""Bluebell"", ""size"": ""1 L"", ""pack_qty"": 6}",nuts;milk,7.39,supermarket
N202687,Bluebell toothpaste mint 330 ml pack of 6,Personal Care,"{""brand"": ""Bluebell"", ""size"": ""330 ml"", ""pack_qty"": 6}",none,3.39,express
N202230,Bluebell bin liners 330 ml pack of 6,Household,"{""brand"": ""Bluebell"", ""size"": ""330 ml"", ""pack_qty"": 6}",none,8.41,supermarket
N201566,Northfield dish soap 250 ml pack of 2,Household,"{""brand"": ""Northfield"", ""size"": ""250 ml"", ""pack_qty"": 2}",none,9.04,supermarket
N200933,Harvest trail mix 1 kg pack of 12,Snacks,"{""brand"": ""Harvest"", ""size"": ""1 kg"", ""pack_qty"": 12}",nuts;milk,22.86,online
N201935,Valley razor blades 6 pk pack of 1,Personal Care,"{""brand"": ""Valley"", ""size"": ""6 pk"", ""pack_qty"": 1}",none,9.49,express
N202233,Harvest sourdough loaf 330 ml pack of 2,Bakery,"{""brand"": ""Harvest"", ""size"": ""330 ml"", ""pack_qty"": 2}",gluten;egg,23.36,express
N202579,Bluebell garden peas 750 g pack of 12,Frozen,"{""brand"": ""Bluebell"", ""size"": ""750 g"", ""pack_qty"": 12}",gluten;fish,2.27,supermarket
N201156,Orchard sparkling water 1 L pack of 2,Beverages,"{""brand"": ""Orchard"", ""size"": ""1 L"", ""pack_qty"": 2}",none,9.05,supermarket
N202737,Northfield wholemeal bread 2 L pack of 2,Bakery,"{""brand"": ""Northfield"", ""size"": ""2 L"", ""pack_qty"": 2}",gluten;egg,5.7,supermarket
N202793,Northfield butter croissant 500 g pack of 2,Bakery,"{""brand"": ""Northfield"", ""size"": ""500 g"", ""pack_qty"": 2}",gluten;egg,16.76,express
N202812,Meadow orange juice 6 pk pack of 6,Beverages,"{""brand"": ""Meadow"", ""size"": ""6 pk"", ""pack_qty"": 6}",none,5.36,express
N201258,Orchard banana bunch 750 g pack of 4,Produce,"{""brand"": ""Orchard"", ""size"": ""750 g"", ""pack_qty"": 4}",none,14.45,express
N202533,Valley dark chocolate 500 g pack of 12,Snacks,"{""brand"": ""Valley"", ""size"": ""500 g"", ""pack_qty"": 12}",nuts;milk,9.92,express
N200296,Valley greek yogurt 2 L pack of 4,Dairy,"{""brand"": ""Valley"", ""size"": ""2 L"", ""pack_qty"": 4}",milk,10.79,supermarket
N200373,Meadow salted crisps 330 ml pack of 1,Snacks,"{""brand"": ""Meadow"", ""size"": ""330 ml"", ""pack_qty"": 1}",nuts;milk,1.64,online
N201004,Valley cola zero 6 pk pack of 6,Beverages,"{""brand"": ""Valley"", ""size"": ""6 pk"", ""pack_qty"": 6}",none,14.78,online
N200560,Meadow salted butter 250 ml pack of 4,Dairy,"{""brand"": ""Meadow"", ""size"": ""250 ml"", ""pack_qty"": 4}",milk,13.9,express
N200607,Valley hand soap 250 ml pack of 12,Personal Care,"{""brand"": ""Valley"", ""size"": ""250 ml"", ""pack_qty"": 12}",none,8.14,express
N201427,Orchard fish fingers 1 kg pack of 12,Frozen,"{""brand"": ""Orchard"", ""size"": ""1 kg"", ""pack_qty"": 12}",gluten;fish,11.52,supermarket
N200466,Bluebell avocado ripe 330 ml pack of 6,Produce,"{""brand"": ""Bluebell"", ""size"": ""330 ml"", ""pack_qty"": 6}",none,16.69,supermarket
N201474,Northfield banana bunch 6 pk pack of 12,Produce,"{""brand"": ""Northfield"", ""size"": ""6 pk"", ""pack_qty"": 12}",none,22.57,express
N202164,Northfield orange juice 6 pk pack of 12,Beverages,"{""brand"": ""Northfield"", ""size"": ""6 pk"", ""pack_qty"": 12}",none,21.7,express
N202196,Bluebell cold brew 1 L pack of 6,Beverages,"{""brand"": ""Bluebell"", ""size"": ""1 L"", ""pack_qty"": 6}",none,9.23,express
N201771,Valley mixed berries 6 pk pack of 1,Frozen,"{""brand"": ""Valley"", ""size"": ""6 pk"", ""pack_qty"": 1}",gluten;fish,12.16,express
N202845,Northfield salted crisps 250 ml pack of 1,Snacks,"{""brand"": ""Northfield"", ""size"": ""250 ml"", ""pack_qty"": 1}",nuts;milk,11.25,express
N201580,Bluebell sparkling water 250 ml pack of 12,Beverages,"{""brand"": ""Bluebell"", ""size"": ""250 ml"", ""pack_qty"": 12}",none,12.64,online
N201982,Meadow laundry pods 2 L pack of 1,Household,"{""brand"": ""Meadow"", ""size"": ""2 L"", ""pack_qty"": 1}",none,6.79,supermarket
N201270,Meadow laundry pods 2 L pack of 2,Household,"{""brand"": ""Meadow"", ""size"": ""2 L"", ""pack_qty"": 2}",none,11.95,supermarket
N201135,Orchard body lotion 1 kg pack of 4,Personal Care,"{""brand"": ""Orchard"", ""size"": ""1 kg"", ""pack_qty"": 4}",none,5.17,supermarket
N202761,Meadow butter croissant 500 g pack of 12,Bakery,"{""brand"": ""Meadow"", ""size"": ""500 g"", ""pack_qty"": 12}",gluten;egg,23.19,online
N202085,Northfield rice cakes 6 pk pack of 2,Snacks,"{""brand"": ""Northfield"", ""size"": ""6 pk"", ""pack_qty"": 2}",nuts;milk,11.17,express
N201390,Meadow dish soap 330 ml pack of 2,Household,"{""brand"": ""Meadow"", ""size"": ""330 ml"", ""pack_qty"": 2}",none,6.01,supermarket
N201257,Bluebell blueberry muffin 750 g pack of 6,Bakery,"{""brand"": ""Bluebell"", ""size"": ""750 g"", ""pack_qty"": 6}",gluten;egg,0.86,online
N202383,Northfield toothpaste mint 330 ml pack of 2,Personal Care,"{""brand"": ""Northfield"", ""size"": ""330 ml"", ""pack_qty"": 2}",none,8.77,online
N202071,Bluebell razor blades 330 ml pack of 6,Personal Care,"{""brand"": ""Bluebell"", ""size"": ""330 ml"", ""pack_qty"": 6}",none,12.53,express
N201333,Valley rice cakes 750 g pack of 12,Snacks,"{""brand"": ""Valley"", ""size"": ""750 g"", ""pack_qty"": 12}",nuts;milk,21.05,express
N202650,Northfield gala apple 2 L pack of 12,Produce,"{""brand"": ""Northfield"", ""size"": ""2 L"", ""pack_qty"": 12}",none,1.5,express
N200540,Northfield sparkling water 500 g pack of 6,Beverages,"{""brand"": ""Northfield"", ""size"": ""500 g"", ""pack_qty"": 6}",none,13.47,supermarket
N201401,Meadow sourdough loaf 2 L pack of 12,Bakery,"{""brand"": ""Meadow"", ""size"": ""2 L"", ""pack_qty"": 12}",gluten;egg,21.15,express
N201571,Northfield margherita pizza 1 L pack of 12,Frozen,"{""brand"": ""Northfield"", ""size"": ""1 L"", ""pack_qty"": 12}",gluten;fish,12.36,supermarket
N201596,Harvest cold brew 500 g pack of 2,Beverages,"{""brand"": ""Harvest"", ""size"": ""500 g"", ""pack_qty"": 2}",none,11.95,online
N200207,Northfield toothpaste mint 500 g pack of 1,Personal Care,"{""brand"": ""Northfield"", ""size"": ""500 g"", ""pack_qty"": 1}",none,1.95,supermarket
N200143,Bluebell hand soap 6 pk pack of 1,Personal Care,"{""brand"": ""Bluebell"", ""size"": ""6 pk"", ""pack_qty"": 1}",none,12.29,online
N201105,Harvest sourdough loaf 330 ml pack of 6,Bakery,"{""brand"": ""Harvest"", ""size"": ""330 ml"", ""pack_qty"": 6}",gluten;egg,9.15,express
N201955,Bluebell garden peas 1 L pack of 2,Frozen,"{""brand"": ""Bluebell"", ""size"": ""1 L"", ""pack_qty"": 2}",gluten;fish,2.28,express
N200569,Bluebell seeded bagel 1 L pack of 2,Bakery,"{""brand"": ""Bluebell"", ""size"": ""1 L"", ""pack_qty"": 2}",gluten;egg,11.62,supermarket
N202288,Valley double cream 1 kg pack of 4,Dairy,"{""brand"": ""Valley"", ""size"": ""1 kg"", ""pack_qty"": 4}",milk,23.2,express
N200121,Northfield seeded bagel 330 ml pack of 12,Bakery,"{""brand"": ""Northfield"", ""size"": ""330 ml"", ""pack_qty"": 12}",gluten;egg,6.03,online
N202502,Valley dish soap 1 kg pack of 2,Household,"{""brand"": ""Valley"", ""size"": ""1 kg"", ""pack_qty"": 2}",none,4.96,online
N202542,Orchard paper towel 6 pk pack of 2,Household,"{""brand"": ""Orchard"", ""size"": ""6 pk"", ""pack_qty"": 2}",none,4.53,supermarket
N201050,Bluebell avocado ripe 1 L pack of 2,Produce,"{""brand"": ""Bluebell"", ""size"": ""1 L"", ""pack_qty"": 2}",none,13.89,supermarket
N200500,Northfield oat drink 1 L pack of 2,Beverages,"{""brand"": ""Northfield"", ""size"": ""1 L"", ""pack_qty"": 2}",none,21.36,online
N200754,Valley gala apple 2 L pack of 6,Produce,"{""brand"": ""Valley"", ""size"": ""2 L"", ""pack_qty"": 6}",none,18.34,online
N200396,Harvest oat drink 330 ml pack of 2,Beverages,"{""brand"": ""Harvest"", ""size"": ""330 ml"", ""pack_qty"": 2}",none,21.71,express
N201795,Valley margherita pizza 500 g pack of 12,Frozen,"{""brand"": ""Valley"", ""size"": ""500 g"", ""pack_qty"": 12}",gluten;fish,13.63,online
N200230N,BLUEBELL DISH SOAP 2 L PACK OF 6  ,Household,"{""brand"": ""Bluebell"", ""size"": ""2 L"", ""pack_qty"": 6}",none,4.48,online
N201540,Harvest cold brew 250 ml pack of 2,Beverages,"{""brand"": ""Harvest"", ""size"": ""250 ml"", ""pack_qty"": 2}",none,23.49,supermarket
N200589,Harvest rice cakes 330 ml pack of 1,Snacks,"{""brand"": ""Harvest"", ""size"": ""330 ml"", ""pack_qty"": 1}",nuts;milk,10.4,supermarket
N200297,Northfield seeded bagel 500 g pack of 2,Bakery,"{""brand"": ""Northfield"", ""size"": ""500 g"", ""pack_qty"": 2}",gluten;egg,15.87,online
N201523,Bluebell fish fingers 2 L pack of 2,Frozen,"{""brand"": ""Bluebell"", ""size"": ""2 L"", ""pack_qty"": 2}",gluten;fish,4.2,supermarket
N200795,Orchard fish fingers 1 L pack of 2,Frozen,"{""brand"": ""Orchard"", ""size"": ""1 L"", ""pack_qty"": 2}",gluten;fish,16.73,supermarket
N200647,Orchard shampoo daily 1 kg pack of 6,Personal Care,"{""brand"": ""Orchard"", ""size"": ""1 kg"", ""pack_qty"": 6}",none,12.38,online
N201459,Northfield mixed berries 1 L pack of 4,Frozen,"{""brand"": ""Northfield"", ""size"": ""1 L"", ""pack_qty"": 4}",gluten;fish,20.15,express
N201242,Valley avocado ripe 2 L pack of 4,Produce,"{""brand"": ""Valley"", ""size"": ""2 L"", ""pack_qty"": 4}",none,20.04,express
N201830,Northfield bin liners 2 L pack of 12,Household,"{""brand"": ""Northfield"", ""size"": ""2 L"", ""pack_qty"": 12}",none,5.33,express
N201320,Harvest greek yogurt 2 L pack of 12,Dairy,"{""brand"": ""Harvest"", ""size"": ""2 L"", ""pack_qty"": 12}",milk,15.47,online
N201691,Meadow fish fingers 1 L pack of 4,Frozen,"{""brand"": ""Meadow"", ""size"": ""1 L"", ""pack_qty"": 4}",gluten;fish,0.62,express
N200972,Valley cold brew 250 ml pack of 12,Beverages,"{""brand"": ""Valley"", ""size"": ""250 ml"", ""pack_qty"": 12}",none,21.12,online
N200912,Harvest cheddar cheese 250 ml pack of 6,Dairy,"{""brand"": ""Harvest"", ""size"": ""250 ml"", ""pack_qty"": 6}",milk,15.69,online
N200460,Bluebell sparkling water 750 g pack of 6,Beverages,"{""brand"": ""Bluebell"", ""size"": ""750 g"", ""pack_qty"": 6}",none,18.62,express
N201785,Meadow wholemeal bread 330 ml pack of 2,Bakery,"{""brand"": ""Meadow"", ""size"": ""330 ml"", ""pack_qty"": 2}",gluten;egg,20.06,express
N202332,Harvest sparkling water 1 L pack of 2,Beverages,"{""brand"": ""Harvest"", ""size"": ""1 L"", ""pack_qty"": 2}",none,9.4,express
N201251,Meadow fish fingers 500 g pack of 12,Frozen,"{""brand"": ""Meadow"", ""size"": ""500 g"", ""pack_qty"": 12}",gluten;fish,7.95,express
N202768,Valley whole milk 500 g pack of 1,Dairy,"{""brand"": ""Valley"", ""size"": ""500 g"", ""pack_qty"": 1}",milk,10.97,supermarket
N201939,Valley vanilla icecream 2 L pack of 6,Frozen,"{""brand"": ""Valley"", ""size"": ""2 L"", ""pack_qty"": 6}",gluten;fish,20.37,online
N201026,Northfield banana bunch 1 kg pack of 12,Produce,"{""brand"": ""Northfield"", ""size"": ""1 kg"", ""pack_qty"": 12}",none,2.45,supermarket
N201469,Orchard trail mix 1 L pack of 6,Snacks,"{""brand"": ""Orchard"", ""size"": ""1 L"", ""pack_qty"": 6}",nuts;milk,8.22,online
N200548,Harvest cold brew 6 pk pack of 12,Beverages,"{""brand"": ""Harvest"", ""size"": ""6 pk"", ""pack_qty"": 12}",none,12.06,express
N202013,Meadow salted crisps 250 ml pack of 2,Snacks,"{""brand"": ""Meadow"", ""size"": ""250 ml"", ""pack_qty"": 2}",nuts;milk,12.44,supermarket
N200498,Valley avocado ripe 250 ml pack of 6,Produce,"{""brand"": ""Valley"", ""size"": ""250 ml"", ""pack_qty"": 6}",none,15.4,express
N200920,Meadow greek yogurt 330 ml pack of 12,Dairy,"{""brand"": ""Meadow"", ""size"": ""330 ml"", ""pack_qty"": 12}",milk,18.33,supermarket
N202930,Harvest banana bunch 500 g pack of 12,Produce,"{""brand"": ""Harvest"", ""size"": ""500 g"", ""pack_qty"": 12}",none,10.09,express
N201305,Northfield blueberry muffin 330 ml pack of 12,Bakery,"{""brand"": ""Northfield"", ""size"": ""330 ml"", ""pack_qty"": 12}",gluten;egg,7.56,express
N200421,Valley trail mix 330 ml pack of 1,Snacks,"{""brand"": ""Valley"", ""size"": ""330 ml"", ""pack_qty"": 1}",nuts;milk,10.71,express
N201995,Harvest fish fingers 750 g pack of 12,Frozen,"{""brand"": ""Harvest"", ""size"": ""750 g"", ""pack_qty"": 12}",gluten;fish,15.25,supermarket
N200156,Meadow sparkling water 1 L pack of 1,Beverages,"{""brand"": ""Meadow"", ""size"": ""1 L"", ""pack_qty"": 1}",none,18.23,supermarket
N202612,Bluebell sparkling water 500 g pack of 6,Beverages,"{""brand"": ""Bluebell"", ""size"": ""500 g"", ""pack_qty"": 6}",none,1.58,online
N201897,Valley blueberry muffin 500 g pack of 6,Bakery,"{""brand"": ""Valley"", ""size"": ""500 g"", ""pack_qty"": 6}",gluten;egg,5.26,online
N200519,Bluebell razor blades 250 ml pack of 4,Personal Care,"{""brand"": ""Bluebell"", ""size"": ""250 ml"", ""pack_qty"": 4}",none,15.03,express
N202918,Northfield laundry pods 1 kg pack of 6,Household,"{""brand"": ""Northfield"", ""size"": ""1 kg"", ""pack_qty"": 6}",none,13.67,supermarket
N200151,Bluebell hand soap 1 L pack of 6,Personal Care,"{""brand"": ""Bluebell"", ""size"": ""1 L"", ""pack_qty"": 6}",none,17.05,online
N202658,Meadow baby spinach 250 ml pack of 1,Produce,"{""brand"": ""Meadow"", ""size"": ""250 ml"", ""pack_qty"": 1}",none,11.38,express
N200586,Harvest gala apple 500 g pack of 4,Produce,"{""brand"": ""Harvest"", ""size"": ""500 g"", ""pack_qty"": 4}",none,20.29,express
N200259,Valley mixed berries 500 g pack of 2,Frozen,"{""brand"": ""Valley"", ""size"": ""500 g"", ""pack_qty"": 2}",gluten;fish,7.36,supermarket
N202345,Valley seeded bagel 2 L pack of 2,Bakery,"{""brand"": ""Valley"", ""size"": ""2 L"", ""pack_qty"": 2}",gluten;egg,10.52,online
N201494,Northfield paper towel 6 pk pack of 12,Household,"{""brand"": ""Northfield"", ""size"": ""6 pk"", ""pack_qty"": 12}",none,22.0,supermarket
N202601,Bluebell butter croissant 2 L pack of 12,Bakery,"{""brand"": ""Bluebell"", ""size"": ""2 L"", ""pack_qty"": 12}",gluten;egg,5.16,online
N202739,Harvest garden peas 330 ml pack of 12,Frozen,"{""brand"": ""Harvest"", ""size"": ""330 ml"", ""pack_qty"": 12}",gluten;fish,3.63,online
N201684,Orchard orange juice 2 L pack of 6,Beverages,"{""brand"": ""Orchard"", ""size"": ""2 L"", ""pack_qty"": 6}",none,3.15,supermarket
N202890,Northfield baby spinach 2 L pack of 12,Produce,"{""brand"": ""Northfield"", ""size"": ""2 L"", ""pack_qty"": 12}",none,13.21,supermarket
N201399,Harvest razor blades 330 ml pack of 6,Personal Care,"{""brand"": ""Harvest"", ""size"": ""330 ml"", ""pack_qty"": 6}",none,19.1,online
N201622,Meadow laundry pods 1 L pack of 6,Household,"{""brand"": ""Meadow"", ""size"": ""1 L"", ""pack_qty"": 6}",none,9.13,online
N201857,Orchard blueberry muffin 6 pk pack of 1,Bakery,"{""brand"": ""Orchard"", ""size"": ""6 pk"", ""pack_qty"": 1}",gluten;egg,14.07,supermarket
N201438,Bluebell laundry pods 1 L pack of 6,Household,"{""brand"": ""Bluebell"", ""size"": ""1 L"", ""pack_qty"": 6}",none,5.08,express
N200291,Northfield mixed berries 250 ml pack of 2,Frozen,"{""brand"": ""Northfield"", ""size"": ""250 ml"", ""pack_qty"": 2}",gluten;fish,18.09,online
N200927,Northfield razor blades 330 ml pack of 2,Personal Care,"{""brand"": ""Northfield"", ""size"": ""330 ml"", ""pack_qty"": 2}",none,19.33,express
N201073,Valley butter croissant 1 L pack of 2,Bakery,"{""brand"": ""Valley"", ""size"": ""1 L"", ""pack_qty"": 2}",gluten;egg,22.3,supermarket
N201912,Harvest double cream 6 pk pack of 12,Dairy,"{""brand"": ""Harvest"", ""size"": ""6 pk"", ""pack_qty"": 12}",milk,11.17,supermarket
N202734,Northfield bin liners 2 L pack of 1,Household,"{""brand"": ""Northfield"", ""size"": ""2 L"", ""pack_qty"": 1}",none,15.84,express
N202034,Harvest cherry tomato 750 g pack of 2,Produce,"{""brand"": ""Harvest"", ""size"": ""750 g"", ""pack_qty"": 2}",none,0.56,supermarket
N201751,Orchard shampoo daily 500 g pack of 1,Personal Care,"{""brand"": ""Orchard"", ""size"": ""500 g"", ""pack_qty"": 1}",none,15.53,supermarket
N202496,Bluebell cheddar cheese 750 g pack of 2,Dairy,"{""brand"": ""Bluebell"", ""size"": ""750 g"", ""pack_qty"": 2}",milk,18.93,online
N202100,Northfield orange juice 330 ml pack of 1,Beverages,"{""brand"": ""Northfield"", ""size"": ""330 ml"", ""pack_qty"": 1}",none,22.89,online
N202356,Valley orange juice 750 g pack of 1,Beverages,"{""brand"": ""Valley"", ""size"": ""750 g"", ""pack_qty"": 1}",none,9.63,supermarket
N201339,Harvest fish fingers 250 ml pack of 4,Frozen,"{""brand"": ""Harvest"", ""size"": ""250 ml"", ""pack_qty"": 4}",gluten;fish,17.59,online
N200488,Orchard double cream 500 g pack of 2,Dairy,"{""brand"": ""Orchard"", ""size"": ""500 g"", ""pack_qty"": 2}",milk,18.99,express
N202639,Valley toothpaste mint 2 L pack of 1,Personal Care,"{""brand"": ""Valley"", ""size"": ""2 L"", ""pack_qty"": 1}",none,23.08,online
N202790,Northfield laundry pods 6 pk pack of 2,Household,"{""brand"": ""Northfield"", ""size"": ""6 pk"", ""pack_qty"": 2}",none,15.79,express
N202686,Orchard bin liners 250 ml pack of 4,Household,"{""brand"": ""Orchard"", ""size"": ""250 ml"", ""pack_qty"": 4}",none,11.35,online
N200119,Northfield razor blades 750 g pack of 12,Personal Care,"{""brand"": ""Northfield"", ""size"": ""750 g"", ""pack_qty"": 12}",none,21.89,supermarket
N200360,Valley whole milk 1 kg pack of 4,Dairy,"{""brand"": ""Valley"", ""size"": ""1 kg"", ""pack_qty"": 4}",milk,8.04,express
N202048,Valley cheddar cheese 250 ml pack of 1,Dairy,"{""brand"": ""Valley"", ""size"": ""250 ml"", ""pack_qty"": 1}",milk,12.29,supermarket
N200653,Northfield trail mix 6 pk pack of 6,Snacks,"{""brand"": ""Northfield"", ""size"": ""6 pk"", ""pack_qty"": 6}",nuts;milk,5.12,online
N201551,Meadow shampoo daily 330 ml pack of 1,Personal Care,"{""brand"": ""Meadow"", ""size"": ""330 ml"", ""pack_qty"": 1}",none,10.85,express
N201663,Bluebell toothpaste mint 750 g pack of 4,Personal Care,"{""brand"": ""Bluebell"", ""size"": ""750 g"", ""pack_qty"": 4}",none,4.51,online
N200086,Bluebell dish soap 750 g pack of 4,Household,"{""brand"": ""Bluebell"", ""size"": ""750 g"", ""pack_qty"": 4}",none,12.54,online
N202219,Bluebell garden peas 250 ml pack of 2,Frozen,"{""brand"": ""Bluebell"", ""size"": ""250 ml"", ""pack_qty"": 2}",gluten;fish,16.72,online
N201852,Meadow cola zero 750 g pack of 6,Beverages,"{""brand"": ""Meadow"", ""size"": ""750 g"", ""pack_qty"": 6}",none,23.39,online
N200865,Meadow sourdough loaf 330 ml pack of 6,Bakery,"{""brand"": ""Meadow"", ""size"": ""330 ml"", ""pack_qty"": 6}",gluten;egg,19.04,express
N202075,Orchard fish fingers 500 g pack of 6,Frozen,"{""brand"": ""Orchard"", ""size"": ""500 g"", ""pack_qty"": 6}",gluten;fish,1.69,express
N202833,Harvest wholemeal bread 330 ml pack of 2,Bakery,"{""brand"": ""Harvest"", ""size"": ""330 ml"", ""pack_qty"": 2}",gluten;egg,2.95,express
N200746,Meadow avocado ripe 330 ml pack of 4,Produce,"{""brand"": ""Meadow"", ""size"": ""330 ml"", ""pack_qty"": 4}",none,18.64,supermarket
N200748,Orchard cola zero 6 pk pack of 12,Beverages,"{""brand"": ""Orchard"", ""size"": ""6 pk"", ""pack_qty"": 12}",none,21.11,online
N201717,Meadow dark chocolate 750 g pack of 12,Snacks,"{""brand"": ""Meadow"", ""size"": ""750 g"", ""pack_qty"": 12}",nuts;milk,0.64,online
N202627,Valley fish fingers 1 kg pack of 2,Frozen,"{""brand"": ""Valley"", ""size"": ""1 kg"", ""pack_qty"": 2}",gluten;fish,6.19,express
N201760,Northfield salted butter 500 g pack of 4,Dairy,"{""brand"": ""Northfield"", ""size"": ""500 g"", ""pack_qty"": 4}",milk,8.45,supermarket
N201276,Orchard orange juice 1 L pack of 6,Beverages,"{""brand"": ""Orchard"", ""size"": ""1 L"", ""pack_qty"": 6}",none,23.81,online
N200552,Orchard salted butter 330 ml pack of 12,Dairy,"{""brand"": ""Orchard"", ""size"": ""330 ml"", ""pack_qty"": 12}",milk,17.2,supermarket
N202980,Harvest orange juice 750 g pack of 6,Beverages,"{""brand"": ""Harvest"", ""size"": ""750 g"", ""pack_qty"": 6}",none,7.08,supermarket
N202674,Bluebell gala apple 2 L pack of 2,Produce,"{""brand"": ""Bluebell"", ""size"": ""2 L"", ""pack_qty"": 2}",none,10.95,supermarket
N201732,Harvest orange juice 6 pk pack of 4,Beverages,"{""brand"": ""Harvest"", ""size"": ""6 pk"", ""pack_qty"": 4}",none,8.24,online
N202613,Bluebell trail mix 1 kg pack of 2,Snacks,"{""brand"": ""Bluebell"", ""size"": ""1 kg"", ""pack_qty"": 2}",nuts;milk,9.08,express
N200009,Meadow butter croissant 1 L pack of 12,Bakery,"{""brand"": ""Meadow"", ""size"": ""1 L"", ""pack_qty"": 12}",gluten;egg,11.48,express
N201102,Northfield laundry pods 2 L pack of 6,Household,"{""brand"": ""Northfield"", ""size"": ""2 L"", ""pack_qty"": 6}",none,2.32,supermarket
N202961,Bluebell butter croissant 500 g pack of 6,Bakery,"{""brand"": ""Bluebell"", ""size"": ""500 g"", ""pack_qty"": 6}",gluten;egg,19.09,supermarket
N202856,Northfield greek yogurt 2 L pack of 1,Dairy,"{""brand"": ""Northfield"", ""size"": ""2 L"", ""pack_qty"": 1}",milk,9.21,express
N202591,Bluebell shampoo daily 1 L pack of 6,Personal Care,"{""brand"": ""Bluebell"", ""size"": ""1 L"", ""pack_qty"": 6}",none,7.99,supermarket
N201288,Valley salted butter 500 g pack of 2,Dairy,"{""brand"": ""Valley"", ""size"": ""500 g"", ""pack_qty"": 2}",milk,14.3,online
N202635,Valley garden peas 2 L pack of 2,Frozen,"{""brand"": ""Valley"", ""size"": ""2 L"", ""pack_qty"": 2}",gluten;fish,19.89,supermarket
N201078,Orchard glass cleaner 250 ml pack of 6,Household,"{""brand"": ""Orchard"", ""size"": ""250 ml"", ""pack_qty"": 6}",none,11.99,express
N200388,Valley oat drink 330 ml pack of 1,Beverages,"{""brand"": ""Valley"", ""size"": ""330 ml"", ""pack_qty"": 1}",none,16.17,supermarket
N201694,Harvest dish soap 500 g pack of 12,Household,"{""brand"": ""Harvest"", ""size"": ""500 g"", ""pack_qty"": 12}",none,6.25,online
N201376,Harvest greek yogurt 2 L pack of 4,Dairy,"{""brand"": ""Harvest"", ""size"": ""2 L"", ""pack_qty"": 4}",milk,13.16,online
N200250,Meadow avocado ripe 2 L pack of 2,Produce,"{""brand"": ""Meadow"", ""size"": ""2 L"", ""pack_qty"": 2}",none,7.93,express
N200443,Northfield garden peas 250 ml pack of 6,Frozen,"{""brand"": ""Northfield"", ""size"": ""250 ml"", ""pack_qty"": 6}",gluten;fish,9.11,supermarket
N201864,Northfield greek yogurt 1 kg pack of 12,Dairy,"{""brand"": ""Northfield"", ""size"": ""1 kg"", ""pack_qty"": 12}",milk,7.54,supermarket
N200165,Orchard salted crisps 750 g pack of 2,Snacks,"{""brand"": ""Orchard"", ""size"": ""750 g"", ""pack_qty"": 2}",nuts;milk,12.17,express
N200505,Northfield sourdough loaf 1 kg pack of 4,Bakery,"{""brand"": ""Northfield"", ""size"": ""1 kg"", ""pack_qty"": 4}",gluten;egg,14.09,online
N202312,Northfield greek yogurt 750 g pack of 12,Dairy,"{""brand"": ""Northfield"", ""size"": ""750 g"", ""pack_qty"": 12}",milk,1.45,supermarket
N202099,Valley vanilla icecream 250 ml pack of 4,Frozen,"{""brand"": ""Valley"", ""size"": ""250 ml"", ""pack_qty"": 4}",gluten;fish,3.47,supermarket
N200107,Northfield mixed berries 1 kg pack of 1,Frozen,"{""brand"": ""Northfield"", ""size"": ""1 kg"", ""pack_qty"": 1}",gluten;fish,10.73,online
N201083,Harvest vanilla icecream 1 L pack of 1,Frozen,"{""brand"": ""Harvest"", ""size"": ""1 L"", ""pack_qty"": 1}",gluten;fish,4.02,supermarket
N202011,Meadow fish fingers 6 pk pack of 1,Frozen,"{""brand"": ""Meadow"", ""size"": ""6 pk"", ""pack_qty"": 1}",gluten;fish,5.06,express
N200478,Orchard dish soap 500 g pack of 6,Household,"{""brand"": ""Orchard"", ""size"": ""500 g"", ""pack_qty"": 6}",none,22.55,supermarket
N201621,Orchard dark chocolate 330 ml pack of 6,Snacks,"{""brand"": ""Orchard"", ""size"": ""330 ml"", ""pack_qty"": 6}",nuts;milk,4.29,online
N202547,Valley mixed berries 1 L pack of 6,Frozen,"{""brand"": ""Valley"", ""size"": ""1 L"", ""pack_qty"": 6}",gluten;fish,5.58,express
N200439,Bluebell hand soap 2 L pack of 1,Personal Care,"{""brand"": ""Bluebell"", ""size"": ""2 L"", ""pack_qty"": 1}",none,10.98,online
N202514,Harvest baby spinach 1 kg pack of 1,Produce,"{""brand"": ""Harvest"", ""size"": ""1 kg"", ""pack_qty"": 1}",none,7.01,online
N200711,Northfield razor blades 330 ml pack of 12,Personal Care,"{""brand"": ""Northfield"", ""size"": ""330 ml"", ""pack_qty"": 12}",none,9.89,online
N200749,Meadow dark chocolate 1 kg pack of 4,Snacks,"{""brand"": ""Meadow"", ""size"": ""1 kg"", ""pack_qty"": 4}",nuts;milk,13.88,online
N201767,Harvest shampoo daily 2 L pack of 1,Personal Care,"{""brand"": ""Harvest"", ""size"": ""2 L"", ""pack_qty"": 1}",none,6.6,online
N202246,Meadow dish soap 2 L pack of 1,Household,"{""brand"": ""Meadow"", ""size"": ""2 L"", ""pack_qty"": 1}",none,12.2,supermarket
N201906,Harvest banana bunch 2 L pack of 4,Produce,"{""brand"": ""Harvest"", ""size"": ""2 L"", ""pack_qty"": 4}",none,10.67,express
N201080,Orchard whole milk 250 ml pack of 12,Dairy,"{""brand"": ""Orchard"", ""size"": ""250 ml"", ""pack_qty"": 12}",milk,22.42,express
N201355,Bluebell fish fingers 1 L pack of 4,Frozen,"{""brand"": ""Bluebell"", ""size"": ""1 L"", ""pack_qty"": 4}",gluten;fish,1.26,supermarket
N200190,Valley bin liners 250 ml pack of 12,Household,"{""brand"": ""Valley"", ""size"": ""250 ml"", ""pack_qty"": 12}",none,23.97,express
N201214,Orchard glass cleaner 1 L pack of 2,Household,"{""brand"": ""Orchard"", ""size"": ""1 L"", ""pack_qty"": 2}",none,3.94,supermarket
N201987,Bluebell garden peas 250 ml pack of 2,Frozen,"{""brand"": ""Bluebell"", ""size"": ""250 ml"", ""pack_qty"": 2}",gluten;fish,13.38,supermarket
N201138,Harvest banana bunch 500 g pack of 2,Produce,"{""brand"": ""Harvest"", ""size"": ""500 g"", ""pack_qty"": 2}",none,2.1,express
N202199,Harvest body lotion 750 g pack of 2,Personal Care,"{""brand"": ""Harvest"", ""size"": ""750 g"", ""pack_qty"": 2}",none,14.03,supermarket
N201712,Bluebell double cream 250 ml pack of 12,Dairy,"{""brand"": ""Bluebell"", ""size"": ""250 ml"", ""pack_qty"": 12}",milk,13.9,supermarket
N200187,Meadow margherita pizza 1 L pack of 6,Frozen,"{""brand"": ""Meadow"", ""size"": ""1 L"", ""pack_qty"": 6}",gluten;fish,7.46,online
N201097,Harvest wholemeal bread 2 L pack of 12,Bakery,"{""brand"": ""Harvest"", ""size"": ""2 L"", ""pack_qty"": 12}",gluten;egg,15.8,express
N200729,Valley sourdough loaf 2 L pack of 6,Bakery,"{""brand"": ""Valley"", ""size"": ""2 L"", ""pack_qty"": 6}",gluten;egg,7.13,online
N200240,Meadow whole milk 500 g pack of 6,Dairy,"{""brand"": ""Meadow"", ""size"": ""500 g"", ""pack_qty"": 6}",milk,12.68,express
N200145,Meadow wholemeal bread 250 ml pack of 1,Bakery,"{""brand"": ""Meadow"", ""size"": ""250 ml"", ""pack_qty"": 1}",gluten;egg,2.1,supermarket
N200562,Harvest avocado ripe 330 ml pack of 4,Produce,"{""brand"": ""Harvest"", ""size"": ""330 ml"", ""pack_qty"": 4}",none,12.43,express
N200255,Harvest shampoo daily 500 g pack of 4,Personal Care,"{""brand"": ""Harvest"", ""size"": ""500 g"", ""pack_qty"": 4}",none,21.19,online
N201977,Orchard blueberry muffin 750 g pack of 1,Bakery,"{""brand"": ""Orchard"", ""size"": ""750 g"", ""pack_qty"": 1}",gluten;egg,10.31,online
N202143,Orchard hand soap 2 L pack of 4,Personal Care,"{""brand"": ""Orchard"", ""size"": ""2 L"", ""pack_qty"": 4}",none,10.87,supermarket
N201634,Meadow gala apple 2 L pack of 6,Produce,"{""brand"": ""Meadow"", ""size"": ""2 L"", ""pack_qty"": 6}",none,1.92,supermarket
N201743,Orchard body lotion 1 kg pack of 4,Personal Care,"{""brand"": ""Orchard"", ""size"": ""1 kg"", ""pack_qty"": 4}",none,20.11,online
N201395,Orchard fish fingers 1 L pack of 6,Frozen,"{""brand"": ""Orchard"", ""size"": ""1 L"", ""pack_qty"": 6}",gluten;fish,20.35,online
N202460,Harvest orange juice 1 kg pack of 6,Beverages,"{""brand"": ""Harvest"", ""size"": ""1 kg"", ""pack_qty"": 6}",none,15.57,online
N201662,Valley paper towel 1 L pack of 2,Household,"{""brand"": ""Valley"", ""size"": ""1 L"", ""pack_qty"": 2}",none,10.08,express
N201824,Orchard whole milk 1 kg pack of 12,Dairy,"{""brand"": ""Orchard"", ""size"": ""1 kg"", ""pack_qty"": 12}",milk,6.91,supermarket
N201185,Bluebell blueberry muffin 250 ml pack of 1,Bakery,"{""brand"": ""Bluebell"", ""size"": ""250 ml"", ""pack_qty"": 1}",gluten;egg,6.3,express
N201965,Harvest rice cakes 2 L pack of 12,Snacks,"{""brand"": ""Harvest"", ""size"": ""2 L"", ""pack_qty"": 12}",nuts;milk,1.88,supermarket
N200426,Bluebell avocado ripe 2 L pack of 6,Produce,"{""brand"": ""Bluebell"", ""size"": ""2 L"", ""pack_qty"": 6}",none,18.85,online
N200243,Harvest vanilla icecream 1 kg pack of 12,Frozen,"{""brand"": ""Harvest"", ""size"": ""1 kg"", ""pack_qty"": 12}",gluten;fish,21.94,online
N200680,Meadow double cream 500 g pack of 2,Dairy,"{""brand"": ""Meadow"", ""size"": ""500 g"", ""pack_qty"": 2}",milk,3.95,express
N201440,Northfield greek yogurt 1 kg pack of 1,Dairy,"{""brand"": ""Northfield"", ""size"": ""1 kg"", ""pack_qty"": 1}",milk,7.86,express
N202391,Valley toothpaste mint 500 g pack of 2,Personal Care,"{""brand"": ""Valley"", ""size"": ""500 g"", ""pack_qty"": 2}",none,13.35,express
N201394,Meadow banana bunch 330 ml pack of 1,Produce,"{""brand"": ""Meadow"", ""size"": ""330 ml"", ""pack_qty"": 1}",none,14.49,online
N201054,Valley paper towel 2 L pack of 1,Household,"{""brand"": ""Valley"", ""size"": ""2 L"", ""pack_qty"": 1}",none,14.57,express
N201397,Meadow dark chocolate 1 kg pack of 12,Snacks,"{""brand"": ""Meadow"", ""size"": ""1 kg"", ""pack_qty"": 12}",nuts;milk,10.83,supermarket
N201558N,MEADOW DISH SOAP 6 PK PACK OF 12  ,Household,"{""brand"": ""Meadow"", ""size"": ""6 pk"", ""pack_qty"": 12}",none,12.92,supermarket
N200706,Meadow avocado ripe 500 g pack of 6,Produce,"{""brand"": ""Meadow"", ""size"": ""500 g"", ""pack_qty"": 6}",none,12.67,supermarket
N200056,Valley cheddar cheese 2 L pack of 12,Dairy,"{""brand"": ""Valley"", ""size"": ""2 L"", ""pack_qty"": 12}",milk,5.04,supermarket
N201510,Bluebell dish soap 1 kg pack of 6,Household,"{""brand"": ""Bluebell"", ""size"": ""1 kg"", ""pack_qty"": 6}",none,13.49,online
N201533,Meadow dark chocolate 250 ml pack of 2,Snacks,"{""brand"": ""Meadow"", ""size"": ""250 ml"", ""pack_qty"": 2}",nuts;milk,19.95,online
N202470,Meadow paper towel 2 L pack of 6,Household,"{""brand"": ""Meadow"", ""size"": ""2 L"", ""pack_qty"": 6}",none,6.25,express
N200149,Valley rice cakes 1 kg pack of 2,Snacks,"{""brand"": ""Valley"", ""size"": ""1 kg"", ""pack_qty"": 2}",nuts;milk,3.22,express
N202581,Meadow dark chocolate 250 ml pack of 1,Snacks,"{""brand"": ""Meadow"", ""size"": ""250 ml"", ""pack_qty"": 1}",nuts;milk,21.66,supermarket
N200183,Bluebell toothpaste mint 750 g pack of 2,Personal Care,"{""brand"": ""Bluebell"", ""size"": ""750 g"", ""pack_qty"": 2}",none,5.94,supermarket
N201024,Valley double cream 6 pk pack of 12,Dairy,"{""brand"": ""Valley"", ""size"": ""6 pk"", ""pack_qty"": 12}",milk,9.61,supermarket
N201411,Orchard margherita pizza 1 kg pack of 2,Frozen,"{""brand"": ""Orchard"", ""size"": ""1 kg"", ""pack_qty"": 2}",gluten;fish,1.66,online
N201588,Valley oat drink 1 L pack of 1,Beverages,"{""brand"": ""Valley"", ""size"": ""1 L"", ""pack_qty"": 1}",none,22.33,supermarket
N201150,Harvest glass cleaner 250 ml pack of 6,Household,"{""brand"": ""Harvest"", ""size"": ""250 ml"", ""pack_qty"": 6}",none,16.04,express
N200946,Bluebell avocado ripe 330 ml pack of 4,Produce,"{""brand"": ""Bluebell"", ""size"": ""330 ml"", ""pack_qty"": 4}",none,14.95,express
N201337,Meadow blueberry muffin 6 pk pack of 12,Bakery,"{""brand"": ""Meadow"", ""size"": ""6 pk"", ""pack_qty"": 12}",gluten;egg,18.34,supermarket
N200951,Orchard hand soap 1 kg pack of 1,Personal Care,"{""brand"": ""Orchard"", ""size"": ""1 kg"", ""pack_qty"": 1}",none,6.89,online
N202871,Meadow shampoo daily 2 L pack of 4,Personal Care,"{""brand"": ""Meadow"", ""size"": ""2 L"", ""pack_qty"": 4}",none,0.95,supermarket
N202157,Northfield dark chocolate 6 pk pack of 4,Snacks,"{""brand"": ""Northfield"", ""size"": ""6 pk"", ""pack_qty"": 4}",nuts;milk,7.44,online
N201082,Orchard gala apple 6 pk pack of 2,Produce,"{""brand"": ""Orchard"", ""size"": ""6 pk"", ""pack_qty"": 2}",none,16.88,supermarket
N200393,Northfield butter croissant 2 L pack of 12,Bakery,"{""brand"": ""Northfield"", ""size"": ""2 L"", ""pack_qty"": 12}",gluten;egg,15.37,online
N202866,Harvest cherry tomato 6 pk pack of 6,Produce,"{""brand"": ""Harvest"", ""size"": ""6 pk"", ""pack_qty"": 6}",none,3.01,express
N200456,Bluebell whole milk 2 L pack of 1,Dairy,"{""brand"": ""Bluebell"", ""size"": ""2 L"", ""pack_qty"": 1}",milk,19.56,online
N202408,Orchard double cream 330 ml pack of 4,Dairy,"{""brand"": ""Orchard"", ""size"": ""330 ml"", ""pack_qty"": 4}",milk,0.59,supermarket
N201921,Northfield wholemeal bread 250 ml pack of 1,Bakery,"{""brand"": ""Northfield"", ""size"": ""250 ml"", ""pack_qty"": 1}",gluten;egg,1.22,express
N200709,Harvest tortilla chips 500 g pack of 2,Snacks,"{""brand"": ""Harvest"", ""size"": ""500 g"", ""pack_qty"": 2}",nuts;milk,19.65,express
N202487,Valley shampoo daily 250 ml pack of 4,Personal Care,"{""brand"": ""Valley"", ""size"": ""250 ml"", ""pack_qty"": 4}",none,1.32,supermarket
N200174,Bluebell laundry pods 2 L pack of 4,Household,"{""brand"": ""Bluebell"", ""size"": ""2 L"", ""pack_qty"": 4}",none,15.84,express
N201146,Meadow gala apple 1 kg pack of 12,Produce,"{""brand"": ""Meadow"", ""size"": ""1 kg"", ""pack_qty"": 12}",none,1.41,express
