ts,arm,click
0,B,0
1,A,1
2,A,0
3,B,0
4,A,0
5,A,0
6,B,0
7,A,0
8,B,0
9,B,0
10,A,0
11,A,0
12,A,0
13,A,0
14,B,0
15,A,0
16,B,0
17,B,0
18,A,0
19,B,0
20,A,0
21,A,1
22,A,0
23,B,0
24,A,0
25,B,0
26,B,0
27,A,0
28,B,0
29,A,0
30,B,0
31,A,0
32,B,0
33,A,1
34,A,0
35,A,0
36,A,0
37,A,0
38,A,0
39,A,0
40,A,0
41,B,0
42,B,0
43,A,0
44,A,0
45,B,0
46,B,0
47,B,0
48,A,1
49,A,0
50,A,0
51,A,0
52,A,0
53,A,0
54,B,0
55,B,0
56,B,0
57,B,0
58,B,0
59,B,0
60,A,0
61,A,0
62,B,0
63,B,0
64,B,0
65,B,0
66,A,0
67,A,0
68,A,0
69,A,0
70,A,0
71,B,0
72,A,0
73,A,0
74,B,0
75,B,0
76,A,0
77,A,0
78,B,0
79,B,0
80,B,0
81,B,0
82,A,0
83,A,0
84,B,0
85,B,0
86,A,0
87,B,0
88,A,0
89,A,0
90,A,0
91,A,0
92,A,0
93,A,0
94,A,0
95,B,0
96,B,0
97,A,0
98,B,0
99,A,0
100,B,0
101,A,0
102,A,0
103,A,0
104,B,0
105,B,0
106,A,0
107,B,0
108,B,0
109,B,0
110,B,0
111,A,0
112,B,1
113,B,0
114,A,0
115,A,0
116,B,0
117,B,0
118,B,0
119,B,0
120,A,0
121,A,0
122,B,0
123,B,0
124,A,0
125,B,0
126,B,0
127,A,0
128,B,0
129,B,0
130,B,0
131,A,0
132,A,0
133,B,1
134,A,0
135,B,0
136,A,0
137,B,0
138,A,0
139,B,0
140,B,0
141,B,0
142,A,0
143,A,0
144,B,0
145,A,0
146,A,0
147,B,0
148,A,0
149,B,0
150,A,0
151,B,0
152,A,0
153,B,0
154,A,0
155,B,0
156,A,0
157,A,0
158,A,0
159,A,0
160,A,0
161,B,0
162,B,0
163,B,0
164,B,0
165,A,0
166,B,0
167,A,0
168,A,0
169,B,0
170,A,0
171,A,0
172,A,0
173,B,0
174,B,1
175,B,1
176,B,0
177,A,0
178,A,0
179,A,0
180,A,0
181,A,0
182,A,0
183,B,0
184,A,0
185,A,0
186,B,0
187,A,0
188,A,0
189,A,0
190,A,0
191,B,0
192,A,0
193,B,0
194,A,0
195,B,0
196,A,0
197,A,0
198,A,0
199,B,0
200,A,0
201,B,0
202,A,0
203,A,0
204,B,0
205,A,0
206,B,0
207,B,0
208,A,0
209,B,0
210,B,0
211,B,0
212,A,0
213,A,0
214,B,0
215,B,0
216,B,0
217,B,0
218,A,0
219,A,0
220,A,0
221,A,0
222,B,0
223,A,0
224,A,1
225,B,1
226,A,0
227,B,0
228,B,0
229,B,0
230,A,0
231,B,0
232,B,0
233,B,0
234,B,0
235,B,0
236,B,0
237,B,0
238,B,0
239,A,0
240,B,0
241,A,0
242,B,0
243,A,0
244,B,0
245,B,0
246,B,0
247,B,0
248,B,0
249,A,0
250,B,0
251,A,0
252,B,0
253,A,0
254,A,0
255,B,0
256,B,0
257,B,0
258,A,0
259,A,0
260,A,1
261,B,0
262,A,1
263,A,0
264,B,0
265,B,0
266,B,0
267,A,0
268,A,0
269,B,0
270,A,0
271,B,0
272,A,0
273,A,0
274,A,0
275,A,0
276,A,0
277,A,0
278,B,0
279,B,0
280,A,0
281,B,0
282,A,0
283,A,0
284,A,0
285,B,0
286,B,0
287,B,0
288,B,0
289,B,0
290,A,0
291,A,0
292,A,0
293,A,0
294,B,0
295,A,0
296,A,0
297,A,0
298,B,0
299,B,0
300,B,0
301,B,0
302,B,0
303,B,0
304,B,0
305,B,0
306,A,0
307,B,0
308,A,0
309,A,0
310,A,0
311,B,0
312,A,0
313,A,0
314,A,0
315,B,0
316,A,0
317,B,0
318,B,0
319,B,0
320,A,0
321,A,0
322,B,0
323,A,0
324,A,0
325,A,0
326,A,0
327,A,0
328,A,0
329,A,0
330,B,0
331,B,0
332,B,0
333,A,0
334,B,0
335,A,0
336,A,0
337,B,0
338,A,0
339,A,0
340,B,0
341,A,0
342,A,0
343,B,0
344,A,0
345,B,0
346,A,0
347,A,0
348,A,0
349,A,0
350,A,0
351,B,0
352,A,0
353,B,0
354,B,0
355,A,0
356,B,0
357,A,0
358,A,0
359,B,1
360,A,0
361,B,0
362,B,1
363,B,0
364,A,0
365,B,1
366,B,0
367,A,0
368,A,0
369,A,0
370,B,0
371,B,0
372,B,0
373,A,0
374,A,0
375,A,0
376,B,0
377,A,0
378,B,0
379,B,0
380,B,0
381,A,0
382,A,0
383,B,0
384,A,0
385,B,0
386,A,0
387,A,0
388,B,0
389,B,0
390,A,0
391,B,0
392,A,0
393,A,0
394,B,0
395,A,0
396,A,0
397,A,0
398,B,0
399,A,0
400,A,0
401,A,0
402,B,0
403,A,0
404,A,0
405,A,0
406,A,0
407,A,0
408,B,0
409,A,0
410,A,0
411,B,0
412,A,1
413,A,0
414,A,0
415,B,0
416,B,0
417,B,0
418,A,0
419,A,0
420,A,0
421,B,0
422,A,0
423,A,0
424,A,0
425,B,0
426,B,0
427,B,0
428,A,0
429,B,0
430,B,1
431,B,0
432,B,0
433,B,0
434,B,0
435,A,0
436,B,1
437,A,0
438,A,0
439,A,0
440,B,0
441,B,0
442,B,0
443,B,0
444,B,0
445,B,0
446,A,0
447,A,0
448,A,0
449,B,0
450,B,0
451,B,0
452,A,0
453,A,0
454,B,0
455,B,0
456,A,0
457,A,0
458,B,0
459,A,0
460,A,0
461,A,0
462,A,0
463,A,0
464,A,0
465,A,0
466,B,0
467,A,0
468,B,0
469,A,0
470,B,0
471,A,0
472,B,0
473,B,0
474,B,0
475,B,0
476,B,0
477,B,0
478,B,0
479,A,0
480,B,0
481,B,0
482,B,0
483,B,0
484,A,0
485,B,0
486,B,0
487,B,0
488,A,0
489,B,0
490,A,0
491,A,0
492,B,0
493,A,0
494,B,0
495,B,0
496,A,0
497,A,0
498,A,0
499,B,0
500,B,0
501,B,0
502,A,0
503,A,0
504,A,0
505,A,0
506,B,0
507,A,0
508,B,0
509,A,0
510,B,0
511,B,0
512,B,0
513,A,0
514,A,0
515,A,0
516,A,0
517,A,0
518,B,0
519,B,0
520,B,0
521,A,0
522,A,0
523,A,0
524,A,0
525,B,0
526,A,0
527,B,0
528,A,0
529,A,0
530,A,0
531,A,0
532,A,0
533,A,0
534,B,0
535,B,0
536,A,0
537,A,0
538,B,0
539,A,0
540,B,0
541,A,0
542,B,0
543,B,0
544,B,0
545,B,1
546,A,0
547,A,0
548,A,0
549,B,0
550,B,0
551,A,0
552,A,0
553,B,0
554,A,0
555,B,0
556,A,1
557,A,0
558,B,1
559,B,0
560,A,0
561,A,0
562,A,1
563,B,0
564,A,0
565,B,0
566,B,0
567,B,0
568,A,0
569,B,0
570,B,0
571,A,0
572,B,0
573,B,1
574,A,0
575,B,0
576,A,0
577,A,0
578,B,0
579,A,0
580,B,0
581,A,0
582,A,0
583,B,0
584,A,0
585,B,0
586,A,0
587,A,0
588,A,0
589,A,0
590,A,0
591,A,0
592,A,0
593,B,0
594,A,0
595,B,0
596,B,1
597,B,0
598,B,0
599,B,0
600,B,0
601,B,0
602,B,0
603,A,0
604,B,0
605,A,0
606,A,0
607,B,0
608,B,0
609,B,0
610,A,0
611,B,0
612,B,0
613,A,0
614,B,0
615,B,0
616,B,0
617,A,0
618,A,0
619,A,0
620,B,0
621,B,0
622,A,0
623,B,0
624,A,0
625,B,0
626,A,0
627,B,0
628,A,0
629,A,0
630,B,0
631,B,1
632,A,0
633,B,0
634,A,0
635,A,0
636,B,0
637,A,0
638,B,0
639,A,0
640,A,1
641,B,0
642,B,0
643,B,0
644,B,0
645,B,0
646,A,0
647,B,1
648,B,0
649,B,0
650,B,1
651,A,0
652,A,0
653,A,0
654,A,0
655,A,0
656,A,0
657,B,0
658,B,0
659,B,0
660,A,0
661,B,0
662,A,0
663,A,0
664,B,0
665,B,0
666,B,1
667,A,0
668,A,0
669,B,0
670,A,0
671,B,0
672,A,0
673,A,0
674,B,0
675,B,0
676,A,0
677,A,0
678,A,0
679,B,0
680,B,0
681,A,0
682,A,0
683,B,0
684,A,0
685,B,0
686,B,0
687,B,0
688,A,0
689,B,0
690,B,0
691,A,0
692,B,0
693,B,0
694,A,0
695,A,0
696,B,0
697,B,0
698,B,0
699,B,0
700,B,0
701,B,0
702,B,0
703,B,0
704,A,0
705,A,0
706,A,0
707,B,0
708,B,0
709,A,0
710,A,0
711,A,0
712,A,0
713,B,1
714,A,0
715,A,0
716,A,0
717,B,0
718,B,0
719,B,0
720,B,0
721,B,0
722,B,0
723,B,0
724,A,0
725,A,0
726,A,0
727,B,0
728,B,0
729,B,1
730,A,0
731,B,0
732,B,0
733,B,0
734,B,0
735,B,1
736,A,0
737,A,0
738,A,0
739,A,0
740,B,0
741,A,0
742,A,0
743,A,0
744,B,0
745,A,1
746,B,0
747,B,0
748,A,0
749,B,0
750,B,0
751,B,0
752,A,0
753,B,0
754,A,0
755,A,0
756,B,1
757,A,0
758,B,1
759,B,0
760,B,0
761,A,0
762,B,0
763,B,0
764,B,0
765,A,0
766,A,0
767,A,0
768,A,0
769,A,0
770,A,0
771,B,0
772,A,0
773,B,0
774,A,0
775,B,0
776,B,0
777,A,0
778,A,0
779,B,0
780,B,0
781,A,0
782,B,0
783,A,1
784,B,0
785,B,0
786,A,0
787,A,0
788,B,0
789,B,0
790,B,0
791,B,0
792,A,0
793,B,0
794,A,0
795,B,0
796,A,0
797,A,0
798,B,1
799,B,0
800,B,0
801,A,0
802,A,0
803,B,0
804,B,0
805,B,0
806,A,1
807,B,0
808,A,0
809,B,0
810,B,0
811,A,0
812,B,0
813,B,1
814,B,0
815,B,0
816,A,0
817,B,0
818,A,0
819,B,0
820,A,0
821,B,0
822,A,0
823,A,1
824,A,0
825,A,0
826,B,0
827,B,0
828,B,0
829,B,0
830,A,0
831,B,0
832,A,0
833,B,0
834,A,0
835,A,0
836,A,0
837,B,0
838,B,0
839,B,0
840,A,1
841,A,0
842,B,0
843,B,0
844,A,0
845,B,0
846,A,0
847,B,0
848,B,0
849,B,0
850,A,0
851,B,0
852,A,0
853,A,0
854,B,0
855,A,0
856,A,0
857,B,0
858,A,0
859,A,0
860,A,0
861,B,0
862,A,0
863,A,1
864,B,0
865,A,0
866,A,0
867,B,0
868,B,0
869,A,0
870,B,0
871,A,0
872,A,0
873,B,0
874,A,0
875,A,0
876,A,0
877,B,0
878,A,0
879,B,0
880,A,0
881,B,0
882,B,0
883,B,0
884,A,0
885,B,0
886,A,0
887,B,0
888,B,0
889,A,0
890,B,0
891,A,0
892,A,0
893,A,0
894,A,0
895,B,0
896,B,0
897,A,0
898,A,0
899,A,0
900,B,0
901,B,0
902,B,0
903,A,0
904,B,0
905,A,0
906,A,0
907,B,0
908,A,0
909,A,0
910,A,0
911,B,0
912,B,0
913,A,0
914,B,0
915,A,0
916,B,0
917,A,0
918,B,0
919,A,0
920,B,0
921,A,0
922,B,0
923,B,0
924,A,0
925,A,0
926,A,0
927,A,0
928,B,0
929,A,0
930,B,0
931,A,0
932,A,0
933,A,0
934,B,0
935,A,0
936,A,0
937,A,0
938,A,0
939,A,0
940,B,0
941,B,0
942,A,0
943,B,0
944,B,0
945,B,0
946,B,0
947,A,0
948,B,0
949,B,0
950,A,0
951,A,0
952,B,0
953,B,0
954,A,0
955,B,0
956,B,0
957,B,0
958,A,0
959,A,0
960,B,0
961,B,0
962,B,0
963,A,0
964,A,0
965,A,0
966,A,0
967,B,1
968,A,0
969,A,0
970,B,0
971,B,0
972,B,0
973,B,0
974,B,0
975,B,0
976,B,1
977,A,0
978,A,0
979,B,0
980,B,0
981,A,0
982,A,0
983,A,0
984,B,0
985,A,0
986,A,0
987,A,0
988,B,0
989,A,0
990,A,0
991,B,0
992,A,0
993,A,1
994,A,1
995,A,0
996,B,0
997,A,0
998,B,0
999,B,0
1000,A,0
1001,B,0
1002,A,0
1003,B,0
1004,A,0
1005,A,0
1006,B,0
1007,B,0
1008,B,0
1009,A,0
1010,B,0
1011,A,0
1012,B,1
1013,B,0
1014,A,1
1015,A,0
1016,A,0
1017,A,0
1018,B,0
1019,A,0
1020,B,0
1021,B,0
1022,A,0
1023,A,0
1024,B,0
1025,A,0
1026,A,0
1027,B,0
1028,A,1
1029,A,0
1030,A,0
1031,B,0
1032,B,0
1033,B,0
1034,B,0
1035,B,0
1036,B,0
1037,A,0
1038,B,0
1039,A,0
1040,B,0
1041,B,0
1042,A,0
1043,B,1
1044,B,0
1045,B,0
1046,A,0
1047,B,0
1048,B,1
1049,A,0
1050,A,0
1051,B,0
1052,A,0
1053,A,0
1054,B,0
1055,B,0
1056,A,0
1057,A,0
1058,A,0
1059,B,0
1060,B,0
1061,A,0
1062,B,0
1063,B,0
1064,A,0
1065,B,0
1066,A,0
1067,B,0
1068,A,0
1069,B,0
1070,B,0
1071,B,0
1072,B,0
1073,B,0
1074,A,0
1075,A,0
1076,B,0
1077,A,0
1078,B,1
1079,B,0
1080,B,0
1081,A,0
1082,A,0
1083,A,0
1084,B,0
1085,B,0
1086,B,0
1087,A,0
1088,A,0
1089,A,0
1090,A,0
1091,B,0
1092,A,0
1093,B,0
1094,A,0
1095,B,0
1096,B,0
1097,A,0
1098,B,0
1099,A,0
1100,A,0
1101,A,0
1102,B,0
1103,B,0
1104,A,0
1105,A,0
1106,B,0
1107,B,1
1108,A,1
1109,A,0
1110,B,0
1111,B,0
1112,B,0
1113,A,0
1114,B,0
1115,A,0
1116,B,0
1117,B,0
1118,A,0
1119,A,0
1120,B,0
1121,A,0
1122,B,0
1123,A,0
1124,A,0
1125,B,0
1126,B,0
1127,A,0
1128,A,0
1129,B,0
1130,A,0
1131,A,0
1132,B,0
1133,B,0
1134,A,0
1135,A,0
1136,A,0
1137,B,0
1138,A,0
1139,B,0
1140,B,0
1141,A,0
1142,B,0
1143,A,0
1144,A,0
1145,B,0
1146,B,0
1147,B,0
1148,B,0
1149,A,0
1150,B,0
1151,B,0
1152,B,0
1153,A,0
1154,B,0
1155,A,0
1156,A,0
1157,A,0
1158,A,0
1159,A,0
1160,B,0
1161,B,0
1162,A,0
1163,B,0
1164,A,0
1165,A,0
1166,A,0
1167,B,0
1168,A,0
1169,A,0
1170,B,0
1171,B,0
1172,A,0
1173,A,0
1174,B,0
1175,A,0
1176,B,0
1177,B,0
1178,A,0
1179,B,0
1180,A,0
1181,B,0
1182,A,0
1183,A,0
1184,B,0
1185,A,0
1186,A,0
1187,B,0
1188,B,0
1189,A,0
1190,A,0
1191,B,0
1192,A,0
1193,B,0
1194,A,0
1195,B,0
1196,A,0
1197,B,0
1198,A,0
1199,A,0
1200,B,0
1201,B,0
1202,A,0
1203,A,0
1204,B,0
1205,B,1
1206,B,0
1207,A,0
1208,B,0
1209,A,0
1210,B,0
1211,A,0
1212,A,0
1213,A,0
1214,B,0
1215,B,0
1216,A,0
1217,A,0
1218,B,0
1219,A,0
1220,A,0
1221,A,0
1222,B,0
1223,B,0
1224,B,0
1225,B,0
1226,B,0
1227,B,0
1228,A,0
1229,A,0
1230,B,0
1231,B,0
1232,B,0
1233,A,0
1234,A,0
1235,A,0
1236,A,0
1237,B,0
1238,A,1
1239,A,0
1240,A,0
1241,A,0
1242,B,0
1243,B,0
1244,A,0
1245,B,0
1246,B,0
1247,B,0
1248,B,0
1249,B,0
1250,B,0
1251,A,0
1252,B,0
1253,B,0
1254,B,0
1255,A,0
1256,B,0
1257,B,0
1258,A,0
1259,B,0
1260,B,1
1261,B,0
1262,B,0
1263,B,0
1264,A,0
1265,B,0
1266,B,0
1267,A,0
1268,B,0
1269,A,0
1270,A,0
1271,B,0
1272,B,1
1273,A,0
1274,B,0
1275,A,0
1276,A,0
1277,B,0
1278,A,1
1279,B,0
1280,A,0
1281,A,0
1282,B,0
1283,A,0
1284,A,0
1285,A,0
1286,B,0
1287,A,1
1288,B,0
1289,A,0
1290,B,0
1291,B,0
1292,A,0
1293,B,0
1294,A,0
1295,B,0
1296,A,0
1297,B,0
1298,A,0
1299,B,0
1300,A,0
1301,A,0
1302,A,0
1303,B,0
1304,A,0
1305,B,0
1306,B,0
1307,A,0
1308,A,0
1309,A,0
1310,A,0
1311,B,1
1312,B,0
1313,B,0
1314,B,0
1315,B,0
1316,B,0
1317,A,0
1318,B,0
1319,B,0
1320,A,0
1321,B,0
1322,B,0
1323,A,0
1324,B,0
1325,B,0
1326,B,0
1327,B,0
1328,B,0
1329,A,0
1330,A,0
1331,B,0
1332,A,0
1333,B,0
1334,B,0
1335,A,0
1336,B,0
1337,A,0
1338,A,0
1339,A,0
1340,A,0
1341,B,0
1342,A,0
1343,A,0
1344,A,0
1345,A,0
1346,A,0
1347,B,0
1348,B,0
1349,A,0
1350,A,0
1351,A,0
1352,A,0
1353,B,1
1354,A,0
1355,A,0
1356,B,0
1357,A,0
1358,B,0
1359,B,0
1360,B,0
1361,A,0
1362,B,0
1363,B,0
1364,B,0
1365,A,0
1366,B,0
1367,B,1
1368,B,0
1369,B,0
1370,A,0
1371,B,0
1372,B,0
1373,B,0
1374,A,1
1375,B,0
1376,B,0
1377,B,0
1378,A,0
1379,B,0
1380,A,0
1381,B,0
1382,A,0
1383,A,0
1384,B,0
1385,B,1
1386,B,0
1387,A,0
1388,A,0
1389,B,0
1390,B,0
1391,B,0
1392,A,0
1393,B,0
1394,B,0
1395,A,0
1396,A,0
1397,A,0
1398,A,1
1399,B,0
1400,B,0
1401,A,0
1402,B,0
1403,B,0
1404,B,1
1405,A,0
1406,B,0
1407,B,0
1408,B,0
1409,B,0
1410,A,0
1411,B,0
1412,A,1
1413,B,0
1414,B,0
1415,B,0
1416,A,1
1417,A,0
1418,B,0
1419,A,0
1420,A,0
1421,A,0
1422,A,0
1423,A,0
1424,A,0
1425,A,0
1426,B,0
1427,B,0
1428,B,0
1429,B,0
1430,A,0
1431,B,0
1432,A,0
1433,A,0
1434,A,0
1435,B,0
1436,A,0
1437,B,0
1438,A,1
1439,B,0
1440,B,0
1441,B,1
1442,A,0
1443,B,1
1444,A,0
1445,A,1
1446,A,0
1447,A,0
1448,A,0
1449,B,0
1450,A,0
1451,A,0
1452,B,0
1453,A,0
1454,B,0
1455,B,0
1456,B,0
1457,A,0
1458,A,0
1459,A,0
1460,B,0
1461,A,0
1462,B,0
1463,A,0
1464,B,0
1465,A,0
1466,B,0
1467,A,0
1468,A,0
1469,A,0
1470,B,0
1471,B,0
1472,B,0
1473,B,0
1474,B,0
1475,B,0
1476,B,0
1477,B,0
1478,B,0
1479,B,0
1480,A,0
1481,B,0
1482,B,0
1483,B,0
1484,B,1
1485,B,0
1486,B,0
1487,B,0
1488,B,0
1489,B,0
1490,A,0
1491,B,0
1492,A,0
1493,B,0
1494,A,0
1495,A,0
1496,B,0
1497,B,0
1498,B,0
1499,A,0
1500,B,0
1501,A,0
1502,B,0
1503,A,0
1504,B,0
1505,B,0
1506,A,0
1507,A,0
1508,B,0
1509,B,0
1510,B,0
1511,A,0
1512,B,0
1513,A,1
1514,B,0
1515,B,0
1516,B,0
1517,A,0
1518,A,0
1519,B,0
1520,B,0
1521,A,0
1522,B,0
1523,B,0
1524,A,0
1525,A,0
1526,A,0
1527,A,0
1528,A,0
1529,A,0
1530,A,0
1531,A,0
1532,B,0
1533,A,0
1534,A,0
1535,B,0
1536,A,0
1537,B,0
1538,B,0
1539,B,0
1540,A,0
1541,B,0
1542,B,0
1543,B,0
1544,A,0
1545,A,0
1546,A,0
1547,A,0
1548,B,0
1549,A,0
1550,B,0
1551,B,0
1552,B,0
1553,B,0
1554,B,0
1555,A,0
1556,A,0
1557,A,1
1558,B,1
1559,A,0
1560,A,0
1561,A,0
1562,A,0
1563,A,0
1564,A,0
1565,A,0
1566,B,0
1567,B,0
1568,A,0
1569,A,0
1570,A,0
1571,A,0
1572,A,0
1573,B,0
1574,B,0
1575,B,0
1576,A,0
1577,B,0
1578,B,0
1579,A,0
1580,A,0
1581,B,0
1582,B,0
1583,B,0
1584,A,0
1585,B,0
1586,B,0
1587,A,0
1588,A,0
1589,A,0
1590,A,0
1591,B,0
1592,A,0
1593,A,1
1594,A,0
1595,B,0
1596,A,0
1597,B,0
1598,A,0
1599,B,0
1600,B,0
1601,B,1
1602,B,0
1603,A,1
1604,A,0
1605,B,0
1606,A,0
1607,A,0
1608,A,0
1609,A,0
1610,A,0
1611,B,0
1612,A,0
1613,A,0
1614,A,0
1615,B,1
1616,A,0
1617,B,0
1618,B,0
1619,B,0
1620,B,0
1621,B,0
1622,B,0
1623,B,0
1624,A,0
1625,B,0
1626,B,0
1627,B,0
1628,A,0
1629,A,0
1630,A,0
1631,A,0
1632,B,0
1633,B,0
1634,A,0
1635,B,0
1636,A,0
1637,A,0
1638,B,0
1639,A,0
1640,B,0
1641,B,0
1642,B,0
1643,B,0
1644,A,0
1645,B,0
1646,A,0
1647,A,0
1648,B,0
1649,A,1
1650,A,0
1651,A,0
1652,A,0
1653,B,0
1654,A,0
1655,A,0
1656,B,0
1657,A,0
1658,B,1
1659,A,0
1660,A,0
1661,B,0
1662,B,0
1663,A,0
1664,A,0
1665,B,0
1666,B,0
1667,B,0
1668,A,0
1669,B,0
1670,A,0
1671,A,0
1672,A,0
1673,A,0
1674,B,0
1675,A,0
1676,B,0
1677,B,0
1678,B,0
1679,B,0
1680,A,0
1681,B,0
1682,A,0
1683,A,1
1684,A,0
1685,B,0
1686,A,0
1687,B,0
1688,A,0
1689,B,0
1690,B,0
1691,B,0
1692,B,0
1693,B,0
1694,B,0
1695,A,0
1696,A,0
1697,B,0
1698,A,0
1699,B,0
1700,B,0
1701,B,0
1702,A,0
1703,A,0
1704,B,0
1705,A,0
1706,B,0
1707,A,0
1708,A,0
1709,A,0
1710,A,0
1711,B,0
1712,B,0
1713,A,0
1714,B,0
1715,A,0
1716,B,0
1717,B,0
1718,B,0
1719,B,0
1720,B,0
1721,A,0
1722,A,0
1723,B,0
1724,B,0
1725,B,0
1726,B,0
1727,A,0
1728,A,0
1729,B,0
1730,A,0
1731,A,0
1732,B,0
1733,A,0
1734,B,0
1735,B,0
1736,A,0
1737,B,0
1738,B,0
1739,B,0
1740,B,0
1741,A,0
1742,B,0
1743,B,0
1744,A,0
1745,A,0
1746,A,0
1747,A,0
1748,A,0
1749,B,0
1750,B,1
1751,B,0
1752,B,0
1753,A,0
1754,A,0
1755,B,0
1756,B,0
1757,B,0
1758,A,0
1759,A,0
1760,B,1
1761,A,1
1762,A,0
1763,A,0
1764,B,0
1765,A,0
1766,B,0
1767,A,0
1768,B,0
1769,A,0
1770,A,0
1771,A,0
1772,A,0
1773,B,0
1774,A,0
1775,B,0
1776,B,0
1777,A,0
1778,A,0
1779,B,0
1780,B,0
1781,B,1
1782,B,0
1783,B,0
1784,A,0
1785,B,0
1786,A,0
1787,B,0
1788,A,1
1789,A,0
1790,B,1
1791,B,0
1792,B,0
1793,B,0
1794,A,0
1795,A,0
1796,B,0
1797,A,0
1798,A,0
1799,B,1
1800,A,0
1801,A,0
1802,B,0
1803,A,0
1804,B,0
1805,A,0
1806,A,0
1807,A,0
1808,B,0
1809,B,0
1810,B,0
1811,A,0
1812,B,0
1813,A,1
1814,B,0
1815,B,0
1816,A,1
1817,A,0
1818,A,0
1819,B,0
1820,B,0
1821,A,1
1822,B,0
1823,B,0
1824,A,0
1825,B,0
1826,A,0
1827,A,0
1828,A,0
1829,A,0
1830,A,0
1831,A,1
1832,A,0
1833,B,0
1834,A,0
1835,B,0
1836,A,0
1837,A,0
1838,B,0
1839,A,0
1840,B,0
1841,B,0
1842,A,0
1843,B,0
1844,A,0
1845,B,0
1846,A,0
1847,A,0
1848,B,0
1849,A,0
1850,B,0
1851,B,0
1852,B,0
1853,A,0
1854,B,0
1855,A,0
1856,A,0
1857,A,0
1858,A,0
1859,A,0
1860,A,0
1861,B,0
1862,A,0
1863,A,0
1864,A,0
1865,B,0
1866,B,0
1867,A,0
1868,A,0
1869,B,0
1870,B,0
1871,B,0
1872,A,0
1873,A,0
1874,A,0
1875,A,0
1876,B,0
1877,B,0
1878,A,0
1879,B,0
1880,A,0
1881,B,0
1882,A,0
1883,B,0
1884,B,0
1885,A,0
1886,A,0
1887,B,0
1888,B,1
1889,A,0
1890,B,0
1891,A,0
1892,B,0
1893,B,0
1894,A,0
1895,A,0
1896,B,0
1897,B,0
1898,A,0
1899,B,0
1900,B,0
1901,A,0
1902,B,0
1903,A,0
1904,A,0
1905,A,0
1906,A,0
1907,A,0
1908,B,0
1909,A,0
1910,B,0
1911,A,0
1912,B,0
1913,B,0
1914,A,0
1915,A,0
1916,B,0
1917,A,0
1918,B,0
1919,B,0
1920,B,0
1921,A,0
1922,A,0
1923,B,0
1924,B,0
1925,B,0
1926,B,1
1927,A,0
1928,A,0
1929,B,0
1930,A,0
1931,B,0
1932,A,0
1933,A,0
1934,A,0
1935,B,0
1936,B,0
1937,B,0
1938,A,0
1939,A,0
1940,B,0
1941,B,0
1942,A,0
1943,A,0
1944,B,0
1945,A,0
1946,B,0
1947,A,0
1948,B,0
1949,B,0
1950,B,0
1951,B,0
1952,A,0
1953,A,0
1954,B,0
1955,A,0
1956,B,0
1957,B,0
1958,A,0
1959,A,0
1960,B,0
1961,A,0
1962,A,0
1963,A,0
1964,B,0
1965,B,0
1966,A,0
1967,B,0
1968,B,0
1969,A,0
1970,A,0
1971,A,0
1972,A,0
1973,A,0
1974,A,0
1975,B,0
1976,B,1
1977,B,0
1978,A,0
1979,A,0
1980,B,0
1981,A,0
1982,B,0
1983,B,0
1984,B,0
1985,A,0
1986,A,0
1987,A,0
1988,B,1
1989,A,0
1990,B,0
1991,B,0
1992,A,0
1993,A,0
1994,A,0
1995,A,0
1996,B,1
1997,B,0
1998,A,0
1999,B,0
2000,A,0
2001,A,0
2002,A,0
2003,A,0
2004,B,0
2005,B,0
2006,B,0
2007,A,0
2008,B,0
2009,B,0
2010,B,0
2011,B,0
2012,A,0
2013,A,0
2014,A,0
2015,A,0
2016,A,0
2017,A,0
2018,A,0
2019,A,0
2020,A,0
2021,A,0
2022,B,0
2023,A,0
2024,A,0
2025,B,0
2026,A,0
2027,B,0
2028,A,0
2029,A,0
2030,A,0
2031,A,0
2032,A,0
2033,B,0
2034,A,0
2035,B,0
2036,A,0
2037,B,0
2038,B,0
2039,B,0
2040,B,0
2041,B,0
2042,B,0
2043,A,0
2044,B,1
2045,A,0
2046,B,0
2047,A,0
2048,B,0
2049,A,0
2050,B,0
2051,A,0
2052,B,0
2053,A,0
2054,A,0
2055,A,1
2056,A,0
2057,A,0
2058,A,0
2059,A,0
2060,A,0
2061,B,0
2062,B,0
2063,A,0
2064,A,0
2065,A,0
2066,B,0
2067,B,0
2068,B,0
2069,A,0
2070,A,0
2071,A,0
2072,A,1
2073,B,0
2074,A,0
2075,A,0
2076,A,0
2077,A,0
2078,B,0
2079,B,0
2080,B,0
2081,A,0
2082,B,0
2083,A,0
2084,B,0
2085,A,0
2086,B,0
2087,A,0
2088,B,0
2089,B,0
2090,A,1
2091,B,0
2092,A,0
2093,A,0
2094,A,0
2095,B,0
2096,B,0
2097,A,0
2098,B,0
2099,B,0
2100,B,0
2101,A,0
2102,B,0
2103,B,0
2104,B,0
2105,B,0
2106,A,0
2107,B,0
2108,A,0
2109,A,0
2110,B,0
2111,B,0
2112,B,0
2113,A,0
2114,B,0
2115,B,0
2116,A,0
2117,B,0
2118,B,0
2119,A,0
2120,B,0
2121,A,0
2122,B,0
2123,B,0
2124,A,0
2125,A,0
2126,B,0
2127,B,0
2128,B,0
2129,A,0
2130,B,0
2131,A,0
2132,B,0
2133,A,0
2134,B,0
2135,B,0
2136,B,0
2137,A,0
2138,B,0
2139,B,0
2140,A,0
2141,B,0
2142,A,1
2143,B,0
2144,A,0
2145,B,0
2146,B,0
2147,B,0
2148,A,0
2149,A,0
2150,A,0
2151,A,0
2152,B,0
2153,B,0
2154,B,0
2155,B,0
2156,A,0
2157,B,0
2158,A,0
2159,B,0
2160,B,0
2161,B,1
2162,A,0
2163,B,0
2164,A,1
2165,B,0
2166,A,0
2167,A,0
2168,A,0
2169,A,0
2170,B,0
2171,B,0
2172,A,0
2173,A,1
2174,B,0
2175,B,1
2176,A,0
2177,A,0
2178,A,0
2179,A,0
2180,A,0
2181,B,0
2182,B,0
2183,A,0
2184,A,0
2185,B,0
2186,A,0
2187,A,0
2188,A,0
2189,A,0
2190,B,0
2191,A,0
2192,A,0
2193,A,0
2194,B,0
2195,B,0
2196,B,0
2197,A,0
2198,B,0
2199,B,0
2200,B,0
2201,B,0
2202,A,0
2203,B,1
2204,B,0
2205,B,1
2206,B,0
2207,B,0
2208,A,0
2209,B,0
2210,B,0
2211,A,0
2212,A,0
2213,A,1
2214,B,0
2215,A,0
2216,B,0
2217,A,0
2218,B,0
2219,B,0
2220,A,0
2221,A,0
2222,B,1
2223,A,0
2224,B,0
2225,B,0
2226,A,0
2227,B,0
2228,B,0
2229,A,0
2230,B,0
2231,A,0
2232,B,0
2233,A,0
2234,B,0
2235,B,0
2236,A,0
2237,A,0
2238,A,0
2239,A,0
2240,A,0
2241,B,1
2242,A,0
2243,B,0
2244,A,0
2245,B,0
2246,B,0
2247,B,1
2248,A,0
2249,B,0
2250,B,0
2251,A,0
2252,A,0
2253,B,0
2254,A,0
2255,A,0
2256,B,0
2257,B,0
2258,B,0
2259,B,0
2260,A,0
2261,A,0
2262,B,0
2263,B,0
2264,A,0
2265,A,0
2266,A,0
2267,A,0
2268,A,0
2269,B,0
2270,B,0
2271,B,0
2272,A,0
2273,A,0
2274,B,0
2275,B,0
2276,B,0
2277,A,0
2278,A,0
2279,B,0
2280,B,0
2281,B,0
2282,A,0
2283,A,0
2284,A,0
2285,A,0
2286,A,0
2287,B,0
2288,A,0
2289,B,0
2290,A,0
2291,B,0
2292,A,0
2293,A,0
2294,B,0
2295,B,0
2296,A,0
2297,B,0
2298,A,0
2299,B,0
2300,B,0
2301,B,0
2302,A,0
2303,A,0
2304,B,0
2305,A,0
2306,B,0
2307,A,0
2308,A,0
2309,A,0
2310,A,0
2311,A,0
2312,A,0
2313,A,0
2314,A,0
2315,B,0
2316,B,0
2317,B,0
2318,B,0
2319,A,0
2320,B,0
2321,B,0
2322,A,1
2323,B,0
2324,B,0
2325,B,0
2326,A,0
2327,B,0
2328,B,0
2329,B,0
2330,B,0
2331,B,0
2332,A,0
2333,B,0
2334,A,0
2335,A,1
2336,A,0
2337,B,1
2338,B,0
2339,B,0
2340,A,0
2341,B,0
2342,B,0
2343,B,0
2344,B,0
2345,A,0
2346,A,0
2347,B,0
2348,B,0
2349,A,0
2350,A,0
2351,B,0
2352,A,0
2353,A,0
2354,B,0
2355,A,0
2356,A,1
2357,B,1
2358,B,0
2359,A,0
2360,B,0
2361,A,0
2362,A,0
2363,A,0
2364,B,0
2365,A,0
2366,A,0
2367,B,0
2368,B,0
2369,B,0
2370,B,0
2371,A,0
2372,B,0
2373,A,0
2374,B,0
2375,B,0
2376,A,0
2377,A,0
2378,B,0
2379,B,0
2380,A,0
2381,A,0
2382,B,0
2383,B,0
2384,A,0
2385,B,1
2386,A,1
2387,A,0
2388,A,0
2389,B,0
2390,A,0
2391,A,0
2392,A,0
2393,A,0
2394,A,0
2395,B,0
2396,B,0
2397,A,0
2398,B,0
2399,B,0
2400,A,1
2401,A,0
2402,B,0
2403,A,0
2404,A,1
2405,A,0
2406,B,0
2407,B,0
2408,A,0
2409,A,0
2410,B,0
2411,B,0
2412,A,1
2413,A,0
2414,A,0
2415,A,0
2416,B,0
2417,B,0
2418,B,0
2419,B,0
2420,B,0
2421,B,0
2422,A,0
2423,A,0
2424,B,0
2425,A,0
2426,B,0
2427,A,0
2428,A,0
2429,A,0
2430,A,0
2431,A,0
2432,A,0
2433,A,0
2434,A,0
2435,B,0
2436,A,0
2437,B,0
2438,A,0
2439,B,0
2440,B,0
2441,B,0
2442,B,0
2443,A,0
2444,B,0
2445,A,0
2446,B,1
2447,A,0
2448,A,0
2449,B,0
2450,B,0
2451,B,0
2452,B,0
2453,B,0
2454,B,0
2455,B,0
2456,A,0
2457,B,0
2458,B,0
2459,B,0
2460,B,1
2461,B,0
2462,B,0
2463,A,1
2464,B,0
2465,B,0
2466,B,0
2467,B,0
2468,B,0
2469,A,0
2470,B,1
2471,B,0
2472,B,0
2473,B,0
2474,B,0
2475,B,0
2476,A,0
2477,B,0
2478,B,0
2479,B,0
2480,A,0
2481,B,0
2482,A,0
2483,A,0
2484,A,1
2485,B,0
2486,A,0
2487,A,0
2488,A,0
2489,B,0
2490,A,0
2491,B,0
2492,A,0
2493,B,0
2494,B,0
2495,A,0
2496,B,0
2497,A,0
2498,B,0
2499,B,0
2500,A,0
2501,A,1
2502,A,0
2503,A,0
2504,B,0
2505,A,0
2506,A,0
2507,A,0
2508,B,0
2509,B,0
2510,B,0
2511,A,0
2512,B,0
2513,B,0
2514,A,0
2515,B,0
2516,A,0
2517,B,0
2518,B,0
2519,B,0
2520,A,0
2521,B,0
2522,B,0
2523,A,0
2524,B,0
2525,A,0
2526,A,0
2527,B,0
2528,A,0
2529,A,0
2530,A,0
2531,B,0
2532,A,0
2533,A,0
2534,B,0
2535,A,0
2536,B,0
2537,B,0
2538,B,0
2539,B,0
2540,A,0
2541,A,0
2542,A,0
2543,A,0
2544,B,0
2545,B,0
2546,B,0
2547,A,0
2548,B,0
2549,B,0
2550,B,0
2551,B,0
2552,B,0
2553,A,0
2554,A,0
2555,B,0
2556,A,0
2557,A,0
2558,B,0
2559,B,0
2560,A,0
2561,A,0
2562,B,0
2563,B,0
2564,A,0
2565,B,0
2566,A,0
2567,B,0
2568,A,0
2569,B,0
2570,B,0
2571,B,0
2572,B,0
2573,A,0
2574,A,0
2575,A,0
2576,A,0
2577,A,0
2578,A,0
2579,B,0
2580,A,0
2581,A,0
2582,B,0
2583,B,0
2584,A,0
2585,B,0
2586,A,0
2587,B,0
2588,A,0
2589,B,0
2590,B,0
2591,A,0
2592,B,0
2593,A,0
2594,B,0
2595,A,1
2596,B,0
2597,B,0
2598,B,0
2599,A,0
2600,A,0
2601,A,1
2602,B,0
2603,B,0
2604,B,0
2605,B,0
2606,A,0
2607,B,0
2608,B,0
2609,B,0
2610,B,0
2611,B,1
2612,B,0
2613,B,1
2614,A,0
2615,B,0
2616,A,0
2617,B,0
2618,B,0
2619,B,0
2620,A,0
2621,A,1
2622,A,0
2623,B,0
2624,A,0
2625,B,0
2626,A,0
2627,B,0
2628,B,0
2629,B,0
2630,B,0
2631,A,0
2632,B,1
2633,A,0
2634,A,0
2635,A,1
2636,A,0
2637,B,0
2638,A,0
2639,B,0
2640,A,0
2641,B,0
2642,B,0
2643,A,0
2644,A,0
2645,A,0
2646,A,0
2647,A,0
2648,B,0
2649,A,0
2650,B,0
2651,A,0
2652,A,0
2653,B,1
2654,B,0
2655,B,0
2656,B,0
2657,A,0
2658,B,0
2659,A,1
2660,B,0
2661,B,0
2662,A,0
2663,B,0
2664,A,0
2665,A,0
2666,A,0
2667,A,1
2668,B,0
2669,A,0
2670,B,1
2671,A,0
2672,B,0
2673,B,0
2674,B,1
2675,A,0
2676,A,0
2677,A,0
2678,A,0
2679,A,0
2680,A,1
2681,B,0
2682,A,0
2683,B,0
2684,B,0
2685,B,0
2686,B,0
2687,B,0
2688,A,0
2689,A,0
2690,B,0
2691,A,0
2692,A,0
2693,A,0
2694,B,0
2695,A,0
2696,A,0
2697,B,0
2698,B,0
2699,B,0
2700,A,0
2701,B,0
2702,A,0
2703,B,0
2704,B,0
2705,A,0
2706,A,0
2707,A,0
2708,A,0
2709,B,0
2710,A,0
2711,B,0
2712,B,0
2713,A,0
2714,A,0
2715,A,0
2716,B,0
2717,A,0
2718,B,0
2719,A,0
2720,B,0
2721,A,0
2722,A,0
2723,A,0
2724,B,0
2725,A,0
2726,A,0
2727,B,0
2728,B,0
2729,A,0
2730,A,0
2731,A,0
2732,B,0
2733,A,0
2734,B,0
2735,A,0
2736,A,0
2737,A,0
2738,A,0
2739,B,0
2740,A,0
2741,A,0
2742,B,0
2743,A,0
2744,A,0
2745,B,0
2746,B,0
2747,B,0
2748,B,0
2749,A,0
2750,B,0
2751,B,0
2752,A,0
2753,B,0
2754,A,0
2755,A,0
2756,A,0
2757,B,0
2758,B,0
2759,A,0
2760,A,0
2761,B,0
2762,A,1
2763,A,0
2764,A,0
2765,B,0
2766,B,0
2767,A,0
2768,B,1
2769,B,0
2770,A,1
2771,B,0
2772,A,0
2773,A,0
2774,A,0
2775,B,0
2776,A,0
2777,A,0
2778,B,0
2779,B,0
2780,A,0
2781,A,0
2782,B,0
2783,B,0
2784,B,0
2785,B,0
2786,B,0
2787,A,0
2788,A,0
2789,B,0
2790,B,0
2791,A,0
2792,A,0
2793,B,0
2794,A,0
2795,A,0
2796,B,0
2797,A,0
2798,A,0
2799,A,0
2800,A,0
2801,B,0
2802,A,0
2803,A,0
2804,A,0
2805,A,0
2806,B,0
2807,A,0
2808,B,0
2809,A,0
2810,B,0
2811,A,0
2812,A,0
2813,A,0
2814,A,0
2815,A,0
2816,A,0
2817,A,0
2818,B,0
2819,B,0
2820,B,0
2821,A,0
2822,B,0
2823,B,0
2824,B,0
2825,A,0
2826,B,0
2827,B,0
2828,A,0
2829,B,0
2830,B,0
2831,B,0
2832,B,0
2833,B,0
2834,B,0
2835,B,0
2836,A,0
2837,B,0
2838,B,0
2839,B,0
2840,A,0
2841,A,0
2842,B,0
2843,B,0
2844,B,0
2845,A,0
2846,B,0
2847,B,0
2848,A,0
2849,A,0
2850,A,0
2851,B,0
2852,B,0
2853,B,0
2854,B,0
2855,A,0
2856,B,1
2857,A,0
2858,A,0
2859,A,0
2860,B,0
2861,B,0
2862,B,0
2863,B,0
2864,A,0
2865,B,0
2866,A,0
2867,B,0
2868,B,0
2869,B,0
2870,A,0
2871,B,0
2872,B,0
2873,A,0
2874,B,0
2875,B,0
2876,A,0
2877,A,1
2878,A,0
2879,B,0
2880,B,1
2881,B,0
2882,B,0
2883,B,0
2884,B,0
2885,A,0
2886,B,0
2887,A,0
2888,B,1
2889,A,0
2890,B,0
2891,B,0
2892,B,0
2893,A,0
2894,B,0
2895,B,0
2896,A,0
2897,B,0
2898,A,0
2899,A,0
2900,B,0
2901,B,0
2902,A,0
2903,B,0
2904,B,0
2905,B,0
2906,B,0
2907,B,0
2908,A,0
2909,A,0
2910,A,0
2911,B,0
2912,B,0
2913,B,0
2914,A,0
2915,B,0
2916,B,0
2917,B,0
2918,B,0
2919,A,0
2920,A,0
2921,B,0
2922,B,0
2923,B,0
2924,B,0
2925,B,0
2926,A,0
2927,B,0
2928,A,0
2929,A,0
2930,A,0
2931,B,1
2932,B,0
2933,B,0
2934,A,0
2935,B,0
2936,A,0
2937,A,0
2938,A,0
2939,B,0
2940,A,0
2941,A,0
2942,A,0
2943,B,0
2944,B,0
2945,A,0
2946,A,0
2947,A,0
2948,B,0
2949,A,0
2950,A,0
2951,A,1
2952,A,0
2953,A,0
2954,A,0
2955,A,0
2956,B,0
2957,A,0
2958,B,0
2959,A,0
2960,A,0
2961,A,0
2962,B,0
2963,B,0
2964,A,0
2965,B,0
2966,B,0
2967,A,0
2968,B,0
2969,A,0
2970,A,0
2971,B,1
2972,A,0
2973,A,0
2974,A,0
2975,B,0
2976,B,0
2977,A,0
2978,A,0
2979,A,0
2980,B,0
2981,B,0
2982,A,0
2983,B,0
2984,B,0
2985,A,0
2986,A,0
2987,A,0
2988,B,0
2989,B,0
2990,A,0
2991,A,0
2992,A,0
2993,A,0
2994,A,0
2995,A,0
2996,B,0
2997,B,0
2998,A,0
2999,B,0
3000,B,0
3001,B,0
3002,B,0
3003,B,0
3004,A,0
3005,B,0
3006,A,0
3007,B,0
3008,A,0
3009,A,0
3010,A,0
3011,A,0
3012,A,0
3013,B,0
3014,B,0
3015,A,0
3016,A,0
3017,A,0
3018,A,1
3019,B,0
3020,B,0
3021,A,0
3022,A,0
3023,B,0
3024,B,1
3025,A,0
3026,B,0
3027,A,0
3028,A,0
3029,B,0
3030,B,0
3031,A,0
3032,B,0
3033,A,0
3034,B,0
3035,A,0
3036,B,0
3037,B,0
3038,B,1
3039,B,0
3040,B,1
3041,A,0
3042,B,0
3043,A,0
3044,B,0
3045,A,0
3046,B,0
3047,A,0
3048,B,0
3049,A,0
3050,A,1
3051,A,0
3052,B,0
3053,A,0
3054,A,0
3055,A,0
3056,A,0
3057,B,0
3058,A,0
3059,A,0
3060,A,0
3061,A,0
3062,B,0
3063,A,0
3064,A,0
3065,B,0
3066,B,0
3067,A,0
3068,B,0
3069,B,0
3070,A,0
3071,B,0
3072,A,0
3073,A,0
3074,B,0
3075,B,0
3076,B,0
3077,A,0
3078,A,0
3079,B,1
3080,A,0
3081,B,0
3082,A,0
3083,A,0
3084,A,0
3085,B,0
3086,A,0
3087,B,0
3088,B,0
3089,A,0
3090,A,0
3091,B,0
3092,A,0
3093,A,0
3094,B,0
3095,A,0
3096,B,0
3097,A,0
3098,A,0
3099,B,0
3100,B,0
3101,A,0
3102,B,0
3103,B,0
3104,A,0
3105,A,0
3106,A,0
3107,B,0
3108,B,0
3109,A,0
3110,B,0
3111,B,0
3112,B,0
3113,B,0
3114,A,0
3115,A,0
3116,B,0
3117,A,0
3118,A,0
3119,B,0
3120,B,0
3121,B,0
3122,B,0
3123,B,1
3124,A,0
3125,A,0
3126,A,0
3127,B,0
3128,B,0
3129,B,0
3130,B,0
3131,B,0
3132,A,0
3133,B,0
3134,B,0
3135,B,0
3136,A,0
3137,B,0
3138,A,0
3139,A,0
3140,A,0
3141,A,0
3142,B,0
3143,A,0
3144,A,0
3145,B,0
3146,B,0
3147,B,0
3148,A,0
3149,A,0
3150,B,0
3151,A,0
3152,B,0
3153,A,0
3154,A,0
3155,B,0
3156,A,0
3157,B,0
3158,A,0
3159,B,0
3160,A,0
3161,A,0
3162,B,0
3163,B,0
3164,B,0
3165,B,0
3166,A,0
3167,B,0
3168,B,0
3169,B,0
3170,A,0
3171,B,0
3172,A,0
3173,A,0
3174,A,0
3175,B,0
3176,A,0
3177,A,0
3178,B,0
3179,A,0
3180,A,0
3181,B,0
3182,B,0
3183,A,1
3184,A,0
3185,A,0
3186,B,0
3187,A,0
3188,A,0
3189,A,0
3190,A,0
3191,B,0
3192,A,0
3193,B,0
3194,A,0
3195,A,0
3196,A,0
3197,A,0
3198,A,0
3199,B,0
3200,B,0
3201,B,0
3202,A,0
3203,A,0
3204,B,0
3205,B,0
3206,B,0
3207,B,0
3208,B,1
3209,B,0
3210,B,0
3211,B,0
3212,A,1
3213,A,0
3214,B,0
3215,B,0
3216,B,0
3217,B,1
3218,B,0
3219,A,0
3220,A,0
3221,A,1
3222,B,0
3223,B,0
3224,A,0
3225,A,0
3226,A,0
3227,B,0
3228,A,0
3229,B,0
3230,A,0
3231,A,0
3232,B,0
3233,B,0
3234,B,0
3235,A,0
3236,A,0
3237,A,0
3238,B,0
3239,A,0
3240,B,0
3241,A,0
3242,B,0
3243,A,0
3244,B,0
3245,B,0
3246,A,0
3247,B,0
3248,A,0
3249,B,0
3250,B,0
3251,A,0
3252,A,0
3253,A,0
3254,B,0
3255,A,0
3256,B,0
3257,B,0
3258,B,0
3259,B,0
3260,A,0
3261,B,0
3262,B,0
3263,A,0
3264,B,0
3265,A,0
3266,A,0
3267,B,0
3268,A,0
3269,B,0
3270,A,0
3271,B,0
3272,A,0
3273,B,0
3274,B,0
3275,B,0
3276,B,0
3277,B,0
3278,A,0
3279,B,0
3280,B,0
3281,A,0
3282,A,0
3283,B,1
3284,A,0
3285,B,0
3286,A,0
3287,B,0
3288,B,0
3289,B,0
3290,B,0
3291,B,0
3292,B,0
3293,A,0
3294,B,0
3295,B,0
3296,A,0
3297,A,0
3298,B,0
3299,B,0
3300,A,0
3301,A,0
3302,A,0
3303,B,0
3304,B,0
3305,A,0
3306,A,0
3307,A,0
3308,A,0
3309,B,0
3310,A,0
3311,B,0
3312,A,0
3313,A,0
3314,B,0
3315,B,0
3316,A,0
3317,B,0
3318,B,0
3319,A,0
3320,B,0
3321,B,0
3322,B,0
3323,A,0
3324,A,0
3325,B,0
3326,B,0
3327,B,0
3328,A,0
3329,B,0
3330,A,0
3331,A,0
3332,B,0
3333,B,0
3334,A,0
3335,A,0
3336,B,0
3337,B,0
3338,A,0
3339,B,0
3340,B,0
3341,B,0
3342,B,0
3343,A,0
3344,B,0
3345,B,0
3346,A,0
3347,A,0
3348,A,0
3349,B,0
3350,B,0
3351,A,0
3352,B,0
3353,A,0
3354,A,0
3355,A,0
3356,A,0
3357,B,0
3358,B,0
3359,A,0
3360,B,0
3361,A,0
3362,B,0
3363,B,0
3364,B,0
3365,B,0
3366,A,0
3367,A,0
3368,A,0
3369,A,0
3370,B,1
3371,B,0
3372,B,0
3373,A,0
3374,A,0
3375,B,0
3376,B,0
3377,A,0
3378,A,0
3379,A,0
3380,A,0
3381,B,0
3382,B,0
3383,A,0
3384,A,0
3385,B,1
3386,A,0
3387,B,0
3388,B,0
3389,A,0
3390,A,0
3391,A,1
3392,A,0
3393,B,0
3394,B,0
3395,A,0
3396,A,0
3397,B,0
3398,B,0
3399,B,0
3400,A,0
3401,A,0
3402,A,0
3403,A,0
3404,B,0
3405,A,0
3406,A,0
3407,A,0
3408,B,1
3409,B,0
3410,B,0
3411,A,0
3412,B,0
3413,A,0
3414,A,0
3415,A,0
3416,A,0
3417,B,0
3418,B,0
3419,B,0
3420,A,0
3421,B,0
3422,B,0
3423,A,0
3424,B,0
3425,A,0
3426,A,0
3427,A,0
3428,A,0
3429,A,0
3430,B,0
3431,B,0
3432,B,0
3433,A,0
3434,A,0
3435,A,0
3436,B,0
3437,A,0
3438,B,0
3439,A,0
3440,A,0
3441,A,0
3442,A,0
3443,A,0
3444,B,0
3445,A,0
3446,B,0
3447,B,0
3448,B,0
3449,B,1
3450,A,0
3451,A,0
3452,B,0
3453,A,0
3454,B,0
3455,B,0
3456,B,0
3457,A,0
3458,A,0
3459,B,0
3460,A,0
3461,A,0
3462,B,0
3463,A,0
3464,A,0
3465,B,0
3466,A,0
3467,B,0
3468,B,0
3469,B,0
3470,A,0
3471,A,0
3472,B,0
3473,A,0
3474,B,0
3475,B,0
3476,B,0
3477,B,0
3478,A,0
3479,B,0
3480,B,0
3481,B,0
3482,B,0
3483,A,0
3484,B,0
3485,B,1
3486,A,0
3487,A,0
3488,A,0
3489,B,0
3490,B,0
3491,A,0
3492,A,0
3493,B,0
3494,B,0
3495,B,0
3496,A,0
3497,B,0
3498,A,0
3499,B,0
3500,B,0
3501,B,0
3502,B,0
3503,A,0
3504,B,0
3505,A,0
3506,A,0
3507,B,0
3508,B,0
3509,A,0
3510,B,0
3511,A,0
3512,A,0
3513,A,0
3514,A,0
3515,A,0
3516,A,0
3517,A,0
3518,B,1
3519,B,0
3520,A,0
3521,A,0
3522,B,0
3523,A,0
3524,A,0
3525,A,0
3526,B,0
3527,A,0
3528,B,0
3529,A,0
3530,B,0
3531,B,0
3532,A,0
3533,A,0
3534,A,0
3535,B,0
3536,B,0
3537,A,0
3538,A,0
3539,A,0
3540,B,0
3541,B,0
3542,A,0
3543,A,0
3544,A,0
3545,B,0
3546,A,0
3547,B,0
3548,B,0
3549,A,0
3550,B,0
3551,B,0
3552,A,0
3553,A,0
3554,A,0
3555,A,0
3556,A,0
3557,B,1
3558,B,0
3559,B,0
3560,B,0
3561,A,0
3562,A,0
3563,B,0
3564,B,0
3565,A,0
3566,B,1
3567,A,0
3568,B,0
3569,B,1
3570,A,0
3571,B,0
3572,B,0
3573,B,0
3574,B,0
3575,A,0
3576,A,0
3577,A,0
3578,A,0
3579,B,0
3580,A,0
3581,B,0
3582,A,1
3583,A,0
3584,A,0
3585,A,0
3586,B,0
3587,B,0
3588,B,0
3589,B,0
3590,A,0
3591,B,0
3592,A,0
3593,B,1
3594,B,0
3595,B,0
3596,A,0
3597,A,0
3598,A,0
3599,A,0
3600,B,0
3601,B,0
3602,A,0
3603,A,0
3604,A,0
3605,A,0
3606,B,0
3607,B,0
3608,B,0
3609,B,0
3610,A,0
3611,A,0
3612,B,0
3613,A,0
3614,B,0
3615,B,0
3616,A,0
3617,A,0
3618,B,0
3619,B,0
3620,A,0
3621,B,0
3622,A,0
3623,B,0
3624,A,1
3625,A,0
3626,A,0
3627,A,0
3628,A,0
3629,A,0
3630,B,0
3631,A,0
3632,A,0
3633,B,0
3634,B,0
3635,A,1
3636,A,0
3637,A,0
3638,B,0
3639,B,0
3640,B,0
3641,A,0
3642,A,0
3643,A,0
3644,B,0
3645,B,0
3646,B,0
3647,A,0
3648,A,0
3649,B,0
3650,A,0
3651,B,0
3652,B,0
3653,A,0
3654,B,0
3655,A,0
3656,A,1
3657,A,0
3658,B,0
3659,B,0
3660,A,0
3661,B,0
3662,A,0
3663,B,0
3664,B,0
3665,B,0
3666,B,0
3667,A,0
3668,A,0
3669,B,0
3670,A,0
3671,B,0
3672,A,0
3673,B,0
3674,B,0
3675,B,0
3676,A,0
3677,B,0
3678,A,0
3679,A,0
3680,A,0
3681,A,0
3682,B,0
3683,B,0
3684,A,0
3685,B,0
3686,B,0
3687,B,0
3688,A,0
3689,B,0
3690,A,0
3691,B,0
3692,A,0
3693,B,0
3694,A,0
3695,A,0
3696,A,0
3697,A,0
3698,A,0
3699,B,0
3700,A,0
3701,A,0
3702,A,0
3703,A,0
3704,A,0
3705,B,0
3706,A,0
3707,B,0
3708,A,0
3709,B,1
3710,A,0
3711,B,0
3712,B,0
3713,B,0
3714,B,0
3715,B,0
3716,B,1
3717,B,0
3718,A,0
3719,B,0
3720,B,0
3721,A,0
3722,B,0
3723,B,0
3724,A,0
3725,A,0
3726,A,0
3727,B,0
3728,B,0
3729,A,0
3730,B,0
3731,A,0
3732,B,0
3733,A,0
3734,B,0
3735,A,0
3736,B,0
3737,B,0
3738,B,0
3739,A,0
3740,A,1
3741,A,0
3742,A,0
3743,A,0
3744,B,0
3745,A,0
3746,A,1
3747,A,0
3748,A,1
3749,B,0
3750,A,0
3751,A,0
3752,A,1
3753,B,0
3754,A,0
3755,A,0
3756,B,0
3757,B,0
3758,A,0
3759,A,0
3760,B,0
3761,A,0
3762,A,0
3763,B,1
3764,B,0
3765,A,0
3766,B,0
3767,B,0
3768,B,0
3769,B,0
3770,A,0
3771,A,0
3772,A,0
3773,A,0
3774,B,0
3775,B,0
3776,B,0
3777,A,0
3778,A,0
3779,A,1
3780,B,0
3781,A,0
3782,B,0
3783,B,0
3784,A,0
3785,B,0
3786,B,1
3787,B,0
3788,A,0
3789,A,0
3790,A,0
3791,B,0
3792,B,0
3793,A,0
3794,A,0
3795,B,0
3796,B,0
3797,B,0
3798,B,0
3799,B,0
3800,B,0
3801,B,0
3802,A,0
3803,A,0
3804,A,0
3805,B,0
3806,A,0
3807,B,0
3808,B,0
3809,A,0
3810,A,0
3811,A,0
3812,B,0
3813,A,1
3814,A,0
3815,A,1
3816,A,0
3817,B,0
3818,B,0
3819,A,0
3820,B,0
3821,B,0
3822,A,0
3823,A,0
3824,B,0
3825,B,0
3826,A,0
3827,A,0
3828,B,0
3829,B,0
3830,A,0
3831,A,0
3832,B,0
3833,A,0
3834,A,0
3835,B,0
3836,A,0
3837,B,0
3838,B,0
3839,A,0
3840,A,0
3841,B,0
3842,A,0
3843,B,0
3844,A,0
3845,B,0
3846,A,0
3847,A,0
3848,B,0
3849,A,0
3850,A,0
3851,B,1
3852,B,0
3853,A,0
3854,B,0
3855,A,0
3856,A,0
3857,A,0
3858,B,0
3859,B,1
3860,A,0
3861,B,0
3862,A,0
3863,A,0
3864,A,0
3865,B,0
3866,A,0
3867,B,0
3868,A,0
3869,B,0
3870,A,0
3871,A,0
3872,B,0
3873,B,1
3874,B,1
3875,A,0
3876,B,0
3877,A,0
3878,B,1
3879,B,0
3880,B,0
3881,B,0
3882,A,0
3883,A,0
3884,B,0
3885,A,0
3886,A,0
3887,B,0
3888,B,0
3889,B,0
3890,B,0
3891,B,0
3892,A,0
3893,B,0
3894,B,0
3895,B,0
3896,B,0
3897,A,0
3898,B,0
3899,B,0
3900,A,0
3901,B,1
3902,B,0
3903,A,0
3904,B,0
3905,A,0
3906,A,0
3907,B,0
3908,B,0
3909,A,0
3910,A,0
3911,B,1
3912,B,0
3913,A,0
3914,A,0
3915,A,0
3916,A,0
3917,A,0
3918,A,0
3919,B,0
3920,B,0
3921,A,0
3922,B,0
3923,B,0
3924,A,0
3925,B,0
3926,A,0
3927,B,0
3928,B,0
3929,B,0
3930,A,0
3931,B,0
3932,A,0
3933,A,0
3934,B,0
3935,A,0
3936,A,0
3937,B,0
3938,B,0
3939,A,0
3940,A,0
3941,A,0
3942,B,0
3943,A,0
3944,B,0
3945,A,0
3946,A,0
3947,A,0
3948,B,0
3949,A,0
3950,B,0
3951,A,0
3952,B,0
3953,A,0
3954,A,0
3955,A,0
3956,A,0
3957,A,0
3958,B,0
3959,B,0
3960,A,0
3961,A,0
3962,A,0
3963,B,0
3964,A,0
3965,A,0
3966,B,0
3967,A,0
3968,A,0
3969,A,0
3970,A,0
3971,A,0
3972,B,0
3973,B,0
3974,A,0
3975,B,0
3976,A,0
3977,A,0
3978,A,0
3979,B,0
3980,A,0
3981,B,0
3982,B,0
3983,A,0
3984,A,0
3985,A,0
3986,B,0
3987,A,0
3988,A,0
3989,B,0
3990,A,0
3991,A,0
3992,A,0
3993,A,0
3994,B,1
3995,B,0
3996,A,0
3997,A,1
3998,A,0
3999,B,0
4000,B,0
4001,B,0
4002,A,1
4003,A,0
4004,B,0
4005,A,0
4006,A,0
4007,B,0
4008,A,0
4009,A,0
4010,B,0
4011,A,1
4012,A,0
4013,B,0
4014,A,0
4015,B,0
4016,A,0
4017,B,0
4018,A,0
4019,B,0
4020,B,0
4021,B,0
4022,A,0
4023,A,0
4024,B,0
4025,B,0
4026,A,0
4027,A,0
4028,A,0
4029,B,0
4030,A,0
4031,B,0
4032,B,0
4033,B,0
4034,B,0
4035,A,1
4036,B,0
4037,A,0
4038,A,0
4039,A,0
4040,A,0
4041,B,0
4042,B,0
4043,A,0
4044,A,0
4045,B,0
4046,B,0
4047,B,0
4048,A,0
4049,B,1
4050,A,0
4051,A,0
4052,A,0
4053,B,0
4054,A,0
4055,B,0
4056,B,0
4057,A,0
4058,B,0
4059,B,0
4060,B,0
4061,A,0
4062,B,0
4063,B,0
4064,A,0
4065,B,0
4066,A,0
4067,B,0
4068,A,0
4069,A,0
4070,B,0
4071,A,0
4072,A,0
4073,B,0
4074,B,0
4075,B,0
4076,B,1
4077,A,0
4078,B,0
4079,B,0
4080,B,1
4081,B,0
4082,B,0
4083,B,0
4084,B,0
4085,A,0
4086,B,0
4087,A,0
4088,A,0
4089,B,0
4090,B,0
4091,A,0
4092,A,0
4093,B,0
4094,B,0
4095,B,0
4096,B,0
4097,A,0
4098,A,0
4099,A,0
4100,B,0
4101,B,0
4102,A,0
4103,B,0
4104,B,0
4105,B,0
4106,B,0
4107,A,0
4108,B,1
4109,A,0
4110,B,0
4111,B,0
4112,A,0
4113,B,0
4114,A,0
4115,A,0
4116,B,0
4117,A,0
4118,A,0
4119,A,0
4120,A,0
4121,B,0
4122,A,0
4123,A,1
4124,A,0
4125,B,0
4126,B,0
4127,A,0
4128,A,0
4129,B,0
4130,A,0
4131,B,0
4132,B,0
4133,A,1
4134,B,0
4135,A,0
4136,A,0
4137,B,0
4138,B,0
4139,B,0
4140,A,0
4141,A,0
4142,B,0
4143,B,0
4144,A,0
4145,B,0
4146,A,0
4147,A,0
4148,A,0
4149,B,0
4150,B,0
4151,A,0
4152,A,0
4153,A,0
4154,A,0
4155,A,0
4156,B,0
4157,A,0
4158,A,0
4159,B,0
4160,B,0
4161,A,0
4162,A,1
4163,B,0
4164,A,0
4165,B,0
4166,A,0
4167,B,0
4168,A,0
4169,B,0
4170,A,0
4171,A,0
4172,B,0
4173,B,0
4174,B,0
4175,B,0
4176,A,0
4177,A,0
4178,A,0
4179,B,0
4180,B,0
4181,B,0
4182,A,0
4183,B,0
4184,B,0
4185,B,0
4186,B,0
4187,B,0
4188,A,0
4189,A,0
4190,B,0
4191,B,1
4192,B,0
4193,B,0
4194,B,0
4195,B,0
4196,B,0
4197,A,0
4198,A,0
4199,A,0
4200,B,0
4201,A,0
4202,A,0
4203,A,0
4204,A,0
4205,A,0
4206,B,0
4207,A,0
4208,A,0
4209,A,0
4210,B,0
4211,B,0
4212,B,0
4213,A,0
4214,B,0
4215,A,0
4216,B,0
4217,B,0
4218,B,0
4219,B,0
4220,B,0
4221,B,0
4222,B,0
4223,B,0
4224,B,0
4225,A,0
4226,B,0
4227,A,0
4228,A,0
4229,A,0
4230,A,0
4231,B,0
4232,A,0
4233,B,0
4234,A,0
4235,A,0
4236,A,0
4237,B,0
4238,B,0
4239,A,0
4240,B,0
4241,B,0
4242,B,0
4243,A,0
4244,B,0
4245,B,0
4246,B,0
4247,A,0
4248,B,1
4249,A,0
4250,B,0
4251,B,0
4252,A,0
4253,A,0
4254,B,0
4255,B,0
4256,A,0
4257,B,0
4258,A,0
4259,B,0
4260,A,1
4261,B,0
4262,B,0
4263,A,0
4264,B,0
4265,A,0
4266,A,0
4267,B,0
4268,B,0
4269,A,0
4270,A,0
4271,A,0
4272,A,0
4273,B,0
4274,A,1
4275,B,0
4276,A,0
4277,A,0
4278,B,0
4279,B,0
4280,A,0
4281,A,0
4282,A,0
4283,B,0
4284,A,1
4285,A,0
4286,B,0
4287,B,0
4288,B,0
4289,A,0
4290,B,0
4291,A,0
4292,B,0
4293,A,0
4294,B,0
4295,A,0
4296,A,0
4297,B,0
4298,A,0
4299,B,0
4300,B,0
4301,B,1
4302,A,0
4303,B,1
4304,A,1
4305,A,0
4306,A,0
4307,A,1
4308,A,0
4309,A,0
4310,A,0
4311,A,0
4312,A,0
4313,B,0
4314,A,1
4315,B,1
4316,B,0
4317,A,0
4318,B,0
4319,A,0
4320,A,0
4321,B,0
4322,A,0
4323,A,0
4324,A,0
4325,A,0
4326,A,0
4327,B,0
4328,A,0
4329,B,0
4330,A,0
4331,B,0
4332,B,0
4333,B,0
4334,B,0
4335,A,0
4336,B,0
4337,A,0
4338,B,0
4339,B,0
4340,B,0
4341,A,0
4342,B,0
4343,B,0
4344,B,1
4345,B,0
4346,B,0
4347,B,0
4348,B,0
4349,A,0
4350,B,0
4351,A,0
4352,B,1
4353,A,0
4354,A,0
4355,A,0
4356,A,0
4357,A,0
4358,A,0
4359,A,0
4360,A,0
4361,B,0
4362,A,0
4363,B,0
4364,A,0
4365,A,0
4366,A,0
4367,A,0
4368,B,0
4369,B,0
4370,A,1
4371,B,0
4372,A,0
4373,B,0
4374,A,0
4375,A,0
4376,A,0
4377,A,0
4378,B,0
4379,B,0
4380,B,0
4381,B,0
4382,A,0
4383,B,0
4384,B,0
4385,B,0
4386,A,1
4387,B,0
4388,B,0
4389,A,0
4390,B,0
4391,B,0
4392,B,0
4393,B,0
4394,A,0
4395,B,0
4396,B,0
4397,A,0
4398,B,0
4399,A,0
4400,B,0
4401,A,0
4402,A,0
4403,A,0
4404,A,0
4405,B,0
4406,A,1
4407,B,0
4408,A,0
4409,A,0
4410,B,0
4411,A,0
4412,A,0
4413,B,0
4414,A,0
4415,B,0
4416,B,0
4417,B,0
4418,A,0
4419,A,0
4420,B,0
4421,B,1
4422,B,0
4423,A,0
4424,B,0
4425,B,0
4426,B,0
4427,B,0
4428,A,0
4429,A,0
4430,A,0
4431,B,0
4432,B,0
4433,A,0
4434,A,0
4435,A,0
4436,A,0
4437,A,0
4438,B,0
4439,B,0
4440,A,1
4441,A,0
4442,A,0
4443,A,0
4444,A,0
4445,A,1
4446,A,0
4447,A,0
4448,B,1
4449,A,0
4450,A,0
4451,A,0
4452,A,0
4453,B,0
4454,A,0
4455,A,0
4456,B,0
4457,A,0
4458,A,1
4459,A,0
4460,A,0
4461,B,0
4462,B,0
4463,A,0
4464,A,0
4465,A,0
4466,B,0
4467,B,0
4468,A,0
4469,B,0
4470,A,0
4471,B,0
4472,A,0
4473,A,0
4474,B,0
4475,B,0
4476,A,1
4477,B,0
4478,A,0
4479,A,0
4480,B,0
4481,B,0
4482,A,0
4483,B,0
4484,B,0
4485,A,0
4486,B,0
4487,A,0
4488,B,0
4489,A,0
4490,A,0
4491,A,0
4492,A,0
4493,A,0
4494,B,0
4495,A,0
4496,A,0
4497,A,0
4498,A,0
4499,A,0
4500,B,0
4501,A,1
4502,B,0
4503,B,0
4504,A,0
4505,B,0
4506,A,0
4507,B,0
4508,B,0
4509,B,0
4510,B,0
4511,A,0
4512,A,0
4513,B,0
4514,A,0
4515,B,0
4516,A,0
4517,A,0
4518,A,0
4519,B,0
4520,A,0
4521,A,0
4522,B,0
4523,A,0
4524,A,0
4525,A,0
4526,A,1
4527,A,1
4528,B,0
4529,A,0
4530,A,0
4531,A,0
4532,A,0
4533,A,0
4534,B,0
4535,B,0
4536,A,0
4537,A,0
4538,B,1
4539,A,0
4540,A,0
4541,A,0
4542,A,0
4543,B,0
4544,B,0
4545,A,0
4546,A,0
4547,A,0
4548,B,0
4549,A,0
4550,A,0
4551,B,0
4552,B,0
4553,A,0
4554,A,0
4555,A,0
4556,B,0
4557,B,0
4558,B,0
4559,A,1
4560,A,0
4561,A,0
4562,A,0
4563,A,0
4564,A,0
4565,A,0
4566,B,0
4567,B,0
4568,A,0
4569,A,0
4570,B,1
4571,A,0
4572,A,0
4573,B,0
4574,A,0
4575,A,0
4576,B,0
4577,B,0
4578,A,0
4579,B,0
4580,A,0
4581,B,1
4582,B,0
4583,B,0
4584,B,0
4585,B,0
4586,A,0
4587,B,0
4588,A,0
4589,A,0
4590,A,0
4591,A,0
4592,B,0
4593,A,0
4594,A,0
4595,A,0
4596,B,0
4597,B,0
4598,B,0
4599,A,0
4600,B,0
4601,A,1
4602,A,0
4603,B,0
4604,A,0
4605,B,0
4606,A,0
4607,B,1
4608,A,0
4609,B,0
4610,A,0
4611,B,0
4612,B,0
4613,A,0
4614,A,0
4615,B,0
4616,A,0
4617,A,0
4618,B,0
4619,A,0
4620,B,0
4621,B,0
4622,A,0
4623,A,0
4624,B,0
4625,B,0
4626,B,0
4627,B,0
4628,A,0
4629,A,0
4630,B,1
4631,B,1
4632,A,0
4633,A,0
4634,A,0
4635,B,0
4636,A,0
4637,A,0
4638,A,0
4639,B,0
4640,B,0
4641,B,0
4642,B,0
4643,B,0
4644,A,0
4645,B,0
4646,B,0
4647,B,0
4648,A,0
4649,A,0
4650,A,0
4651,A,0
4652,B,0
4653,A,0
4654,A,0
4655,A,0
4656,B,0
4657,A,0
4658,A,0
4659,A,0
4660,B,0
4661,A,0
4662,A,0
4663,B,0
4664,A,0
4665,A,0
4666,B,0
4667,A,0
4668,B,0
4669,B,0
4670,A,0
4671,A,0
4672,B,0
4673,A,0
4674,A,0
4675,B,1
4676,A,0
4677,A,1
4678,A,0
4679,B,0
4680,B,0
4681,B,0
4682,B,0
4683,B,0
4684,B,0
4685,A,0
4686,B,0
4687,B,0
4688,A,0
4689,B,0
4690,A,0
4691,B,0
4692,A,0
4693,B,0
4694,B,0
4695,B,0
4696,A,0
4697,A,0
4698,B,0
4699,B,0
4700,B,0
4701,A,0
4702,B,1
4703,A,0
4704,A,0
4705,A,0
4706,A,0
4707,B,0
4708,B,0
4709,A,0
4710,B,0
4711,A,0
4712,A,0
4713,A,0
4714,B,0
4715,A,0
4716,B,0
4717,A,0
4718,A,0
4719,B,0
4720,B,0
4721,A,0
4722,A,0
4723,B,0
4724,B,0
4725,A,0
4726,A,0
4727,A,0
4728,A,0
4729,B,0
4730,A,0
4731,B,0
4732,B,0
4733,A,0
4734,B,0
4735,B,0
4736,A,0
4737,A,0
4738,A,0
4739,A,0
4740,A,0
4741,B,0
4742,A,0
4743,A,0
4744,B,0
4745,A,0
4746,A,0
4747,A,0
4748,B,0
4749,B,0
4750,B,0
4751,B,0
4752,A,0
4753,A,0
4754,B,0
4755,A,0
4756,B,0
4757,B,0
4758,B,0
4759,A,0
4760,B,0
4761,A,0
4762,A,0
4763,B,0
4764,A,0
4765,A,0
4766,B,0
4767,A,0
4768,A,0
4769,A,0
4770,B,0
4771,B,0
4772,B,0
4773,A,0
4774,A,0
4775,A,0
4776,A,0
4777,A,0
4778,A,0
4779,B,0
4780,B,0
4781,A,0
4782,A,0
4783,A,0
4784,A,0
4785,A,0
4786,B,0
4787,A,0
4788,B,0
4789,A,0
4790,B,0
4791,B,0
4792,B,0
4793,B,0
4794,A,0
4795,A,0
4796,B,0
4797,B,0
4798,B,0
4799,A,0
4800,A,0
4801,A,0
4802,A,0
4803,A,0
4804,A,0
4805,B,0
4806,B,0
4807,A,0
4808,B,0
4809,B,0
4810,B,0
4811,B,0
4812,B,0
4813,A,0
4814,A,0
4815,A,1
4816,B,0
4817,B,0
4818,B,0
4819,A,0
4820,B,0
4821,B,0
4822,A,0
4823,B,0
4824,B,0
4825,B,0
4826,B,0
4827,B,0
4828,A,0
4829,B,0
4830,B,0
4831,B,0
4832,A,0
4833,B,0
4834,A,0
4835,A,0
4836,B,0
4837,A,0
4838,A,0
4839,B,0
4840,B,0
4841,B,0
4842,B,1
4843,A,0
4844,A,0
4845,B,0
4846,A,0
4847,A,0
4848,A,0
4849,A,1
4850,A,0
4851,B,0
4852,B,0
4853,B,0
4854,A,0
4855,B,1
4856,B,0
4857,B,0
4858,A,0
4859,B,0
4860,A,0
4861,B,0
4862,B,0
4863,A,0
4864,A,0
4865,A,0
4866,B,1
4867,A,0
4868,B,0
4869,B,0
4870,B,0
4871,A,0
4872,A,0
4873,B,0
4874,A,0
4875,A,1
4876,B,0
4877,A,0
4878,A,0
4879,B,0
4880,B,0
4881,A,0
4882,B,0
4883,B,0
4884,B,0
4885,B,0
4886,B,0
4887,A,0
4888,B,0
4889,B,0
4890,A,0
4891,A,0
4892,B,1
4893,B,0
4894,B,0
4895,B,0
4896,A,0
4897,A,0
4898,B,0
4899,B,0
4900,A,0
4901,B,0
4902,A,0
4903,A,0
4904,B,0
4905,A,0
4906,B,0
4907,B,0
4908,A,0
4909,A,0
4910,B,0
4911,A,0
4912,A,0
4913,A,0
4914,A,0
4915,A,0
4916,A,0
4917,A,0
4918,B,0
4919,B,0
4920,A,1
4921,A,0
4922,A,0
4923,A,0
4924,B,0
4925,A,0
4926,A,0
4927,A,0
4928,A,0
4929,A,0
4930,A,0
4931,A,0
4932,B,0
4933,B,0
4934,B,0
4935,B,0
4936,B,0
4937,B,0
4938,A,0
4939,B,0
4940,A,0
4941,B,0
4942,B,0
4943,A,0
4944,A,0
4945,A,0
4946,A,0
4947,A,0
4948,A,1
4949,B,0
4950,A,0
4951,B,0
4952,A,0
4953,B,0
4954,B,0
4955,A,0
4956,A,0
4957,B,0
4958,B,0
4959,A,0
4960,A,0
4961,B,1
4962,B,0
4963,A,0
4964,B,1
4965,B,0
4966,B,0
4967,A,0
4968,A,0
4969,B,0
4970,B,0
4971,B,0
4972,A,0
4973,B,0
4974,B,0
4975,B,0
4976,B,0
4977,A,0
4978,B,1
4979,A,0
4980,B,0
4981,B,0
4982,B,0
4983,A,0
4984,B,0
4985,B,0
4986,A,0
4987,A,0
4988,A,0
4989,A,0
4990,B,0
4991,B,0
4992,B,0
4993,B,0
4994,A,0
4995,B,0
4996,A,0
4997,A,0
4998,B,0
4999,B,0
5000,A,0
5001,A,0
5002,A,0
5003,A,0
5004,A,0
5005,A,0
5006,A,0
5007,A,0
5008,B,0
5009,A,0
5010,A,0
5011,B,0
5012,A,0
5013,B,0
5014,B,0
5015,B,0
5016,A,0
5017,A,0
5018,A,0
5019,A,0
5020,A,0
5021,B,0
5022,A,0
5023,B,0
5024,B,0
5025,A,0
5026,A,0
5027,B,0
5028,A,0
5029,B,0
5030,A,0
5031,A,0
5032,A,0
5033,A,0
5034,A,0
5035,B,0
5036,A,0
5037,B,0
5038,A,0
5039,A,0
5040,A,0
5041,A,0
5042,B,0
5043,A,0
5044,A,0
5045,B,0
5046,A,0
5047,B,0
5048,B,1
5049,B,0
5050,A,0
5051,A,1
5052,B,0
5053,A,0
5054,A,0
5055,B,0
5056,A,0
5057,B,0
5058,B,0
5059,B,0
5060,A,0
5061,B,0
5062,A,0
5063,B,0
5064,B,0
5065,A,0
5066,B,0
5067,B,0
5068,A,0
5069,A,0
5070,B,0
5071,A,0
5072,A,0
5073,A,0
5074,B,0
5075,B,0
5076,A,0
5077,A,1
5078,B,0
5079,A,0
5080,A,0
5081,B,0
5082,B,0
5083,A,0
5084,A,0
5085,A,0
5086,B,0
5087,B,0
5088,B,0
5089,A,0
5090,B,0
5091,A,0
5092,B,0
5093,B,0
5094,A,0
5095,B,0
5096,B,0
5097,B,0
5098,A,0
5099,A,0
5100,B,0
5101,B,1
5102,B,0
5103,A,0
5104,A,0
5105,A,0
5106,A,0
5107,B,0
5108,B,0
5109,A,0
5110,B,0
5111,A,0
5112,B,0
5113,B,0
5114,B,0
5115,A,0
5116,A,0
5117,A,0
5118,B,0
5119,A,1
5120,B,0
5121,B,1
5122,B,1
5123,B,0
5124,B,0
5125,B,0
5126,B,0
5127,B,0
5128,B,0
5129,B,0
5130,B,0
5131,B,0
5132,B,0
5133,A,1
5134,B,0
5135,B,0
5136,A,0
5137,B,0
5138,A,0
5139,B,0
5140,B,0
5141,B,0
5142,B,0
5143,B,0
5144,B,0
5145,B,0
5146,B,0
5147,B,0
5148,A,0
5149,B,0
5150,A,0
5151,A,0
5152,B,0
5153,B,0
5154,B,0
5155,A,0
5156,A,0
5157,B,0
5158,A,0
5159,A,0
5160,A,0
5161,B,0
5162,A,0
5163,A,0
5164,B,0
5165,B,0
5166,A,0
5167,A,0
5168,A,0
5169,A,0
5170,B,0
5171,A,0
5172,B,0
5173,A,0
5174,B,0
5175,A,0
5176,A,0
5177,B,0
5178,A,0
5179,B,0
5180,A,0
5181,B,0
5182,B,0
5183,B,0
5184,A,0
5185,A,0
5186,B,0
5187,B,0
5188,B,1
5189,B,0
5190,B,0
5191,B,1
5192,A,0
5193,A,0
5194,A,0
5195,B,0
5196,B,0
5197,A,0
5198,A,0
5199,A,0
5200,B,0
5201,A,0
5202,A,0
5203,A,0
5204,B,0
5205,B,0
5206,B,0
5207,B,0
5208,A,0
5209,A,0
5210,B,0
5211,B,0
5212,B,0
5213,B,0
5214,B,0
5215,B,0
5216,A,0
5217,A,0
5218,A,0
5219,A,0
5220,B,0
5221,B,0
5222,A,0
5223,B,0
5224,B,0
5225,B,0
5226,A,0
5227,A,0
5228,B,0
5229,A,0
5230,A,0
5231,B,0
5232,B,0
5233,A,0
5234,A,0
5235,B,0
5236,A,0
5237,B,0
5238,A,0
5239,A,0
5240,B,0
5241,A,0
5242,A,0
5243,B,0
5244,B,0
5245,A,0
5246,A,0
5247,A,0
5248,B,0
5249,B,0
5250,B,0
5251,A,0
5252,A,0
5253,A,0
5254,A,0
5255,A,0
5256,A,1
5257,A,0
5258,B,0
5259,A,0
5260,B,0
5261,A,0
5262,A,0
5263,B,0
5264,B,0
5265,B,0
5266,B,0
5267,A,0
5268,B,0
5269,B,0
5270,B,0
5271,B,0
5272,B,0
5273,B,1
5274,B,0
5275,A,0
5276,B,0
5277,B,0
5278,A,0
5279,A,0
5280,B,0
5281,A,0
5282,B,0
5283,A,0
5284,B,0
5285,B,0
5286,A,0
5287,A,0
5288,B,1
5289,A,0
5290,A,0
5291,B,0
5292,B,0
5293,A,0
5294,A,0
5295,B,0
5296,B,0
5297,A,0
5298,A,0
5299,A,0
5300,A,0
5301,B,0
5302,A,0
5303,B,0
5304,A,0
5305,B,1
5306,A,0
5307,B,0
5308,B,0
5309,A,0
5310,B,1
5311,A,0
5312,B,0
5313,B,0
5314,B,0
5315,B,0
5316,A,0
5317,A,0
5318,B,0
5319,A,0
5320,B,0
5321,B,0
5322,A,0
5323,B,1
5324,B,0
5325,A,0
5326,B,0
5327,A,0
5328,B,0
5329,B,0
5330,B,0
5331,A,0
5332,A,0
5333,A,0
5334,B,0
5335,B,0
5336,A,0
5337,A,0
5338,B,0
5339,A,0
5340,A,0
5341,B,0
5342,A,0
5343,B,0
5344,A,1
5345,B,0
5346,A,0
5347,B,0
5348,A,0
5349,B,0
5350,A,0
5351,A,0
5352,B,0
5353,A,0
5354,B,0
5355,B,1
5356,A,0
5357,A,0
5358,B,0
5359,A,0
5360,B,0
5361,A,0
5362,A,0
5363,A,0
5364,B,0
5365,A,0
5366,A,0
5367,B,0
5368,A,0
5369,A,0
5370,A,0
5371,B,0
5372,A,0
5373,A,0
5374,B,0
5375,A,0
5376,B,0
5377,B,0
5378,A,0
5379,B,0
5380,B,0
5381,A,0
5382,A,0
5383,A,0
5384,A,0
5385,A,0
5386,B,0
5387,B,0
5388,B,0
5389,A,0
5390,B,0
5391,A,0
5392,A,1
5393,B,0
5394,A,0
5395,B,0
5396,A,0
5397,A,0
5398,B,0
5399,A,0
5400,A,0
5401,A,0
5402,B,0
5403,B,1
5404,A,0
5405,A,0
5406,A,0
5407,B,0
5408,A,0
5409,B,0
5410,B,0
5411,A,0
5412,B,0
5413,B,0
5414,B,0
5415,B,0
5416,B,0
5417,A,0
5418,B,0
5419,B,0
5420,A,0
5421,B,0
5422,B,0
5423,B,1
5424,B,1
5425,A,0
5426,B,0
5427,B,0
5428,A,0
5429,A,0
5430,A,0
5431,A,0
5432,B,0
5433,A,0
5434,A,0
5435,A,0
5436,A,0
5437,B,0
5438,A,0
5439,A,0
5440,B,0
5441,B,0
5442,A,0
5443,A,0
5444,B,0
5445,B,0
5446,B,0
5447,B,0
5448,B,0
5449,B,0
5450,A,0
5451,A,0
5452,B,0
5453,B,0
5454,A,0
5455,B,0
5456,A,0
5457,B,0
5458,A,0
5459,B,0
5460,A,0
5461,A,0
5462,B,0
5463,A,0
5464,A,0
5465,A,0
5466,B,0
5467,A,0
5468,A,0
5469,B,0
5470,B,0
5471,A,0
5472,B,0
5473,B,0
5474,A,0
5475,A,0
5476,B,0
5477,B,0
5478,A,0
5479,A,0
5480,B,0
5481,B,0
5482,B,0
5483,A,0
5484,B,0
5485,A,0
5486,A,0
5487,B,0
5488,B,0
5489,B,0
5490,B,0
5491,A,0
5492,B,0
5493,B,0
5494,A,0
5495,B,0
5496,A,0
5497,A,0
5498,B,0
5499,A,0
5500,B,0
5501,B,0
5502,B,0
5503,B,0
5504,B,0
5505,A,0
5506,B,0
5507,B,0
5508,A,0
5509,B,0
5510,B,0
5511,A,0
5512,A,0
5513,A,0
5514,B,0
5515,A,0
5516,A,0
5517,B,0
5518,B,0
5519,B,0
5520,B,0
5521,B,0
5522,B,0
5523,A,0
5524,A,0
5525,B,0
5526,B,0
5527,B,0
5528,A,0
5529,A,0
5530,A,0
5531,A,0
5532,B,0
5533,B,0
5534,B,0
5535,B,0
5536,A,0
5537,B,1
5538,B,0
5539,B,0
5540,A,0
5541,A,1
5542,B,0
5543,A,0
5544,B,0
5545,B,0
5546,B,0
5547,B,0
5548,B,0
5549,B,0
5550,B,0
5551,A,0
5552,B,0
5553,B,0
5554,A,0
5555,A,0
5556,A,0
5557,A,0
5558,B,0
5559,B,1
5560,A,0
5561,A,0
5562,B,1
5563,B,0
5564,A,0
5565,B,0
5566,B,0
5567,A,0
5568,A,0
5569,B,0
5570,B,0
5571,B,0
5572,B,0
5573,B,0
5574,A,0
5575,A,0
5576,B,0
5577,A,0
5578,A,0
5579,A,0
5580,B,0
5581,B,0
5582,B,0
5583,A,0
5584,A,0
5585,A,0
5586,A,0
5587,A,0
5588,A,0
5589,B,0
5590,A,0
5591,B,0
5592,B,0
5593,A,0
5594,A,0
5595,A,0
5596,B,0
5597,B,0
5598,B,0
5599,A,0
5600,B,0
5601,B,0
5602,B,0
5603,A,0
5604,A,0
5605,A,0
5606,B,1
5607,A,0
5608,B,0
5609,A,0
5610,B,0
5611,B,0
5612,A,0
5613,A,0
5614,A,0
5615,A,0
5616,B,0
5617,B,1
5618,B,0
5619,B,0
5620,A,0
5621,A,0
5622,B,1
5623,A,0
5624,A,0
5625,A,1
5626,B,0
5627,B,0
5628,A,0
5629,B,0
5630,A,0
5631,B,0
5632,A,1
5633,B,1
5634,A,0
5635,B,0
5636,A,0
5637,A,0
5638,A,0
5639,A,0
5640,A,0
5641,A,0
5642,B,0
5643,B,0
5644,B,0
5645,A,0
5646,B,0
5647,B,0
5648,A,0
5649,A,0
5650,A,0
5651,B,0
5652,B,1
5653,A,1
5654,B,0
5655,B,0
5656,B,0
5657,B,0
5658,B,0
5659,A,0
5660,B,0
5661,A,0
5662,B,0
5663,A,0
5664,A,0
5665,B,0
5666,B,0
5667,B,0
5668,B,0
5669,B,0
5670,B,0
5671,B,0
5672,A,0
5673,B,0
5674,A,0
5675,B,0
5676,A,0
5677,A,0
5678,A,0
5679,A,0
5680,B,0
5681,B,0
5682,B,0
5683,A,0
5684,A,0
5685,A,0
5686,B,0
5687,B,0
5688,A,0
5689,A,0
5690,B,0
5691,B,0
5692,A,0
5693,A,0
5694,B,0
5695,B,0
5696,B,0
5697,B,0
5698,B,0
5699,A,1
5700,B,0
5701,A,0
5702,A,0
5703,A,0
5704,B,0
5705,A,0
5706,A,0
5707,B,0
5708,A,0
5709,B,0
5710,B,0
5711,B,0
5712,B,0
5713,B,0
5714,B,0
5715,B,0
5716,A,0
5717,A,1
5718,B,0
5719,A,0
5720,A,0
5721,A,0
5722,B,1
5723,B,0
5724,B,0
5725,B,0
5726,B,0
5727,B,0
5728,B,0
5729,B,0
5730,B,0
5731,A,0
5732,A,0
5733,A,0
5734,B,0
5735,B,0
5736,B,0
5737,B,0
5738,A,0
5739,A,0
5740,A,0
5741,B,0
5742,A,0
5743,A,0
5744,B,0
5745,A,0
5746,B,0
5747,B,1
5748,B,0
5749,A,0
5750,A,0
5751,A,0
5752,A,0
5753,B,0
5754,B,0
5755,A,0
5756,A,0
5757,A,0
5758,A,0
5759,B,0
5760,A,0
5761,A,0
5762,A,0
5763,B,0
5764,A,0
5765,A,0
5766,B,0
5767,B,0
5768,A,0
5769,B,0
5770,A,0
5771,A,0
5772,B,0
5773,A,0
5774,B,0
5775,A,0
5776,B,0
5777,A,0
5778,B,0
5779,B,0
5780,B,0
5781,A,0
5782,B,0
5783,A,0
5784,B,0
5785,B,0
5786,A,0
5787,A,0
5788,B,1
5789,B,0
5790,A,0
5791,A,0
5792,A,0
5793,B,0
5794,A,0
5795,B,0
5796,A,0
5797,B,0
5798,A,0
5799,A,0
5800,B,1
5801,B,0
5802,A,0
5803,A,0
5804,A,0
5805,B,0
5806,A,0
5807,B,0
5808,A,0
5809,B,0
5810,B,0
5811,A,0
5812,A,0
5813,B,0
5814,A,0
5815,A,0
5816,A,0
5817,A,0
5818,A,0
5819,A,0
5820,A,0
5821,A,0
5822,A,0
5823,A,0
5824,B,0
5825,A,1
5826,B,0
5827,B,0
5828,B,0
5829,B,0
5830,A,0
5831,B,0
5832,A,0
5833,A,0
5834,B,0
5835,A,0
5836,A,0
5837,B,0
5838,B,0
5839,B,0
5840,B,0
5841,B,0
5842,A,0
5843,A,0
5844,A,0
5845,A,0
5846,B,0
5847,B,0
5848,B,0
5849,B,0
5850,B,0
5851,A,0
5852,A,0
5853,A,0
5854,B,0
5855,B,0
5856,A,0
5857,A,0
5858,A,0
5859,A,0
5860,B,0
5861,B,0
5862,B,0
5863,A,0
5864,A,0
5865,B,0
5866,A,0
5867,A,0
5868,A,0
5869,A,0
5870,A,0
5871,A,0
5872,A,0
5873,B,0
5874,B,0
5875,B,0
5876,A,1
5877,B,1
5878,B,0
5879,A,0
5880,A,0
5881,B,0
5882,A,0
5883,A,0
5884,A,0
5885,A,0
5886,A,0
5887,A,0
5888,B,0
5889,A,0
5890,B,0
5891,A,0
5892,B,0
5893,B,0
5894,A,0
5895,A,0
5896,B,0
5897,A,0
5898,B,0
5899,A,0
5900,A,0
5901,A,0
5902,B,0
5903,A,0
5904,B,0
5905,A,0
5906,B,0
5907,B,1
5908,B,1
5909,A,0
5910,B,0
5911,B,0
5912,A,0
5913,A,0
5914,B,0
5915,A,0
5916,B,0
5917,A,0
5918,A,0
5919,B,0
5920,B,0
5921,A,0
5922,B,0
5923,A,0
5924,A,0
5925,B,0
5926,B,0
5927,A,0
5928,B,0
5929,A,0
5930,B,0
5931,B,0
5932,B,0
5933,A,0
5934,A,0
5935,A,0
5936,B,0
5937,B,0
5938,B,0
5939,A,0
5940,B,0
5941,B,0
5942,A,0
5943,A,0
5944,A,0
5945,A,0
5946,B,0
5947,B,0
5948,A,0
5949,B,0
5950,A,0
5951,B,0
5952,B,0
5953,B,0
5954,B,0
5955,B,0
5956,B,1
5957,A,0
5958,B,0
5959,B,0
5960,B,0
5961,A,0
5962,A,0
5963,B,0
5964,B,0
5965,B,0
5966,B,0
5967,B,0
5968,B,0
5969,B,0
5970,A,0
5971,B,0
5972,A,0
5973,B,0
5974,B,0
5975,B,0
5976,B,0
5977,A,0
5978,B,0
5979,B,0
5980,B,0
5981,A,0
5982,B,0
5983,A,0
5984,A,0
5985,B,0
5986,B,0
5987,B,0
5988,B,0
5989,B,0
5990,A,0
5991,A,0
5992,A,0
5993,B,0
5994,B,1
5995,B,0
5996,B,0
5997,B,0
5998,A,0
5999,A,0
6000,A,1
6001,A,0
6002,A,0
6003,B,0
6004,B,0
6005,A,0
6006,B,0
6007,B,0
6008,A,0
6009,A,0
6010,B,0
6011,B,0
6012,A,0
6013,A,0
6014,A,0
6015,A,0
6016,A,0
6017,B,0
6018,B,0
6019,B,0
6020,B,0
6021,A,0
6022,A,0
6023,A,0
6024,B,0
6025,A,0
6026,B,0
6027,A,0
6028,B,0
6029,B,0
6030,B,0
6031,A,0
6032,B,0
6033,B,0
6034,A,0
6035,A,0
6036,A,0
6037,A,0
6038,B,0
6039,A,0
6040,B,1
6041,B,0
6042,B,0
6043,B,0
6044,B,0
6045,B,0
6046,B,0
6047,A,0
6048,B,0
6049,A,0
6050,B,0
6051,A,0
6052,A,0
6053,B,0
6054,B,0
6055,A,0
6056,B,0
6057,A,1
6058,A,0
6059,B,0
6060,A,0
6061,A,0
6062,B,0
6063,B,0
6064,B,0
6065,B,0
6066,A,0
6067,B,0
6068,A,0
6069,B,0
6070,A,0
6071,A,0
6072,A,0
6073,B,0
6074,B,0
6075,A,0
6076,B,0
6077,B,0
6078,B,0
6079,B,0
6080,A,0
6081,A,0
6082,A,0
6083,B,0
6084,A,0
6085,A,0
6086,B,0
6087,A,1
6088,B,0
6089,A,0
6090,A,0
6091,B,0
6092,B,0
6093,B,0
6094,A,0
6095,B,0
6096,A,0
6097,B,0
6098,B,0
6099,A,0
6100,A,0
6101,B,0
6102,B,0
6103,B,0
6104,A,0
6105,A,0
6106,B,0
6107,B,0
6108,A,0
6109,A,0
6110,A,0
6111,A,0
6112,A,0
6113,B,0
6114,B,0
6115,B,0
6116,B,0
6117,A,0
6118,B,0
6119,B,0
6120,A,0
6121,A,0
6122,A,0
6123,A,0
6124,A,0
6125,B,0
6126,B,0
6127,B,1
6128,A,0
6129,B,0
6130,A,0
6131,A,1
6132,B,0
6133,B,0
6134,B,0
6135,A,0
6136,A,0
6137,A,0
6138,A,0
6139,A,0
6140,A,0
6141,A,0
6142,B,0
6143,A,0
6144,A,0
6145,B,0
6146,B,0
6147,B,0
6148,A,0
6149,A,0
6150,B,0
6151,B,0
6152,B,0
6153,B,0
6154,A,0
6155,B,0
6156,A,0
6157,B,0
6158,A,0
6159,B,0
6160,B,0
6161,B,0
6162,B,0
6163,A,0
6164,B,0
6165,A,0
6166,A,0
6167,B,0
6168,A,0
6169,A,0
6170,B,0
6171,B,0
6172,B,0
6173,B,0
6174,B,0
6175,A,0
6176,B,0
6177,A,0
6178,B,0
6179,A,0
6180,B,0
6181,B,0
6182,B,0
6183,B,0
6184,B,0
6185,B,0
6186,B,0
6187,A,0
6188,B,0
6189,A,0
6190,A,0
6191,B,1
6192,B,0
6193,B,0
6194,B,0
6195,B,0
6196,A,0
6197,B,0
6198,B,0
6199,B,0
6200,A,0
6201,B,0
6202,A,0
6203,A,0
6204,A,0
6205,B,0
6206,B,0
6207,A,0
6208,B,0
6209,B,0
6210,B,0
6211,B,0
6212,A,0
6213,A,0
6214,B,0
6215,A,0
6216,A,0
6217,A,0
6218,A,0
6219,A,0
6220,A,0
6221,A,0
6222,B,0
6223,A,0
6224,A,0
6225,A,0
6226,B,0
6227,A,0
6228,B,0
6229,A,0
6230,A,0
6231,A,0
6232,B,0
6233,A,0
6234,A,0
6235,A,0
6236,A,0
6237,B,0
6238,A,0
6239,A,0
6240,B,0
6241,A,0
6242,B,0
6243,B,0
6244,B,0
6245,A,0
6246,B,0
6247,B,0
6248,A,0
6249,A,0
6250,B,0
6251,B,0
6252,A,0
6253,B,0
6254,A,0
6255,A,0
6256,B,0
6257,B,0
6258,A,0
6259,B,0
6260,A,0
6261,B,0
6262,A,0
6263,B,0
6264,A,0
6265,A,0
6266,B,0
6267,A,0
6268,A,0
6269,B,0
6270,B,0
6271,A,0
6272,A,0
6273,A,0
6274,B,0
6275,A,0
6276,B,0
6277,B,0
6278,B,0
6279,B,0
6280,B,0
6281,A,0
6282,B,0
6283,B,0
6284,B,0
6285,B,0
6286,B,1
6287,A,0
6288,A,0
6289,B,0
6290,A,0
6291,B,1
6292,B,0
6293,A,0
6294,A,0
6295,A,0
6296,A,0
6297,B,0
6298,B,0
6299,B,0
6300,A,0
6301,A,0
6302,A,1
6303,A,0
6304,B,0
6305,B,0
6306,A,0
6307,B,0
6308,A,0
6309,B,0
6310,A,0
6311,A,0
6312,A,0
6313,A,0
6314,A,0
6315,B,0
6316,B,0
6317,B,0
6318,A,0
6319,B,0
6320,A,0
6321,A,0
6322,B,0
6323,B,0
6324,A,0
6325,B,0
6326,A,0
6327,A,0
6328,A,0
6329,A,0
6330,A,0
6331,B,0
6332,A,0
6333,B,0
6334,A,0
6335,A,0
6336,B,0
6337,B,0
6338,B,0
6339,A,0
6340,B,0
6341,A,0
6342,A,1
6343,A,0
6344,B,0
6345,B,0
6346,B,0
6347,B,0
6348,A,1
6349,A,0
6350,B,0
6351,B,1
6352,B,0
6353,B,0
6354,A,0
6355,B,0
6356,B,0
6357,A,0
6358,A,0
6359,A,0
6360,A,0
6361,B,0
6362,A,0
6363,B,0
6364,A,0
6365,A,0
6366,B,0
6367,A,0
6368,B,0
6369,A,0
6370,A,1
6371,B,0
6372,B,0
6373,A,0
6374,B,0
6375,A,0
6376,B,0
6377,B,0
6378,B,0
6379,B,0
6380,B,0
6381,B,0
6382,B,0
6383,B,0
6384,A,0
6385,B,0
6386,B,0
6387,B,1
6388,A,0
6389,A,0
6390,A,0
6391,B,0
6392,A,0
6393,B,0
6394,A,0
6395,A,0
6396,B,0
6397,A,0
6398,B,0
6399,A,0
6400,A,0
6401,B,0
6402,B,0
6403,B,0
6404,A,0
6405,B,0
6406,B,0
6407,B,0
6408,A,0
6409,B,0
6410,A,0
6411,A,0
6412,B,0
6413,B,0
6414,B,0
6415,A,0
6416,A,0
6417,B,0
6418,A,0
6419,B,0
6420,A,0
6421,B,0
6422,B,0
6423,B,0
6424,A,0
6425,B,1
6426,A,0
6427,B,0
6428,B,0
6429,B,1
6430,B,0
6431,B,0
6432,A,0
6433,B,0
6434,B,0
6435,B,0
6436,A,0
6437,B,1
6438,A,0
6439,A,0
6440,B,0
6441,A,0
6442,A,0
6443,B,0
6444,A,0
6445,B,0
6446,B,0
6447,A,0
6448,B,0
6449,A,0
6450,B,0
6451,A,0
6452,B,0
6453,B,0
6454,A,0
6455,B,0
6456,B,0
6457,B,0
6458,A,0
6459,A,0
6460,B,0
6461,A,0
6462,A,0
6463,A,0
6464,A,0
6465,A,0
6466,A,0
6467,B,0
6468,B,0
6469,B,0
6470,A,0
6471,B,0
6472,B,0
6473,B,0
6474,B,0
6475,A,0
6476,B,0
6477,B,0
6478,A,0
6479,A,0
6480,A,0
6481,A,0
6482,B,0
6483,B,0
6484,B,0
6485,B,0
6486,A,0
6487,A,0
6488,B,0
6489,B,0
6490,A,0
6491,B,0
6492,A,0
6493,B,0
6494,A,0
6495,A,0
6496,A,0
6497,B,0
6498,A,0
6499,A,0
6500,B,1
6501,B,0
6502,A,0
6503,B,0
6504,B,0
6505,A,0
6506,B,0
6507,A,0
6508,B,0
6509,A,0
6510,A,0
6511,B,0
6512,B,0
6513,B,0
6514,A,0
6515,B,0
6516,B,0
6517,B,0
6518,A,0
6519,B,0
6520,B,0
6521,A,0
6522,A,0
6523,B,0
6524,B,0
6525,A,0
6526,A,0
6527,B,0
6528,A,0
6529,A,0
6530,B,0
6531,B,0
6532,A,0
6533,B,0
6534,B,0
6535,B,0
6536,B,0
6537,A,0
6538,B,1
6539,A,0
6540,B,0
6541,B,0
6542,B,1
6543,A,0
6544,B,0
6545,A,0
6546,A,0
6547,B,0
6548,B,0
6549,A,1
6550,B,0
6551,B,0
6552,A,0
6553,B,0
6554,A,0
6555,A,0
6556,A,0
6557,B,0
6558,B,0
6559,A,0
6560,A,0
6561,B,0
6562,B,0
6563,B,0
6564,B,0
6565,B,0
6566,B,0
6567,A,0
6568,A,0
6569,A,0
6570,B,0
6571,B,0
6572,B,0
6573,A,0
6574,A,0
6575,B,0
6576,A,0
6577,B,0
6578,A,0
6579,B,0
6580,B,0
6581,A,0
6582,A,0
6583,B,0
6584,A,0
6585,B,0
6586,A,0
6587,A,0
6588,A,0
6589,A,0
6590,A,0
6591,A,1
6592,B,0
6593,B,0
6594,A,0
6595,A,0
6596,B,0
6597,B,0
6598,A,0
6599,B,0
6600,A,0
6601,B,0
6602,B,0
6603,B,0
6604,B,0
6605,A,0
6606,B,0
6607,B,0
6608,A,0
6609,A,0
6610,B,0
6611,A,0
6612,B,0
6613,A,0
6614,A,0
6615,A,0
6616,B,0
6617,B,0
6618,A,0
6619,B,0
6620,A,0
6621,B,0
6622,B,0
6623,A,0
6624,B,0
6625,A,0
6626,B,0
6627,A,0
6628,B,0
6629,B,0
6630,A,0
6631,A,0
6632,B,0
6633,A,0
6634,B,0
6635,A,0
6636,A,0
6637,B,1
6638,A,0
6639,A,0
6640,B,0
6641,A,0
6642,A,0
6643,B,0
6644,B,0
6645,A,0
6646,A,0
6647,B,0
6648,B,0
6649,A,0
6650,B,0
6651,B,0
6652,B,0
6653,B,0
6654,B,0
6655,A,0
6656,A,0
6657,B,0
6658,B,0
6659,B,0
6660,B,0
6661,A,0
6662,B,0
6663,A,0
6664,B,0
6665,A,0
6666,B,0
6667,B,0
6668,B,0
6669,B,0
6670,B,0
6671,A,0
6672,B,0
6673,A,0
6674,B,0
6675,A,0
6676,A,0
6677,B,0
6678,A,0
6679,A,0
6680,B,0
6681,B,0
6682,A,0
6683,A,0
6684,A,0
6685,B,0
6686,A,0
6687,B,0
6688,B,0
6689,A,0
6690,B,1
6691,B,0
6692,B,0
6693,B,0
6694,B,0
6695,B,0
6696,B,0
6697,A,0
6698,A,0
6699,B,0
6700,A,0
6701,A,0
6702,A,0
6703,A,0
6704,A,0
6705,B,0
6706,B,0
6707,A,0
6708,A,0
6709,B,0
6710,B,0
6711,A,0
6712,B,0
6713,A,0
6714,A,0
6715,B,0
6716,B,0
6717,B,0
6718,B,0
6719,B,0
6720,B,0
6721,B,0
6722,B,0
6723,A,0
6724,B,0
6725,B,0
6726,B,0
6727,B,0
6728,B,0
6729,A,0
6730,A,0
6731,B,0
6732,B,0
6733,B,0
6734,B,0
6735,B,0
6736,A,0
6737,A,0
6738,A,0
6739,A,0
6740,A,0
6741,B,0
6742,A,0
6743,B,0
6744,A,0
6745,A,0
6746,A,0
6747,B,0
6748,B,0
6749,B,0
6750,B,0
6751,B,0
6752,B,0
6753,B,0
6754,A,0
6755,A,0
6756,B,0
6757,A,0
6758,A,0
6759,B,0
6760,A,0
6761,B,0
6762,B,0
6763,B,0
6764,B,1
6765,B,0
6766,B,0
6767,A,0
6768,B,0
6769,A,0
6770,B,0
6771,A,0
6772,B,0
6773,A,0
6774,B,0
6775,A,0
6776,A,0
6777,A,0
6778,A,0
6779,B,0
6780,B,0
6781,A,0
6782,B,0
6783,B,0
6784,A,0
6785,B,0
6786,A,0
6787,A,0
6788,A,0
6789,A,0
6790,A,0
6791,A,0
6792,A,0
6793,A,1
6794,B,0
6795,B,0
6796,A,0
6797,B,0
6798,A,0
6799,B,0
6800,A,0
6801,B,0
6802,B,0
6803,A,0
6804,A,0
6805,A,0
6806,A,0
6807,A,0
6808,B,0
6809,A,0
6810,B,0
6811,A,0
6812,A,1
6813,A,0
6814,B,0
6815,A,0
6816,A,0
6817,A,0
6818,B,0
6819,A,0
6820,A,0
6821,B,0
6822,B,0
6823,A,0
6824,B,0
6825,B,0
6826,B,0
6827,A,0
6828,B,0
6829,A,0
6830,A,0
6831,A,0
6832,B,0
6833,B,0
6834,A,0
6835,B,0
6836,A,0
6837,B,0
6838,B,1
6839,B,0
6840,B,0
6841,B,0
6842,B,1
6843,B,0
6844,B,0
6845,A,0
6846,B,0
6847,A,0
6848,B,0
6849,B,0
6850,B,0
6851,B,0
6852,B,0
6853,B,0
6854,A,0
6855,A,0
6856,B,0
6857,A,0
6858,B,0
6859,B,0
6860,B,0
6861,B,0
6862,A,0
6863,A,0
6864,A,0
6865,B,0
6866,A,0
6867,B,1
6868,A,0
6869,A,0
6870,B,0
6871,A,1
6872,A,0
6873,A,0
6874,A,0
6875,B,0
6876,B,0
6877,B,0
6878,A,0
6879,B,0
6880,A,0
6881,A,0
6882,B,1
6883,B,0
6884,B,0
6885,A,0
6886,B,0
6887,A,0
6888,B,0
6889,B,0
6890,B,0
6891,A,0
6892,A,0
6893,B,0
6894,B,0
6895,B,0
6896,B,0
6897,A,0
6898,B,0
6899,B,0
6900,A,0
6901,B,0
6902,A,0
6903,B,0
6904,A,0
6905,B,0
6906,B,0
6907,B,0
6908,B,0
6909,B,0
6910,A,0
6911,B,0
6912,B,0
6913,B,0
6914,B,0
6915,B,0
6916,B,0
6917,A,0
6918,A,0
6919,A,0
6920,B,0
6921,B,0
6922,B,0
6923,A,0
6924,B,0
6925,A,0
6926,B,0
6927,A,0
6928,B,0
6929,A,0
6930,A,0
6931,A,0
6932,B,1
6933,A,0
6934,A,0
6935,A,0
6936,B,0
6937,A,0
6938,B,0
6939,B,0
6940,B,0
6941,A,0
6942,B,0
6943,B,0
6944,A,0
6945,B,0
6946,A,0
6947,B,0
6948,B,0
6949,B,0
6950,A,0
6951,A,0
6952,A,0
6953,B,0
6954,B,0
6955,B,0
6956,A,0
6957,A,0
6958,A,0
6959,B,0
6960,A,0
6961,B,0
6962,B,0
6963,A,1
6964,A,0
6965,B,0
6966,B,0
6967,A,0
6968,B,0
6969,A,0
6970,A,0
6971,B,0
6972,A,0
6973,A,0
6974,A,0
6975,B,0
6976,B,0
6977,B,0
6978,A,0
6979,A,0
6980,A,0
6981,A,0
6982,A,0
6983,B,0
6984,A,0
6985,A,0
6986,B,0
6987,A,0
6988,A,0
6989,B,0
6990,B,0
6991,A,0
6992,A,0
6993,B,0
6994,B,1
6995,A,1
6996,B,0
6997,B,0
6998,A,0
6999,B,0
7000,B,0
7001,B,0
7002,B,0
7003,A,0
7004,B,0
7005,B,0
7006,B,0
7007,A,0
7008,B,0
7009,A,0
7010,A,0
7011,A,0
7012,B,0
7013,B,0
7014,A,0
7015,B,0
7016,B,0
7017,A,0
7018,B,0
7019,A,0
7020,B,0
7021,A,0
7022,B,0
7023,A,1
7024,A,0
7025,B,0
7026,B,0
7027,A,0
7028,A,0
7029,B,0
7030,B,0
7031,A,0
7032,B,0
7033,A,0
7034,A,0
7035,B,0
7036,B,0
7037,B,0
7038,A,0
7039,A,0
7040,B,0
7041,B,0
7042,B,0
7043,A,0
7044,B,0
7045,B,0
7046,B,0
7047,A,0
7048,A,0
7049,B,0
7050,A,0
7051,B,0
7052,A,0
7053,B,0
7054,A,0
7055,A,0
7056,A,0
7057,A,0
7058,B,0
7059,B,0
7060,B,0
7061,B,0
7062,A,0
7063,B,0
7064,B,0
7065,A,0
7066,B,0
7067,B,0
7068,A,0
7069,A,0
7070,B,0
7071,B,0
7072,A,0
7073,B,0
7074,B,0
7075,B,0
7076,B,0
7077,B,0
7078,A,0
7079,B,0
7080,A,0
7081,B,0
7082,B,0
7083,B,0
7084,A,0
7085,A,0
7086,B,0
7087,B,0
7088,B,0
7089,A,0
7090,A,0
7091,B,0
7092,B,0
7093,B,0
7094,B,0
7095,A,0
7096,A,0
7097,B,0
7098,B,0
7099,A,0
7100,A,0
7101,A,1
7102,B,0
7103,B,0
7104,A,0
7105,B,0
7106,A,0
7107,B,0
7108,B,0
7109,A,0
7110,B,1
7111,A,1
7112,A,0
7113,A,0
7114,B,0
7115,B,0
7116,B,0
7117,B,0
7118,A,0
7119,B,0
7120,B,0
7121,A,0
7122,B,0
7123,A,0
7124,B,0
7125,B,0
7126,B,0
7127,A,0
7128,B,1
7129,B,0
7130,B,0
7131,B,0
7132,B,0
7133,B,0
7134,A,0
7135,A,0
7136,A,0
7137,A,0
7138,B,0
7139,B,0
7140,B,0
7141,B,0
7142,A,1
7143,A,0
7144,A,0
7145,B,0
7146,A,0
7147,B,0
7148,B,0
7149,A,0
7150,B,0
7151,B,0
7152,B,0
7153,A,0
7154,A,0
7155,B,0
7156,B,0
7157,B,0
7158,A,1
7159,A,0
7160,A,0
7161,B,0
7162,A,0
7163,B,0
7164,B,0
7165,A,0
7166,B,0
7167,A,0
7168,A,0
7169,B,0
7170,A,0
7171,B,0
7172,B,0
7173,B,0
7174,A,0
7175,B,0
7176,A,1
7177,B,1
7178,A,0
7179,B,0
7180,A,0
7181,B,0
7182,A,0
7183,B,0
7184,B,0
7185,A,0
7186,A,0
7187,A,0
7188,A,0
7189,B,0
7190,B,0
7191,B,0
7192,A,0
7193,A,0
7194,B,0
7195,A,0
7196,A,0
7197,A,0
7198,B,0
7199,B,0
7200,A,0
7201,B,0
7202,B,0
7203,B,0
7204,B,0
7205,B,0
7206,B,0
7207,B,0
7208,B,0
7209,B,0
7210,A,0
7211,A,0
7212,A,0
7213,A,0
7214,B,0
7215,A,0
7216,B,0
7217,A,0
7218,A,0
7219,A,0
7220,B,0
7221,A,0
7222,B,0
7223,A,0
7224,B,0
7225,B,0
7226,B,0
7227,B,0
7228,B,0
7229,A,0
7230,A,0
7231,B,0
7232,B,0
7233,B,0
7234,A,0
7235,A,0
7236,A,0
7237,A,0
7238,B,0
7239,B,0
7240,B,0
7241,A,0
7242,A,0
7243,A,0
7244,B,0
7245,B,0
7246,A,0
7247,A,0
7248,A,0
7249,B,0
7250,B,0
7251,A,0
7252,B,0
7253,B,0
7254,B,0
7255,A,0
7256,A,0
7257,B,0
7258,B,0
7259,A,0
7260,A,0
7261,B,0
7262,B,0
7263,A,0
7264,A,0
7265,B,0
7266,B,1
7267,B,0
7268,A,0
7269,A,0
7270,A,0
7271,A,0
7272,A,0
7273,B,0
7274,B,0
7275,A,0
7276,B,0
7277,A,0
7278,B,0
7279,A,0
7280,A,0
7281,B,0
7282,A,1
7283,A,0
7284,B,0
7285,B,0
7286,A,0
7287,A,0
7288,B,0
7289,A,0
7290,A,0
7291,A,0
7292,B,0
7293,B,0
7294,B,0
7295,A,0
7296,A,0
7297,A,0
7298,A,0
7299,A,0
7300,B,0
7301,B,0
7302,A,0
7303,B,0
7304,B,0
7305,B,0
7306,B,0
7307,A,0
7308,A,0
7309,A,0
7310,B,0
7311,B,0
7312,A,0
7313,A,0
7314,B,0
7315,A,0
7316,A,0
7317,B,0
7318,B,0
7319,A,0
7320,A,0
7321,A,0
7322,A,0
7323,A,0
7324,A,0
7325,B,0
7326,A,0
7327,A,0
7328,B,0
7329,B,0
7330,A,0
7331,A,0
7332,A,0
7333,B,0
7334,A,0
7335,B,0
7336,A,0
7337,B,0
7338,A,0
7339,A,0
7340,A,0
7341,B,0
7342,B,1
7343,A,0
7344,B,0
7345,B,0
7346,B,0
7347,B,0
7348,A,0
7349,A,0
7350,B,0
7351,B,0
7352,B,0
7353,B,0
7354,B,0
7355,A,0
7356,A,0
7357,B,0
7358,A,0
7359,B,0
7360,A,0
7361,B,0
7362,A,0
7363,A,0
7364,B,0
7365,A,0
7366,A,0
7367,B,0
7368,A,0
7369,B,0
7370,A,0
7371,B,0
7372,A,0
7373,B,0
7374,A,0
7375,B,0
7376,A,0
7377,B,0
7378,B,0
7379,A,0
7380,A,0
7381,B,0
7382,B,0
7383,B,0
7384,B,0
7385,A,0
7386,B,0
7387,B,0
7388,B,0
7389,A,0
7390,A,0
7391,A,1
7392,B,0
7393,A,0
7394,B,0
7395,B,0
7396,A,0
7397,A,0
7398,A,0
7399,B,0
7400,B,0
7401,A,0
7402,A,0
7403,A,0
7404,B,0
7405,B,0
7406,A,0
7407,A,0
7408,A,0
7409,B,0
7410,B,0
7411,A,0
7412,B,0
7413,A,0
7414,B,0
7415,A,0
7416,B,0
7417,A,0
7418,B,0
7419,B,0
7420,A,1
7421,B,0
7422,B,0
7423,A,0
7424,A,0
7425,B,0
7426,A,0
7427,A,0
7428,B,0
7429,B,0
7430,A,0
7431,A,0
7432,B,0
7433,A,0
7434,A,0
7435,A,0
7436,A,0
7437,B,0
7438,A,0
7439,A,0
7440,B,0
7441,B,0
7442,B,0
7443,B,1
7444,A,0
7445,A,0
7446,A,0
7447,B,0
7448,A,0
7449,B,0
7450,A,0
7451,B,0
7452,B,0
7453,B,0
7454,B,0
7455,A,0
7456,A,0
7457,A,0
7458,A,0
7459,B,1
7460,B,0
7461,B,0
7462,A,0
7463,A,0
7464,A,0
7465,A,0
7466,B,0
7467,A,0
7468,A,0
7469,B,0
7470,A,0
7471,B,0
7472,A,0
7473,B,1
7474,B,0
7475,A,1
7476,A,0
7477,A,0
7478,B,0
7479,B,0
7480,A,0
7481,B,0
7482,A,0
7483,B,0
7484,B,0
7485,A,0
7486,A,0
7487,A,0
7488,A,0
7489,A,0
7490,A,0
7491,A,0
7492,B,0
7493,A,0
7494,A,0
7495,B,0
7496,B,0
7497,B,1
7498,A,0
7499,B,0
7500,A,0
7501,A,0
7502,A,0
7503,A,0
7504,A,0
7505,B,0
7506,B,0
7507,A,0
7508,A,1
7509,B,0
7510,B,0
7511,B,0
7512,A,0
7513,A,0
7514,B,0
7515,B,0
7516,A,0
7517,B,0
7518,B,0
7519,A,0
7520,A,0
7521,A,0
7522,B,0
7523,A,0
7524,B,0
7525,A,0
7526,B,0
7527,B,0
7528,A,0
7529,A,0
7530,B,0
7531,A,0
7532,A,0
7533,A,0
7534,A,0
7535,A,0
7536,A,0
7537,A,0
7538,B,0
7539,A,0
7540,A,0
7541,A,0
7542,B,0
7543,B,0
7544,B,0
7545,A,0
7546,A,1
7547,A,0
7548,A,0
7549,B,0
7550,B,0
7551,A,0
7552,A,0
7553,B,0
7554,A,0
7555,B,0
7556,A,0
7557,A,0
7558,B,0
7559,B,0
7560,A,0
7561,A,1
7562,A,0
7563,A,0
7564,A,0
7565,B,1
7566,A,0
7567,B,0
7568,B,0
7569,A,0
7570,B,0
7571,A,0
7572,B,0
7573,B,0
7574,B,0
7575,A,0
7576,A,0
7577,B,0
7578,B,0
7579,A,0
7580,B,0
7581,A,0
7582,B,0
7583,A,0
7584,B,0
7585,B,0
7586,A,0
7587,B,0
7588,B,0
7589,B,0
7590,A,0
7591,A,0
7592,B,0
7593,B,0
7594,A,0
7595,B,0
7596,B,0
7597,A,0
7598,B,1
7599,A,0
7600,B,0
7601,A,0
7602,A,0
7603,A,0
7604,B,0
7605,A,0
7606,B,0
7607,B,0
7608,B,0
7609,B,1
7610,B,0
7611,B,0
7612,B,0
7613,B,0
7614,B,0
7615,A,0
7616,A,0
7617,B,0
7618,A,0
7619,A,0
7620,B,0
7621,B,0
7622,B,0
7623,A,0
7624,A,1
7625,B,0
7626,A,0
7627,B,0
7628,A,0
7629,A,0
7630,B,0
7631,A,0
7632,B,0
7633,A,0
7634,B,0
7635,B,0
7636,A,0
7637,B,0
7638,A,0
7639,B,0
7640,B,0
7641,A,0
7642,A,0
7643,B,0
7644,A,0
7645,A,0
7646,A,0
7647,B,0
7648,B,0
7649,B,0
7650,A,0
7651,B,0
7652,A,0
7653,B,0
7654,A,0
7655,A,0
7656,B,0
7657,B,0
7658,A,0
7659,A,0
7660,A,0
7661,B,0
7662,A,0
7663,A,0
7664,A,0
7665,A,0
7666,B,0
7667,A,0
7668,B,0
7669,B,0
7670,A,1
7671,B,0
7672,B,1
7673,B,0
7674,A,0
7675,A,0
7676,B,0
7677,A,0
7678,A,0
7679,B,0
7680,A,0
7681,B,0
7682,B,0
7683,A,0
7684,B,0
7685,B,0
7686,B,0
7687,A,0
7688,B,0
7689,B,1
7690,B,0
7691,A,0
7692,B,0
7693,A,0
7694,A,1
7695,B,0
7696,A,0
7697,A,0
7698,B,0
7699,A,0
7700,B,0
7701,A,0
7702,B,0
7703,B,0
7704,A,0
7705,B,0
7706,A,0
7707,B,0
7708,A,0
7709,B,0
7710,B,0
7711,A,0
7712,A,0
7713,B,0
7714,B,0
7715,B,0
7716,A,0
7717,B,1
7718,A,0
7719,B,0
7720,B,0
7721,B,0
7722,A,0
7723,A,0
7724,B,0
7725,A,0
7726,A,0
7727,A,0
7728,B,0
7729,A,1
7730,B,0
7731,A,0
7732,B,0
7733,A,0
7734,A,0
7735,B,0
7736,A,1
7737,A,0
7738,B,0
7739,B,0
7740,B,0
7741,A,0
7742,B,0
7743,A,0
7744,B,0
7745,B,0
7746,B,0
7747,B,0
7748,B,0
7749,A,0
7750,B,1
7751,B,0
7752,B,0
7753,A,0
7754,B,0
7755,A,0
7756,B,0
7757,B,0
7758,B,0
7759,B,0
7760,A,0
7761,A,1
7762,A,0
7763,B,0
7764,B,0
7765,B,0
7766,B,0
7767,B,0
7768,A,0
7769,B,0
7770,B,0
7771,A,0
7772,B,0
7773,B,0
7774,B,0
7775,B,1
7776,B,0
7777,A,0
7778,A,1
7779,B,0
7780,A,0
7781,B,0
7782,A,0
7783,B,0
7784,B,0
7785,B,0
7786,A,0
7787,B,0
7788,B,0
7789,A,0
7790,B,0
7791,A,0
7792,B,0
7793,A,0
7794,B,0
7795,B,0
7796,B,0
7797,B,1
7798,B,0
7799,B,0
7800,A,0
7801,B,0
7802,A,0
7803,B,0
7804,B,0
7805,B,0
7806,A,0
7807,A,0
7808,B,1
7809,B,0
7810,A,0
7811,A,0
7812,B,0
7813,B,0
7814,A,0
7815,A,0
7816,B,0
7817,A,0
7818,A,0
7819,A,0
7820,B,0
7821,A,0
7822,A,0
7823,A,0
7824,B,0
7825,B,0
7826,A,0
7827,B,0
7828,B,0
7829,B,0
7830,B,0
7831,A,0
7832,B,0
7833,B,0
7834,B,0
7835,B,0
7836,B,0
7837,B,0
7838,B,0
7839,A,0
7840,A,0
7841,A,0
7842,B,0
7843,A,0
7844,A,0
7845,A,0
7846,B,0
7847,B,0
7848,A,0
7849,B,0
7850,A,0
7851,A,0
7852,B,0
7853,A,0
7854,A,0
7855,B,0
7856,A,0
7857,B,0
7858,A,0
7859,B,0
7860,B,0
7861,B,0
7862,A,0
7863,B,0
7864,A,0
7865,B,0
7866,B,0
7867,B,0
7868,B,0
7869,B,0
7870,A,0
7871,B,0
7872,B,1
7873,A,0
7874,A,0
7875,B,0
7876,B,0
7877,B,0
7878,A,0
7879,A,0
7880,A,0
7881,A,0
7882,A,0
7883,A,0
7884,B,0
7885,A,0
7886,A,0
7887,A,0
7888,B,0
7889,B,0
7890,A,0
7891,B,0
7892,B,0
7893,A,0
7894,B,0
7895,B,0
7896,A,1
7897,B,0
7898,A,0
7899,A,0
7900,A,0
7901,A,0
7902,B,1
7903,B,0
7904,A,0
7905,A,0
7906,B,0
7907,B,0
7908,B,0
7909,B,0
7910,B,0
7911,A,0
7912,B,0
7913,B,0
7914,A,0
7915,B,0
7916,A,0
7917,A,0
7918,B,0
7919,A,0
7920,A,0
7921,B,0
7922,B,0
7923,B,0
7924,B,0
7925,B,0
7926,A,0
7927,A,0
7928,A,1
7929,A,0
7930,A,0
7931,A,0
7932,A,0
7933,A,1
7934,B,0
7935,A,0
7936,B,0
7937,A,0
7938,A,0
7939,A,0
7940,B,0
7941,B,0
7942,A,0
7943,A,0
7944,B,0
7945,A,0
7946,B,0
7947,B,0
7948,A,0
7949,B,0
7950,B,0
7951,B,0
7952,B,0
7953,A,0
7954,A,0
7955,B,0
7956,A,0
7957,A,0
7958,B,0
7959,A,0
7960,A,0
7961,B,0
7962,A,0
7963,B,0
7964,A,0
7965,A,0
7966,B,0
7967,A,1
7968,A,0
7969,A,0
7970,B,0
7971,A,0
7972,A,0
7973,A,0
7974,A,0
7975,A,0
7976,B,1
7977,A,0
7978,A,0
7979,A,0
7980,B,0
7981,A,0
7982,A,0
7983,B,0
7984,B,0
7985,B,0
7986,A,0
7987,A,0
7988,B,0
7989,B,0
7990,A,0
7991,B,0
7992,B,0
7993,B,0
7994,A,0
7995,B,0
7996,A,0
7997,A,0
7998,B,0
7999,A,0
8000,A,1
8001,A,0
8002,A,1
8003,A,0
8004,B,0
8005,B,0
8006,B,0
8007,B,1
8008,B,0
8009,A,0
8010,B,0
8011,B,1
8012,A,0
8013,A,0
8014,A,0
8015,B,0
8016,B,0
8017,B,0
8018,A,0
8019,B,0
8020,A,0
8021,A,0
8022,A,0
8023,A,0
8024,A,0
8025,B,0
8026,A,0
8027,B,0
8028,A,0
8029,B,0
8030,B,0
8031,B,0
8032,B,0
8033,B,0
8034,B,0
8035,A,0
8036,A,0
8037,A,0
8038,A,0
8039,A,0
8040,B,0
8041,A,0
8042,A,1
8043,B,0
8044,A,0
8045,B,0
8046,B,0
8047,B,0
8048,B,0
8049,A,0
8050,A,0
8051,B,0
8052,B,0
8053,A,0
8054,B,0
8055,A,0
8056,B,0
8057,B,0
8058,A,0
8059,B,0
8060,B,0
8061,A,0
8062,B,1
8063,A,0
8064,A,0
8065,B,0
8066,B,0
8067,A,0
8068,B,0
8069,A,0
8070,A,0
8071,A,0
8072,A,0
8073,B,0
8074,A,0
8075,A,0
8076,B,0
8077,B,0
8078,A,0
8079,B,1
8080,B,0
8081,B,0
8082,A,0
8083,A,0
8084,B,0
8085,B,0
8086,B,0
8087,B,0
8088,B,0
8089,A,0
8090,B,0
8091,A,0
8092,A,0
8093,B,0
8094,A,0
8095,B,0
8096,B,0
8097,B,0
8098,A,0
8099,A,0
8100,B,0
8101,A,0
8102,B,0
8103,B,0
8104,B,0
8105,A,0
8106,A,0
8107,A,0
8108,B,0
8109,B,0
8110,A,0
8111,A,0
8112,B,0
8113,B,0
8114,B,0
8115,A,1
8116,B,0
8117,A,0
8118,B,0
8119,A,0
8120,A,1
8121,B,1
8122,B,0
8123,B,0
8124,B,1
8125,A,0
8126,A,0
8127,A,1
8128,B,0
8129,A,0
8130,B,0
8131,A,1
8132,B,0
8133,A,0
8134,B,0
8135,B,0
8136,A,0
8137,A,0
8138,B,0
8139,B,0
8140,A,0
8141,A,0
8142,B,0
8143,B,0
8144,A,0
8145,B,0
8146,B,0
8147,B,0
8148,A,0
8149,B,0
8150,A,0
8151,A,0
8152,A,0
8153,A,0
8154,B,0
8155,A,0
8156,A,0
8157,A,0
8158,A,1
8159,B,0
8160,A,0
8161,A,0
8162,A,0
8163,A,0
8164,B,0
8165,A,0
8166,A,0
8167,B,0
8168,A,0
8169,A,0
8170,A,0
8171,A,0
8172,A,0
8173,A,0
8174,A,0
8175,A,0
8176,A,0
8177,B,0
8178,A,0
8179,A,0
8180,A,0
8181,B,0
8182,A,0
8183,A,0
8184,B,0
8185,A,0
8186,A,0
8187,A,0
8188,B,0
8189,B,0
8190,B,0
8191,B,0
8192,B,0
8193,A,0
8194,A,0
8195,A,0
8196,B,0
8197,B,0
8198,B,0
8199,B,0
8200,B,0
8201,B,0
8202,B,0
8203,B,0
8204,A,0
8205,B,0
8206,B,0
8207,A,0
8208,B,0
8209,A,0
8210,A,0
8211,B,0
8212,A,0
8213,A,0
8214,B,0
8215,A,0
8216,A,0
8217,B,0
8218,B,0
8219,A,0
8220,A,0
8221,B,1
8222,B,0
8223,B,0
8224,A,0
8225,B,0
8226,B,0
8227,A,0
8228,B,0
8229,A,0
8230,B,1
8231,B,0
8232,A,0
8233,B,0
8234,A,0
8235,B,0
8236,A,0
8237,B,0
8238,A,0
8239,A,0
8240,B,0
8241,A,0
8242,A,0
8243,B,0
8244,A,0
8245,B,1
8246,B,0
8247,B,0
8248,A,0
8249,A,0
8250,A,0
8251,B,0
8252,B,0
8253,B,0
8254,A,0
8255,A,0
8256,B,0
8257,B,0
8258,B,0
8259,A,0
8260,A,0
8261,A,0
8262,B,0
8263,B,0
8264,B,0
8265,B,0
8266,A,0
8267,A,0
8268,B,0
8269,A,0
8270,A,0
8271,B,0
8272,B,0
8273,A,1
8274,B,0
8275,A,0
8276,A,0
8277,B,0
8278,A,0
8279,A,0
8280,A,0
8281,B,0
8282,B,0
8283,A,0
8284,B,0
8285,A,0
8286,A,0
8287,A,0
8288,A,0
8289,B,0
8290,B,0
8291,B,0
8292,A,0
8293,B,0
8294,A,0
8295,B,0
8296,A,0
8297,A,0
8298,B,0
8299,B,0
8300,A,0
8301,A,0
8302,B,0
8303,A,0
8304,B,0
8305,A,0
8306,A,0
8307,A,0
8308,B,0
8309,A,0
8310,A,0
8311,B,0
8312,A,0
8313,A,0
8314,B,0
8315,B,0
8316,A,0
8317,A,0
8318,B,0
8319,B,0
8320,B,0
8321,A,0
8322,A,0
8323,A,0
8324,B,0
8325,B,0
8326,B,0
8327,B,0
8328,A,0
8329,B,0
8330,B,0
8331,B,0
8332,B,0
8333,A,0
8334,A,0
8335,A,0
8336,A,0
8337,A,1
8338,A,0
8339,B,0
8340,A,0
8341,A,0
8342,A,0
8343,B,0
8344,B,0
8345,B,0
8346,B,0
8347,A,0
8348,B,0
8349,A,0
8350,A,0
8351,B,0
8352,A,0
8353,B,0
8354,A,0
8355,B,0
8356,A,0
8357,B,0
8358,B,0
8359,B,0
8360,A,0
8361,B,0
8362,B,0
8363,B,0
8364,A,0
8365,B,0
8366,B,0
8367,A,0
8368,B,0
8369,A,0
8370,B,0
8371,A,1
8372,B,0
8373,B,0
8374,B,0
8375,B,0
8376,B,0
8377,B,0
8378,A,0
8379,B,0
8380,A,0
8381,A,0
8382,B,0
8383,A,0
8384,A,0
8385,B,0
8386,B,0
8387,B,0
8388,A,0
8389,B,0
8390,B,0
8391,A,0
8392,A,0
8393,B,0
8394,B,0
8395,B,0
8396,A,0
8397,A,0
8398,A,1
8399,B,0
8400,B,0
8401,B,0
8402,A,0
8403,A,0
8404,A,0
8405,A,0
8406,B,0
8407,A,0
8408,B,0
8409,B,0
8410,A,0
8411,B,0
8412,B,0
8413,A,0
8414,A,0
8415,A,0
8416,A,0
8417,B,0
8418,B,0
8419,A,0
8420,A,0
8421,B,0
8422,A,0
8423,A,0
8424,A,0
8425,A,0
8426,B,0
8427,B,1
8428,B,0
8429,A,0
8430,A,0
8431,A,0
8432,B,0
8433,A,0
8434,B,0
8435,A,0
8436,A,0
8437,B,0
8438,B,0
8439,B,0
8440,A,0
8441,B,1
8442,A,0
8443,A,0
8444,A,0
8445,A,1
8446,A,0
8447,B,0
8448,B,0
8449,A,0
8450,B,0
8451,B,0
8452,B,0
8453,B,0
8454,A,0
8455,B,0
8456,A,0
8457,A,0
8458,A,0
8459,A,0
8460,A,0
8461,A,0
8462,B,0
8463,B,0
8464,B,0
8465,A,0
8466,B,0
8467,A,0
8468,B,0
8469,A,0
8470,A,0
8471,A,0
8472,A,0
8473,B,0
8474,A,0
8475,B,0
8476,B,0
8477,A,0
8478,A,0
8479,A,0
8480,A,1
8481,B,0
8482,B,0
8483,A,0
8484,A,0
8485,B,0
8486,B,0
8487,A,0
8488,A,0
8489,A,0
8490,B,0
8491,B,0
8492,A,0
8493,A,0
8494,B,0
8495,A,0
8496,B,0
8497,A,0
8498,A,0
8499,A,0
8500,B,0
8501,A,0
8502,B,0
8503,B,0
8504,B,0
8505,B,0
8506,B,0
8507,B,0
8508,B,0
8509,B,0
8510,A,1
8511,A,0
8512,A,1
8513,A,1
8514,A,1
8515,A,0
8516,B,0
8517,A,0
8518,B,0
8519,B,0
8520,B,0
8521,B,0
8522,A,0
8523,B,0
8524,B,0
8525,A,0
8526,B,0
8527,A,0
8528,A,0
8529,A,0
8530,B,0
8531,B,0
8532,A,0
8533,A,0
8534,B,0
8535,B,0
8536,A,0
8537,A,0
8538,B,0
8539,A,0
8540,A,0
8541,A,0
8542,A,0
8543,B,0
8544,B,0
8545,A,0
8546,B,0
8547,A,0
8548,A,0
8549,B,0
8550,A,0
8551,B,0
8552,B,0
8553,B,0
8554,B,1
8555,A,0
8556,A,0
8557,B,0
8558,A,0
8559,B,0
8560,A,0
8561,A,0
8562,B,0
8563,A,0
8564,B,0
8565,B,0
8566,B,0
8567,A,0
8568,A,0
8569,A,0
8570,B,0
8571,A,0
8572,A,0
8573,B,0
8574,B,0
8575,A,0
8576,A,0
8577,A,0
8578,A,0
8579,A,0
8580,A,0
8581,B,0
8582,A,0
8583,B,0
8584,A,0
8585,B,0
8586,B,0
8587,B,0
8588,B,0
8589,A,0
8590,B,0
8591,A,0
8592,B,0
8593,A,0
8594,A,0
8595,B,0
8596,B,0
8597,A,0
8598,A,0
8599,B,1
8600,A,0
8601,A,0
8602,A,0
8603,A,0
8604,A,0
8605,A,0
8606,B,0
8607,B,0
8608,A,0
8609,A,0
8610,A,0
8611,B,0
8612,B,0
8613,A,0
8614,A,0
8615,A,0
8616,B,0
8617,A,0
8618,A,0
8619,A,0
8620,B,0
8621,A,0
8622,B,0
8623,B,0
8624,A,0
8625,A,0
8626,B,0
8627,B,0
8628,A,0
8629,A,0
8630,A,0
8631,B,0
8632,B,0
8633,A,0
8634,B,0
8635,A,0
8636,A,0
8637,A,0
8638,A,0
8639,B,0
8640,A,0
8641,B,0
8642,B,0
8643,A,0
8644,B,0
8645,A,1
8646,A,0
8647,A,0
8648,B,0
8649,B,0
8650,A,0
8651,B,0
8652,B,0
8653,A,0
8654,B,0
8655,B,0
8656,B,0
8657,A,0
8658,A,0
8659,B,0
8660,A,0
8661,B,0
8662,A,0
8663,B,0
8664,B,0
8665,B,0
8666,B,0
8667,B,0
8668,A,1
8669,B,0
8670,A,0
8671,A,0
8672,A,0
8673,A,0
8674,B,0
8675,A,0
8676,B,0
8677,A,0
8678,A,0
8679,B,0
8680,B,1
8681,B,0
8682,A,0
8683,B,0
8684,B,0
8685,B,0
8686,A,0
8687,A,0
8688,A,0
8689,A,0
8690,B,0
8691,B,0
8692,B,0
8693,A,0
8694,A,0
8695,A,0
8696,B,0
8697,A,0
8698,B,0
8699,A,0
8700,A,0
8701,A,1
8702,B,0
8703,A,0
8704,B,0
8705,A,0
8706,A,0
8707,B,0
8708,B,0
8709,B,0
8710,B,0
8711,A,0
8712,A,0
8713,B,0
8714,B,0
8715,B,0
8716,A,0
8717,A,0
8718,B,0
8719,B,0
8720,B,0
8721,B,0
8722,A,0
8723,A,0
8724,B,0
8725,B,1
8726,A,0
8727,A,0
8728,B,0
8729,B,0
8730,B,0
8731,B,0
8732,A,0
8733,A,0
8734,B,0
8735,B,0
8736,A,0
8737,B,0
8738,B,0
8739,B,0
8740,B,1
8741,B,0
8742,B,0
8743,B,0
8744,A,0
8745,A,0
8746,B,1
8747,B,0
8748,B,0
8749,B,0
8750,B,0
8751,A,1
8752,B,0
8753,B,0
8754,B,0
8755,A,0
8756,A,0
8757,A,0
8758,A,0
8759,B,0
8760,B,1
8761,B,0
8762,A,0
8763,A,0
8764,B,0
8765,A,0
8766,B,0
8767,A,1
8768,B,1
8769,B,0
8770,B,0
8771,B,0
8772,B,1
8773,B,0
8774,B,0
8775,B,0
8776,B,0
8777,B,0
8778,A,1
8779,A,0
8780,A,0
8781,B,0
8782,A,0
8783,B,0
8784,B,0
8785,B,0
8786,A,0
8787,B,0
8788,B,0
8789,B,0
8790,B,0
8791,A,0
8792,A,0
8793,B,0
8794,B,0
8795,A,0
8796,A,0
8797,A,0
8798,B,0
8799,A,1
8800,A,0
8801,B,0
8802,A,0
8803,A,0
8804,A,0
8805,A,0
8806,B,0
8807,A,0
8808,A,0
8809,A,0
8810,B,0
8811,A,0
8812,B,0
8813,B,0
8814,A,0
8815,B,0
8816,A,0
8817,B,0
8818,A,0
8819,B,0
8820,B,0
8821,A,0
8822,B,0
8823,B,0
8824,A,0
8825,B,0
8826,B,0
8827,A,0
8828,A,0
8829,B,0
8830,B,0
8831,B,0
8832,A,0
8833,B,0
8834,A,0
8835,B,0
8836,A,0
8837,A,0
8838,B,0
8839,B,0
8840,B,0
8841,A,0
8842,A,0
8843,B,0
8844,A,0
8845,B,0
8846,B,0
8847,B,0
8848,A,0
8849,B,0
8850,B,0
8851,B,0
8852,A,0
8853,B,0
8854,A,0
8855,B,0
8856,B,1
8857,B,0
8858,A,0
8859,A,0
8860,B,0
8861,B,0
8862,A,0
8863,B,0
8864,A,0
8865,A,0
8866,B,0
8867,B,0
8868,A,0
8869,B,0
8870,B,0
8871,A,0
8872,B,0
8873,B,0
8874,B,0
8875,B,0
8876,A,0
8877,A,0
8878,A,0
8879,B,0
8880,A,0
8881,A,0
8882,B,0
8883,A,0
8884,A,0
8885,A,1
8886,A,0
8887,B,0
8888,B,0
8889,A,0
8890,A,1
8891,B,1
8892,B,0
8893,B,0
8894,A,0
8895,B,0
8896,B,0
8897,B,0
8898,B,0
8899,A,0
8900,A,0
8901,B,0
8902,B,0
8903,B,0
8904,B,0
8905,A,0
8906,A,0
8907,A,0
8908,B,0
8909,B,0
8910,B,0
8911,B,0
8912,B,0
8913,A,0
8914,B,0
8915,A,0
8916,A,0
8917,A,0
8918,A,0
8919,A,0
8920,A,0
8921,A,0
8922,A,0
8923,A,0
8924,A,0
8925,A,0
8926,A,0
8927,A,0
8928,A,0
8929,A,0
8930,B,0
8931,A,0
8932,A,0
8933,B,0
8934,B,0
8935,A,1
8936,B,0
8937,A,0
8938,B,0
8939,B,0
8940,A,0
8941,B,0
8942,B,0
8943,A,0
8944,B,0
8945,B,0
8946,B,0
8947,B,0
8948,A,0
8949,B,0
8950,A,0
8951,A,0
8952,B,0
8953,B,0
8954,A,0
8955,A,0
8956,B,0
8957,B,0
8958,B,0
8959,B,0
8960,B,0
8961,A,0
8962,B,0
8963,A,0
8964,B,0
8965,A,0
8966,B,0
8967,A,0
8968,B,0
8969,A,0
8970,A,0
8971,A,0
8972,B,1
8973,A,0
8974,B,0
8975,B,0
8976,B,0
8977,A,0
8978,A,0
8979,B,0
8980,A,0
8981,A,0
8982,B,1
8983,B,0
8984,A,0
8985,B,0
8986,B,1
8987,A,1
8988,B,0
8989,A,0
8990,A,0
8991,A,0
8992,A,0
8993,B,0
8994,B,0
8995,A,0
8996,A,0
8997,A,0
8998,B,0
8999,B,0
9000,B,0
9001,A,0
9002,B,0
9003,A,0
9004,A,0
9005,B,0
9006,A,1
9007,A,0
9008,B,0
9009,A,0
9010,A,0
9011,B,0
9012,A,0
9013,B,0
9014,B,0
9015,B,0
9016,A,0
9017,B,0
9018,A,0
9019,A,0
9020,B,0
9021,B,0
9022,A,0
9023,B,0
9024,A,0
9025,B,0
9026,A,0
9027,A,0
9028,B,0
9029,B,0
9030,B,0
9031,B,0
9032,B,0
9033,B,0
9034,B,0
9035,B,0
9036,A,0
9037,A,1
9038,B,0
9039,A,0
9040,A,0
9041,A,0
9042,B,0
9043,A,0
9044,B,0
9045,B,0
9046,A,0
9047,A,0
9048,B,0
9049,B,0
9050,B,0
9051,B,0
9052,A,0
9053,A,0
9054,B,0
9055,A,0
9056,B,0
9057,B,0
9058,A,0
9059,A,0
9060,A,1
9061,B,1
9062,B,0
9063,A,0
9064,A,0
9065,B,0
9066,A,0
9067,B,0
9068,B,0
9069,B,0
9070,B,0
9071,B,0
9072,A,0
9073,A,0
9074,A,1
9075,A,0
9076,B,0
9077,A,0
9078,A,0
9079,B,0
9080,B,0
9081,A,0
9082,B,0
9083,A,0
9084,A,0
9085,A,0
9086,B,0
9087,B,0
9088,B,0
9089,A,0
9090,B,0
9091,A,0
9092,A,0
9093,B,0
9094,A,0
9095,B,0
9096,B,0
9097,A,0
9098,B,0
9099,A,0
9100,B,0
9101,A,0
9102,A,0
9103,A,0
9104,B,1
9105,A,0
9106,A,0
9107,B,0
9108,B,0
9109,B,1
9110,B,0
9111,B,0
9112,B,0
9113,B,0
9114,A,0
9115,B,0
9116,B,0
9117,B,0
9118,A,0
9119,A,0
9120,A,0
9121,B,0
9122,B,0
9123,B,0
9124,B,0
9125,B,1
9126,B,0
9127,B,0
9128,B,0
9129,B,0
9130,A,0
9131,B,0
9132,A,0
9133,A,0
9134,B,1
9135,A,0
9136,B,0
9137,A,0
9138,B,0
9139,A,0
9140,A,0
9141,A,0
9142,A,0
9143,A,0
9144,B,0
9145,A,0
9146,A,0
9147,A,0
9148,B,0
9149,B,0
9150,A,0
9151,B,0
9152,A,0
9153,B,0
9154,A,0
9155,B,0
9156,A,0
9157,A,0
9158,B,0
9159,B,0
9160,A,0
9161,A,0
9162,A,0
9163,A,0
9164,B,0
9165,B,0
9166,A,0
9167,A,0
9168,B,0
9169,B,0
9170,A,0
9171,B,0
9172,A,0
9173,A,0
9174,A,0
9175,A,0
9176,B,0
9177,B,1
9178,A,0
9179,A,0
9180,B,0
9181,B,1
9182,B,0
9183,B,0
9184,A,0
9185,B,0
9186,B,0
9187,B,0
9188,A,0
9189,A,0
9190,A,0
9191,A,0
9192,B,0
9193,A,0
9194,A,0
9195,A,0
9196,B,0
9197,A,0
9198,B,0
9199,A,0
9200,A,0
9201,B,0
9202,A,0
9203,A,0
9204,B,0
9205,A,0
9206,A,0
9207,B,0
9208,A,0
9209,A,0
9210,A,0
9211,B,0
9212,A,0
9213,A,0
9214,B,0
9215,A,0
9216,A,0
9217,B,1
9218,A,0
9219,A,0
9220,B,0
9221,A,0
9222,B,0
9223,A,0
9224,B,0
9225,B,0
9226,B,0
9227,A,0
9228,A,0
9229,B,0
9230,A,0
9231,B,0
9232,B,0
9233,A,0
9234,A,0
9235,A,0
9236,B,0
9237,A,0
9238,A,0
9239,A,0
9240,B,0
9241,B,0
9242,B,0
9243,B,0
9244,B,0
9245,A,0
9246,A,0
9247,B,0
9248,B,0
9249,B,0
9250,B,0
9251,B,0
9252,B,0
9253,B,0
9254,B,0
9255,A,0
9256,A,0
9257,A,0
9258,A,0
9259,A,0
9260,A,0
9261,B,0
9262,B,0
9263,A,0
9264,B,0
9265,B,0
9266,A,0
9267,B,0
9268,B,0
9269,B,0
9270,A,0
9271,A,0
9272,B,0
9273,A,0
9274,A,0
9275,A,0
9276,A,0
9277,B,0
9278,A,0
9279,B,0
9280,B,0
9281,A,0
9282,B,1
9283,B,0
9284,A,0
9285,A,0
9286,B,0
9287,A,0
9288,B,0
9289,B,0
9290,A,0
9291,A,0
9292,B,0
9293,B,0
9294,A,0
9295,B,0
9296,B,0
9297,A,1
9298,B,0
9299,B,0
9300,A,0
9301,B,0
9302,B,0
9303,A,0
9304,A,0
9305,B,0
9306,B,0
9307,B,0
9308,B,0
9309,A,0
9310,A,0
9311,B,0
9312,B,0
9313,A,0
9314,A,0
9315,A,0
9316,B,0
9317,B,0
9318,B,0
9319,A,0
9320,B,0
9321,B,0
9322,B,0
9323,B,0
9324,B,0
9325,A,0
9326,A,0
9327,A,0
9328,A,0
9329,B,0
9330,B,0
9331,A,0
9332,A,0
9333,B,0
9334,A,0
9335,A,0
9336,A,0
9337,A,0
9338,B,0
9339,A,0
9340,B,0
9341,B,0
9342,A,0
9343,B,0
9344,A,0
9345,A,0
9346,B,0
9347,B,0
9348,A,0
9349,B,0
9350,B,0
9351,A,0
9352,B,0
9353,B,0
9354,B,0
9355,A,0
9356,A,0
9357,A,0
9358,B,0
9359,A,0
9360,B,0
9361,A,0
9362,A,0
9363,A,0
9364,B,0
9365,A,0
9366,A,0
9367,B,0
9368,B,0
9369,B,0
9370,B,0
9371,A,0
9372,A,0
9373,A,0
9374,A,0
9375,B,0
9376,A,1
9377,B,0
9378,A,0
9379,A,0
9380,B,0
9381,A,0
9382,A,0
9383,A,0
9384,B,0
9385,B,0
9386,A,0
9387,B,0
9388,B,0
9389,B,0
9390,B,0
9391,B,0
9392,B,0
9393,A,0
9394,B,0
9395,B,0
9396,B,0
9397,B,0
9398,B,0
9399,B,0
9400,B,0
9401,A,0
9402,A,0
9403,B,0
9404,A,0
9405,B,0
9406,A,0
9407,A,0
9408,B,0
9409,B,0
9410,B,0
9411,A,0
9412,B,0
9413,A,0
9414,B,0
9415,A,1
9416,A,0
9417,B,0
9418,B,0
9419,B,0
9420,A,0
9421,B,0
9422,A,0
9423,B,0
9424,B,0
9425,B,0
9426,A,0
9427,B,0
9428,B,0
9429,A,1
9430,B,0
9431,A,0
9432,B,0
9433,A,0
9434,A,0
9435,A,0
9436,A,0
9437,A,0
9438,A,0
9439,A,0
9440,A,1
9441,A,0
9442,A,0
9443,B,0
9444,A,0
9445,B,0
9446,B,0
9447,A,0
9448,B,0
9449,B,0
9450,B,0
9451,A,0
9452,A,0
9453,B,0
9454,B,0
9455,A,0
9456,A,0
9457,A,1
9458,A,0
9459,A,0
9460,A,0
9461,B,1
9462,B,0
9463,B,0
9464,B,1
9465,B,0
9466,A,0
9467,B,0
9468,B,0
9469,A,0
9470,B,0
9471,A,0
9472,A,0
9473,A,0
9474,B,0
9475,A,0
9476,A,0
9477,B,0
9478,A,0
9479,A,1
9480,B,0
9481,A,0
9482,A,0
9483,A,0
9484,B,0
9485,B,0
9486,A,0
9487,A,0
9488,B,0
9489,B,0
9490,B,0
9491,A,0
9492,B,0
9493,A,1
9494,B,0
9495,B,0
9496,B,0
9497,A,0
9498,A,0
9499,A,0
9500,A,0
9501,A,0
9502,B,0
9503,B,0
9504,A,0
9505,A,0
9506,A,0
9507,B,0
9508,B,0
9509,A,0
9510,A,0
9511,B,0
9512,A,0
9513,A,0
9514,B,0
9515,A,0
9516,B,0
9517,B,0
9518,B,0
9519,A,0
9520,A,0
9521,B,0
9522,A,0
9523,B,0
9524,B,0
9525,A,0
9526,A,0
9527,B,0
9528,B,0
9529,B,0
9530,A,0
9531,A,0
9532,A,0
9533,B,0
9534,A,0
9535,B,0
9536,A,0
9537,A,0
9538,A,0
9539,A,0
9540,B,0
9541,A,0
9542,B,0
9543,A,0
9544,A,0
9545,B,0
9546,B,0
9547,B,0
9548,A,0
9549,A,0
9550,A,0
9551,A,0
9552,B,0
9553,A,0
9554,B,0
9555,A,0
9556,B,0
9557,A,0
9558,A,0
9559,A,0
9560,A,0
9561,A,0
9562,B,0
9563,A,0
9564,B,0
9565,B,0
9566,B,0
9567,B,0
9568,B,0
9569,B,0
9570,A,0
9571,A,0
9572,B,0
9573,A,0
9574,B,1
9575,B,0
9576,A,0
9577,A,0
9578,A,0
9579,A,0
9580,B,0
9581,B,0
9582,A,0
9583,A,1
9584,B,0
9585,A,0
9586,B,0
9587,B,0
9588,A,0
9589,A,0
9590,B,0
9591,A,0
9592,B,0
9593,A,0
9594,A,0
9595,A,0
9596,B,0
9597,A,0
9598,A,0
9599,B,1
9600,B,0
9601,B,0
9602,A,0
9603,B,0
9604,A,0
9605,A,0
9606,B,0
9607,A,0
9608,A,0
9609,B,0
9610,A,0
9611,B,0
9612,A,0
9613,B,1
9614,B,0
9615,A,0
9616,B,0
9617,B,0
9618,A,0
9619,B,0
9620,A,0
9621,B,0
9622,A,0
9623,B,0
9624,B,0
9625,A,0
9626,A,0
9627,A,0
9628,B,0
9629,B,0
9630,A,0
9631,B,0
9632,B,0
9633,B,0
9634,B,0
9635,B,0
9636,A,0
9637,A,0
9638,B,0
9639,B,0
9640,A,0
9641,B,0
9642,B,0
9643,B,0
9644,A,0
9645,B,0
9646,A,0
9647,B,0
9648,A,1
9649,B,0
9650,A,0
9651,B,0
9652,B,0
9653,B,0
9654,B,0
9655,A,0
9656,A,0
9657,B,0
9658,B,0
9659,B,0
9660,B,0
9661,B,1
9662,A,0
9663,A,0
9664,A,0
9665,B,0
9666,B,0
9667,A,0
9668,A,0
9669,A,0
9670,B,0
9671,B,0
9672,A,0
9673,B,0
9674,A,0
9675,B,0
9676,B,0
9677,B,0
9678,B,0
9679,A,0
9680,B,1
9681,B,0
9682,A,0
9683,B,0
9684,B,0
9685,A,0
9686,B,0
9687,A,0
9688,B,0
9689,B,0
9690,B,0
9691,B,0
9692,B,0
9693,A,0
9694,B,0
9695,A,0
9696,B,0
9697,B,0
9698,B,0
9699,A,0
9700,A,0
9701,A,0
9702,B,0
9703,A,0
9704,B,0
9705,B,0
9706,A,0
9707,B,1
9708,A,0
9709,A,0
9710,A,0
9711,B,0
9712,B,0
9713,B,1
9714,A,0
9715,A,0
9716,A,0
9717,B,0
9718,B,0
9719,A,0
9720,A,0
9721,A,0
9722,B,0
9723,B,0
9724,A,0
9725,B,1
9726,A,0
9727,A,0
9728,A,0
9729,A,0
9730,B,0
9731,B,0
9732,B,0
9733,B,1
9734,A,0
9735,A,0
9736,A,0
9737,A,0
9738,B,0
9739,B,0
9740,B,0
9741,A,0
9742,B,0
9743,A,0
9744,A,0
9745,B,0
9746,B,0
9747,B,0
9748,B,0
9749,B,0
9750,A,0
9751,B,0
9752,B,0
9753,A,0
9754,B,0
9755,A,0
9756,B,0
9757,B,0
9758,B,0
9759,B,0
9760,A,0
9761,B,0
9762,B,0
9763,B,0
9764,A,0
9765,B,1
9766,B,0
9767,A,0
9768,A,0
9769,B,0
9770,A,0
9771,A,0
9772,B,0
9773,A,0
9774,A,0
9775,A,0
9776,B,0
9777,A,0
9778,A,0
9779,A,0
9780,A,0
9781,B,0
9782,A,0
9783,B,0
9784,A,0
9785,A,0
9786,A,0
9787,A,0
9788,A,0
9789,A,0
9790,B,0
9791,B,0
9792,A,0
9793,A,0
9794,A,0
9795,B,0
9796,A,0
9797,A,0
9798,A,0
9799,B,0
9800,A,1
9801,B,0
9802,A,0
9803,A,0
9804,B,0
9805,A,0
9806,B,0
9807,A,0
9808,B,0
9809,A,0
9810,B,0
9811,B,0
9812,B,0
9813,A,0
9814,A,0
9815,B,0
9816,A,0
9817,A,0
9818,B,0
9819,A,0
9820,A,0
9821,B,0
9822,A,0
9823,B,0
9824,B,0
9825,A,0
9826,A,0
9827,B,0
9828,A,0
9829,A,0
9830,B,0
9831,B,0
9832,A,0
9833,A,0
9834,A,0
9835,B,1
9836,A,0
9837,B,0
9838,A,0
9839,A,0
9840,B,0
9841,B,0
9842,B,0
9843,B,0
9844,A,0
9845,A,0
9846,A,0
9847,A,0
9848,A,1
9849,A,0
9850,B,0
9851,A,0
9852,A,0
9853,B,0
9854,A,0
9855,A,0
9856,B,1
9857,B,0
9858,B,0
9859,B,0
9860,B,0
9861,B,0
9862,B,1
9863,A,0
9864,B,0
9865,B,0
9866,B,1
9867,A,0
9868,B,0
9869,A,0
9870,A,1
9871,B,0
9872,A,0
9873,A,0
9874,A,0
9875,A,0
9876,B,0
9877,B,0
9878,B,0
9879,A,0
9880,B,0
9881,B,0
9882,A,0
9883,B,1
9884,B,0
9885,A,0
9886,A,0
9887,B,0
9888,A,0
9889,A,0
9890,B,0
9891,B,0
9892,B,0
9893,B,0
9894,B,0
9895,A,0
9896,A,0
9897,B,0
9898,A,0
9899,B,0
9900,A,0
9901,A,0
9902,A,0
9903,B,0
9904,B,0
9905,B,0
9906,A,0
9907,B,0
9908,A,0
9909,B,0
9910,A,0
9911,B,0
9912,B,0
9913,A,0
9914,B,0
9915,B,0
9916,A,0
9917,A,0
9918,A,0
9919,A,0
9920,B,0
9921,B,0
9922,B,0
9923,A,0
9924,A,0
9925,B,0
9926,A,0
9927,B,1
9928,B,0
9929,B,0
9930,B,0
9931,B,0
9932,A,0
9933,B,0
9934,A,0
9935,A,0
9936,A,0
9937,B,1
9938,A,0
9939,B,0
9940,A,0
9941,B,0
9942,A,1
9943,B,0
9944,A,0
9945,B,0
9946,A,0
9947,B,0
9948,A,0
9949,B,0
9950,A,0
9951,A,0
9952,B,0
9953,B,0
9954,A,0
9955,A,0
9956,B,1
9957,A,0
9958,B,0
9959,B,0
9960,B,1
9961,B,0
9962,A,0
9963,A,0
9964,A,0
9965,A,0
9966,B,0
9967,B,0
9968,A,0
9969,B,0
9970,A,0
9971,A,0
9972,A,1
9973,A,1
9974,B,0
9975,B,1
9976,B,0
9977,B,0
9978,A,0
9979,B,0
9980,B,0
9981,B,0
9982,B,0
9983,B,1
9984,A,0
9985,B,0
9986,A,0
9987,A,0
9988,A,0
9989,A,0
9990,B,0
9991,B,1
9992,B,0
9993,A,0
9994,B,0
9995,A,0
9996,B,0
9997,A,0
9998,A,0
9999,A,0
10000,B,0
10001,B,0
10002,B,0
10003,A,0
10004,B,0
10005,A,0
10006,A,0
10007,B,0
10008,A,0
10009,B,0
10010,A,0
10011,A,0
10012,A,0
10013,B,0
10014,B,0
10015,B,0
10016,B,0
10017,B,0
10018,B,0
10019,A,0
10020,A,0
10021,A,0
10022,A,0
10023,B,0
10024,A,0
10025,B,1
10026,B,0
10027,A,0
10028,B,0
10029,B,0
10030,A,0
10031,B,0
10032,B,0
10033,A,0
10034,B,0
10035,A,0
10036,A,0
10037,B,0
10038,A,0
10039,B,0
10040,A,0
10041,A,0
10042,A,0
10043,B,0
10044,B,0
10045,B,0
10046,A,0
10047,B,1
10048,B,0
10049,B,0
10050,B,0
10051,A,0
10052,B,0
10053,B,0
10054,B,0
10055,A,0
10056,A,0
10057,B,0
10058,B,0
10059,A,0
10060,A,0
10061,B,0
10062,B,0
10063,B,0
10064,B,0
10065,B,0
10066,A,0
10067,A,0
10068,A,0
10069,B,0
10070,B,0
10071,B,0
10072,B,0
10073,B,0
10074,B,0
10075,B,0
10076,A,0
10077,B,0
10078,B,0
10079,B,0
10080,B,0
10081,B,0
10082,A,0
10083,A,0
10084,B,0
10085,B,0
10086,B,0
10087,A,0
10088,B,0
10089,B,0
10090,A,0
10091,B,0
10092,A,0
10093,A,0
10094,B,0
10095,A,0
10096,B,0
10097,B,0
10098,A,0
10099,A,1
10100,B,0
10101,B,0
10102,A,0
10103,B,0
10104,B,0
10105,B,0
10106,A,0
10107,B,0
10108,A,0
10109,A,0
10110,B,0
10111,B,0
10112,A,0
10113,A,0
10114,B,0
10115,A,0
10116,A,0
10117,A,0
10118,A,0
10119,B,0
10120,B,0
10121,A,0
10122,B,0
10123,B,0
10124,B,0
10125,B,0
10126,B,0
10127,A,0
10128,A,0
10129,A,0
10130,A,0
10131,B,0
10132,A,0
10133,A,0
10134,B,0
10135,B,0
10136,A,0
10137,B,0
10138,A,0
10139,A,0
10140,B,0
10141,B,0
10142,A,0
10143,B,0
10144,B,0
10145,B,0
10146,A,0
10147,A,0
10148,A,0
10149,A,0
10150,A,0
10151,B,0
10152,A,0
10153,B,0
10154,B,0
10155,A,0
10156,A,0
10157,B,1
10158,B,0
10159,A,0
10160,B,0
10161,A,0
10162,A,0
10163,B,0
10164,B,0
10165,B,0
10166,B,0
10167,A,0
10168,A,0
10169,B,0
10170,B,0
10171,B,0
10172,A,0
10173,A,0
10174,B,0
10175,B,0
10176,A,0
10177,B,0
10178,B,0
10179,A,0
10180,B,1
10181,B,0
10182,B,0
10183,A,0
10184,B,0
10185,A,0
10186,A,0
10187,A,0
10188,B,0
10189,A,0
10190,A,0
10191,A,0
10192,A,0
10193,A,0
10194,A,0
10195,B,0
10196,B,0
10197,B,0
10198,B,0
10199,A,0
10200,A,0
10201,A,0
10202,B,0
10203,A,0
10204,B,0
10205,A,0
10206,A,0
10207,B,0
10208,A,0
10209,B,0
10210,B,0
10211,B,0
10212,B,0
10213,B,0
10214,A,0
10215,A,0
10216,B,0
10217,A,0
10218,A,0
10219,A,0
10220,B,0
10221,B,0
10222,A,0
10223,B,0
10224,A,0
10225,B,0
10226,A,0
10227,B,0
10228,B,0
10229,B,0
10230,A,0
10231,B,0
10232,A,0
10233,B,0
10234,A,0
10235,B,1
10236,B,0
10237,A,0
10238,A,0
10239,B,0
10240,A,0
10241,B,0
10242,A,0
10243,A,0
10244,B,0
10245,B,0
10246,A,0
10247,A,0
10248,A,0
10249,B,0
10250,B,0
10251,B,0
10252,B,0
10253,A,1
10254,B,0
10255,B,0
10256,A,0
10257,B,0
10258,B,0
10259,A,0
10260,B,0
10261,B,0
10262,B,0
10263,A,0
10264,B,0
10265,B,0
10266,B,0
10267,B,0
10268,B,0
10269,A,0
10270,A,0
10271,A,0
10272,B,0
10273,B,0
10274,B,0
10275,B,0
10276,B,0
10277,A,0
10278,A,0
10279,A,0
10280,A,0
10281,B,0
10282,B,0
10283,A,0
10284,B,0
10285,A,0
10286,A,0
10287,B,0
10288,B,0
10289,A,0
10290,A,0
10291,A,0
10292,A,1
10293,A,0
10294,B,1
10295,A,0
10296,B,0
10297,A,0
10298,A,0
10299,A,0
10300,A,0
10301,A,0
10302,A,0
10303,B,0
10304,B,0
10305,A,0
10306,B,0
10307,B,0
10308,B,0
10309,B,0
10310,B,0
10311,B,0
10312,A,0
10313,B,0
10314,A,0
10315,A,0
10316,B,0
10317,A,0
10318,B,0
10319,A,0
10320,A,0
10321,A,0
10322,B,0
10323,B,0
10324,B,0
10325,A,0
10326,A,0
10327,A,0
10328,A,0
10329,A,0
10330,B,0
10331,A,0
10332,A,0
10333,A,0
10334,A,0
10335,A,0
10336,B,0
10337,B,0
10338,B,0
10339,A,0
10340,A,0
10341,A,0
10342,A,0
10343,B,0
10344,A,0
10345,B,0
10346,A,0
10347,A,0
10348,B,0
10349,B,0
10350,B,0
10351,B,0
10352,A,0
10353,A,0
10354,B,0
10355,A,0
10356,A,0
10357,A,0
10358,B,0
10359,B,0
10360,B,0
10361,B,0
10362,A,0
10363,B,0
10364,A,0
10365,A,0
10366,B,0
10367,A,0
10368,A,0
10369,B,0
10370,A,0
10371,B,0
10372,A,0
10373,B,0
10374,A,0
10375,B,0
10376,B,0
10377,A,0
10378,A,0
10379,A,0
10380,A,0
10381,A,0
10382,A,0
10383,A,0
10384,B,0
10385,B,0
10386,B,0
10387,B,0
10388,B,0
10389,A,0
10390,B,0
10391,A,0
10392,B,0
10393,B,0
10394,A,0
10395,A,0
10396,A,0
10397,A,1
10398,A,0
10399,A,0
10400,A,1
10401,A,0
10402,B,0
10403,A,0
10404,A,0
10405,B,0
10406,B,0
10407,A,0
10408,A,0
10409,A,0
10410,A,0
10411,B,0
10412,A,0
10413,A,0
10414,A,0
10415,B,0
10416,A,0
10417,A,0
10418,B,0
10419,B,0
10420,A,0
10421,B,0
10422,B,0
10423,A,0
10424,B,0
10425,A,0
10426,A,0
10427,B,0
10428,B,0
10429,A,0
10430,A,0
10431,A,0
10432,A,0
10433,A,0
10434,A,0
10435,A,0
10436,B,1
10437,B,0
10438,B,0
10439,A,0
10440,B,1
10441,B,0
10442,B,0
10443,B,0
10444,A,0
10445,B,0
10446,B,0
10447,A,0
10448,B,0
10449,A,0
10450,A,0
10451,A,0
10452,A,0
10453,B,0
10454,A,0
10455,A,0
10456,A,0
10457,B,0
10458,B,0
10459,A,0
10460,A,0
10461,A,0
10462,A,0
10463,A,1
10464,B,0
10465,B,0
10466,B,0
10467,A,0
10468,B,0
10469,A,0
10470,B,0
10471,B,0
10472,B,0
10473,A,0
10474,A,0
10475,A,0
10476,B,1
10477,B,0
10478,A,1
10479,B,0
10480,A,1
10481,A,0
10482,B,1
10483,B,0
10484,B,0
10485,B,0
10486,B,0
10487,B,0
10488,A,0
10489,B,0
10490,B,0
10491,B,0
10492,A,0
10493,B,0
10494,A,0
10495,A,0
10496,A,1
10497,A,0
10498,A,0
10499,A,0
10500,A,0
10501,A,0
10502,B,0
10503,B,0
10504,A,0
10505,A,0
10506,B,0
10507,B,0
10508,B,0
10509,A,0
10510,A,0
10511,A,0
10512,B,0
10513,A,0
10514,A,0
10515,A,0
10516,B,0
10517,B,0
10518,A,0
10519,B,0
10520,A,0
10521,B,0
10522,A,0
10523,B,1
10524,B,0
10525,A,0
10526,A,0
10527,A,0
10528,B,0
10529,B,0
10530,A,0
10531,A,0
10532,B,0
10533,B,0
10534,A,0
10535,A,1
10536,A,0
10537,A,0
10538,A,0
10539,A,0
10540,A,0
10541,A,0
10542,B,0
10543,A,0
10544,B,0
10545,B,0
10546,A,0
10547,B,0
10548,A,1
10549,B,0
10550,A,0
10551,B,0
10552,B,1
10553,A,0
10554,B,1
10555,B,0
10556,B,0
10557,A,0
10558,B,0
10559,B,0
10560,A,0
10561,A,0
10562,A,0
10563,A,0
10564,B,0
10565,B,0
10566,A,0
10567,A,0
10568,A,0
10569,B,0
10570,A,0
10571,B,0
10572,B,0
10573,A,0
10574,B,0
10575,B,0
10576,B,0
10577,B,0
10578,A,0
10579,B,0
10580,A,0
10581,B,0
10582,A,0
10583,B,0
10584,B,0
10585,B,0
10586,A,0
10587,A,0
10588,B,0
10589,B,0
10590,B,1
10591,B,1
10592,B,0
10593,A,0
10594,B,0
10595,B,0
10596,A,0
10597,A,0
10598,B,0
10599,A,0
10600,A,0
10601,B,0
10602,B,0
10603,A,0
10604,B,0
10605,A,0
10606,B,0
10607,B,0
10608,A,0
10609,A,0
10610,B,0
10611,A,0
10612,B,0
10613,A,0
10614,B,0
10615,B,0
10616,B,1
10617,B,0
10618,B,0
10619,A,0
10620,A,0
10621,A,0
10622,A,0
10623,B,0
10624,A,0
10625,B,1
10626,B,0
10627,B,0
10628,B,0
10629,A,0
10630,A,0
10631,A,0
10632,A,0
10633,A,0
10634,B,0
10635,A,0
10636,B,0
10637,A,0
10638,B,0
10639,A,0
10640,A,0
10641,A,1
10642,B,0
10643,B,0
10644,A,0
10645,B,0
10646,A,0
10647,A,0
10648,B,0
10649,B,0
10650,A,0
10651,B,0
10652,B,0
10653,B,0
10654,A,0
10655,B,0
10656,A,0
10657,B,0
10658,B,0
10659,B,0
10660,A,0
10661,B,0
10662,A,0
10663,B,0
10664,A,0
10665,B,0
10666,A,0
10667,B,0
10668,B,0
10669,B,0
10670,A,0
10671,A,0
10672,B,0
10673,B,0
10674,B,1
10675,A,0
10676,B,0
10677,A,0
10678,A,0
10679,A,0
10680,B,0
10681,B,0
10682,B,0
10683,A,0
10684,A,0
10685,A,0
10686,B,0
10687,B,0
10688,A,0
10689,B,0
10690,A,0
10691,A,0
10692,B,0
10693,B,1
10694,A,0
10695,B,0
10696,A,0
10697,B,0
10698,A,0
10699,A,0
10700,A,0
10701,B,0
10702,B,0
10703,B,0
10704,A,0
10705,B,0
10706,B,0
10707,A,0
10708,B,0
10709,A,0
10710,A,0
10711,A,0
10712,A,0
10713,B,0
10714,A,0
10715,B,1
10716,B,0
10717,B,0
10718,A,0
10719,A,0
10720,A,0
10721,B,0
10722,B,0
10723,B,0
10724,A,0
10725,B,0
10726,A,1
10727,A,0
10728,B,0
10729,A,0
10730,B,0
10731,A,0
10732,A,0
10733,A,0
10734,A,0
10735,B,0
10736,A,0
10737,B,0
10738,A,0
10739,A,0
10740,A,0
10741,B,0
10742,A,0
10743,A,0
10744,B,0
10745,A,0
10746,B,0
10747,A,0
10748,B,0
10749,A,0
10750,B,0
10751,A,0
10752,A,1
10753,B,0
10754,A,0
10755,A,0
10756,B,0
10757,B,0
10758,A,0
10759,B,0
10760,A,0
10761,A,0
10762,B,0
10763,A,0
10764,A,0
10765,B,0
10766,A,0
10767,B,0
10768,B,0
10769,A,0
10770,B,0
10771,B,0
10772,B,0
10773,A,0
10774,A,0
10775,A,1
10776,B,0
10777,B,0
10778,B,0
10779,B,0
10780,A,0
10781,B,0
10782,B,0
10783,B,0
10784,B,0
10785,B,0
10786,B,0
10787,A,0
10788,A,0
10789,A,0
10790,B,0
10791,A,0
10792,A,0
10793,A,0
10794,A,0
10795,B,0
10796,A,0
10797,A,0
10798,A,0
10799,A,0
10800,A,0
10801,A,0
10802,B,0
10803,A,0
10804,B,0
10805,A,0
10806,A,0
10807,A,0
10808,B,0
10809,A,0
10810,B,0
10811,B,0
10812,A,0
10813,A,0
10814,B,0
10815,A,0
10816,B,0
10817,A,0
10818,B,0
10819,B,0
10820,B,0
10821,B,0
10822,B,0
10823,B,0
10824,B,0
10825,A,0
10826,A,0
10827,B,0
10828,A,0
10829,A,0
10830,B,0
10831,A,0
10832,A,0
10833,B,0
10834,A,0
10835,B,0
10836,A,0
10837,A,0
10838,B,0
10839,A,0
10840,B,0
10841,B,0
10842,A,0
10843,B,0
10844,A,0
10845,B,0
10846,A,0
10847,B,0
10848,A,0
10849,B,0
10850,B,0
10851,A,0
10852,A,0
10853,A,0
10854,B,0
10855,B,0
10856,A,0
10857,A,0
10858,A,0
10859,A,0
10860,B,0
10861,B,0
10862,A,0
10863,A,0
10864,A,0
10865,A,0
10866,A,0
10867,B,0
10868,B,0
10869,B,0
10870,A,0
10871,A,0
10872,B,0
10873,A,0
10874,B,1
10875,B,1
10876,B,0
10877,A,0
10878,B,0
10879,A,0
10880,B,0
10881,A,0
10882,B,0
10883,A,0
10884,A,0
10885,A,1
10886,B,0
10887,A,0
10888,B,0
10889,A,0
10890,A,0
10891,B,0
10892,B,0
10893,B,0
10894,A,0
10895,B,0
10896,B,0
10897,A,1
10898,A,0
10899,A,0
10900,A,0
10901,B,0
10902,A,0
10903,A,0
10904,A,0
10905,A,0
10906,A,0
10907,B,0
10908,A,0
10909,B,0
10910,B,0
10911,A,0
10912,A,0
10913,A,0
10914,B,0
10915,B,0
10916,B,0
10917,A,0
10918,A,0
10919,A,0
10920,A,0
10921,B,0
10922,A,0
10923,B,0
10924,A,0
10925,A,0
10926,A,0
10927,A,0
10928,B,0
10929,A,0
10930,B,0
10931,A,0
10932,A,0
10933,B,0
10934,B,0
10935,B,0
10936,A,0
10937,B,0
10938,B,0
10939,B,0
10940,B,0
10941,B,0
10942,A,0
10943,B,0
10944,B,0
10945,A,0
10946,B,0
10947,B,0
10948,A,0
10949,B,0
10950,A,0
10951,B,0
10952,B,0
10953,A,0
10954,A,0
10955,B,0
10956,A,0
10957,B,0
10958,B,0
10959,A,0
10960,A,0
10961,A,0
10962,A,0
10963,B,0
10964,B,0
10965,A,0
10966,A,0
10967,B,0
10968,B,0
10969,A,0
10970,B,0
10971,A,0
10972,A,0
10973,A,0
10974,B,0
10975,B,0
10976,B,0
10977,A,0
10978,A,0
10979,B,0
10980,B,0
10981,A,0
10982,B,0
10983,A,0
10984,B,0
10985,B,0
10986,A,0
10987,A,0
10988,A,0
10989,B,0
10990,B,0
10991,A,0
10992,B,0
10993,A,0
10994,B,0
10995,B,0
10996,A,0
10997,A,1
10998,B,0
10999,B,0
11000,A,0
11001,A,0
11002,A,0
11003,A,0
11004,B,0
11005,B,0
11006,A,0
11007,B,0
11008,B,0
11009,A,0
11010,A,0
11011,B,0
11012,B,0
11013,B,0
11014,B,0
11015,A,1
11016,A,0
11017,A,0
11018,B,0
11019,B,0
11020,B,0
11021,B,0
11022,A,0
11023,B,0
11024,B,0
11025,B,0
11026,B,0
11027,A,0
11028,A,0
11029,B,0
11030,B,0
11031,B,0
11032,A,0
11033,B,0
11034,A,0
11035,B,0
11036,A,0
11037,B,0
11038,B,0
11039,A,0
11040,B,0
11041,B,0
11042,A,0
11043,A,0
11044,A,0
11045,B,1
11046,A,0
11047,B,0
11048,B,0
11049,B,0
11050,A,0
11051,B,0
11052,A,0
11053,A,0
11054,A,0
11055,B,0
11056,A,0
11057,A,0
11058,B,0
11059,B,1
11060,B,0
11061,A,0
11062,A,0
11063,B,1
11064,A,0
11065,B,0
11066,A,0
11067,B,1
11068,B,0
11069,B,0
11070,A,0
11071,B,0
11072,A,0
11073,B,0
11074,B,0
11075,B,0
11076,A,0
11077,A,0
11078,B,0
11079,A,0
11080,A,0
11081,A,0
11082,A,0
11083,A,0
11084,B,0
11085,B,0
11086,A,0
11087,A,0
11088,A,0
11089,B,1
11090,B,0
11091,B,0
11092,A,0
11093,B,0
11094,B,0
11095,B,0
11096,A,0
11097,A,0
11098,B,0
11099,B,0
11100,B,0
11101,B,0
11102,A,0
11103,B,0
11104,B,0
11105,A,0
11106,B,0
11107,A,0
11108,A,0
11109,A,0
11110,A,0
11111,B,1
11112,B,0
11113,B,0
11114,B,0
11115,A,0
11116,B,0
11117,B,0
11118,B,0
11119,B,0
11120,B,1
11121,B,1
11122,B,0
11123,B,0
11124,B,0
11125,A,0
11126,B,0
11127,B,0
11128,B,0
11129,B,0
11130,A,0
11131,B,0
11132,B,0
11133,B,0
11134,A,0
11135,A,0
11136,B,0
11137,B,0
11138,B,0
11139,A,0
11140,B,0
11141,B,0
11142,A,0
11143,B,0
11144,B,0
11145,A,0
11146,A,1
11147,B,0
11148,B,0
11149,A,0
11150,B,0
11151,A,0
11152,A,0
11153,B,0
11154,A,0
11155,A,0
11156,B,0
11157,B,0
11158,A,0
11159,B,1
11160,B,0
11161,B,0
11162,B,0
11163,A,0
11164,B,1
11165,A,0
11166,A,0
11167,B,0
11168,A,0
11169,B,0
11170,B,0
11171,A,0
11172,B,0
11173,A,0
11174,A,0
11175,B,0
11176,B,0
11177,B,0
11178,A,0
11179,B,0
11180,A,0
11181,B,0
11182,B,0
11183,B,0
11184,B,0
11185,A,0
11186,B,0
11187,B,1
11188,A,0
11189,A,1
11190,A,0
11191,A,0
11192,B,0
11193,A,0
11194,B,0
11195,B,1
11196,A,0
11197,B,0
11198,B,0
11199,B,0
11200,A,0
11201,A,0
11202,B,0
11203,A,0
11204,B,0
11205,B,0
11206,A,0
11207,A,0
11208,A,0
11209,B,0
11210,B,0
11211,A,0
11212,B,0
11213,A,0
11214,A,0
11215,A,0
11216,A,0
11217,B,1
11218,B,0
11219,A,0
11220,A,0
11221,A,0
11222,B,0
11223,B,0
11224,B,0
11225,A,0
11226,A,0
11227,B,0
11228,B,0
11229,B,0
11230,B,0
11231,B,0
11232,B,0
11233,B,0
11234,B,0
11235,A,0
11236,A,0
11237,A,0
11238,A,0
11239,A,0
11240,A,0
11241,B,0
11242,A,0
11243,B,0
11244,A,1
11245,B,0
11246,A,0
11247,B,0
11248,B,0
11249,B,0
11250,A,0
11251,B,1
11252,B,0
11253,A,0
11254,B,0
11255,B,0
11256,A,0
11257,B,0
11258,B,0
11259,A,0
11260,A,0
11261,B,0
11262,B,0
11263,A,0
11264,B,1
11265,B,0
11266,B,0
11267,A,0
11268,B,0
11269,A,0
11270,B,0
11271,B,0
11272,B,1
11273,A,0
11274,B,0
11275,A,0
11276,A,0
11277,B,0
11278,B,0
11279,A,0
11280,B,0
11281,B,0
11282,A,0
11283,B,0
11284,B,0
11285,B,0
11286,B,0
11287,A,0
11288,B,0
11289,B,0
11290,A,0
11291,A,0
11292,B,0
11293,B,0
11294,B,0
11295,B,0
11296,A,0
11297,A,0
11298,B,0
11299,B,0
11300,B,1
11301,A,0
11302,A,0
11303,A,0
11304,B,0
11305,B,0
11306,A,0
11307,A,0
11308,B,0
11309,B,0
11310,B,0
11311,B,0
11312,A,0
11313,B,0
11314,B,0
11315,A,0
11316,A,0
11317,B,0
11318,A,0
11319,A,0
11320,B,0
11321,A,0
11322,A,0
11323,A,0
11324,A,0
11325,B,0
11326,A,0
11327,A,0
11328,B,0
11329,B,0
11330,B,0
11331,A,0
11332,A,0
11333,B,0
11334,A,0
11335,A,0
11336,A,0
11337,B,0
11338,A,0
11339,A,0
11340,A,0
11341,A,0
11342,B,0
11343,B,0
11344,B,1
11345,A,0
11346,A,0
11347,A,0
11348,B,1
11349,B,0
11350,B,0
11351,B,0
11352,A,0
11353,A,0
11354,A,0
11355,B,0
11356,B,0
11357,B,0
11358,A,0
11359,B,0
11360,B,0
11361,A,0
11362,B,0
11363,B,0
11364,B,0
11365,B,0
11366,A,0
11367,B,0
11368,A,0
11369,A,0
11370,B,0
11371,B,0
11372,A,0
11373,A,0
11374,A,0
11375,A,0
11376,B,0
11377,A,0
11378,A,0
11379,B,0
11380,B,0
11381,B,1
11382,B,0
11383,B,0
11384,B,0
11385,A,0
11386,A,0
11387,A,0
11388,B,0
11389,A,0
11390,B,0
11391,B,0
11392,A,0
11393,B,0
11394,B,0
11395,A,0
11396,A,0
11397,B,1
11398,A,0
11399,A,0
11400,B,0
11401,A,0
11402,A,0
11403,B,0
11404,A,0
11405,B,0
11406,B,0
11407,A,0
11408,A,1
11409,A,1
11410,B,0
11411,B,0
11412,A,0
11413,B,0
11414,B,0
11415,A,0
11416,B,0
11417,B,0
11418,A,0
11419,A,0
11420,B,0
11421,B,0
11422,A,0
11423,B,0
11424,A,0
11425,A,0
11426,A,0
11427,B,0
11428,A,0
11429,B,0
11430,A,0
11431,A,0
11432,B,0
11433,A,0
11434,B,0
11435,B,0
11436,B,0
11437,A,0
11438,B,0
11439,B,0
11440,A,0
11441,A,0
11442,A,0
11443,B,0
11444,A,0
11445,A,0
11446,B,0
11447,B,0
11448,B,0
11449,B,0
11450,A,0
11451,A,0
11452,A,0
11453,A,0
11454,A,1
11455,B,0
11456,B,0
11457,B,0
11458,A,0
11459,B,0
11460,B,1
11461,A,0
11462,A,0
11463,B,0
11464,A,0
11465,A,0
11466,A,0
11467,A,0
11468,B,0
11469,B,0
11470,B,0
11471,B,0
11472,A,0
11473,A,0
11474,A,0
11475,B,1
11476,A,0
11477,B,0
11478,A,0
11479,A,0
11480,A,0
11481,A,0
11482,A,0
11483,B,0
11484,B,0
11485,A,0
11486,B,0
11487,A,0
11488,B,1
11489,B,0
11490,B,0
11491,B,0
11492,B,0
11493,B,0
11494,B,0
11495,B,0
11496,A,0
11497,B,0
11498,A,0
11499,A,0
11500,A,0
11501,B,0
11502,B,0
11503,B,0
11504,A,0
11505,A,0
11506,A,0
11507,A,0
11508,B,0
11509,A,0
11510,B,1
11511,B,0
11512,B,0
11513,B,0
11514,B,0
11515,A,0
11516,B,0
11517,B,0
11518,B,0
11519,B,0
11520,A,0
11521,A,0
11522,B,0
11523,A,0
11524,B,0
11525,B,0
11526,A,0
11527,A,0
11528,B,0
11529,B,0
11530,B,0
11531,A,0
11532,B,0
11533,B,0
11534,B,0
11535,A,0
11536,A,0
11537,A,0
11538,A,0
11539,A,0
11540,A,0
11541,A,0
11542,B,0
11543,A,0
11544,B,0
11545,B,0
11546,B,0
11547,B,0
11548,B,0
11549,A,0
11550,B,0
11551,B,0
11552,A,0
11553,A,1
11554,A,0
11555,B,0
11556,A,0
11557,A,0
11558,B,0
11559,A,0
11560,A,0
11561,A,0
11562,B,0
11563,B,0
11564,B,0
11565,B,0
11566,A,0
11567,A,0
11568,B,0
11569,B,0
11570,B,0
11571,A,0
11572,B,0
11573,A,0
11574,A,0
11575,B,0
11576,A,0
11577,B,0
11578,A,0
11579,A,0
11580,B,0
11581,B,0
11582,B,0
11583,A,0
11584,B,0
11585,A,0
11586,B,0
11587,A,0
11588,A,0
11589,A,0
11590,B,0
11591,B,0
11592,A,0
11593,B,0
11594,A,0
11595,A,0
11596,B,0
11597,A,0
11598,B,0
11599,B,0
11600,B,0
11601,B,1
11602,B,0
11603,A,0
11604,A,0
11605,A,0
11606,A,0
11607,B,0
11608,A,0
11609,A,0
11610,B,0
11611,B,1
11612,A,0
11613,A,0
11614,A,0
11615,B,1
11616,A,0
11617,B,0
11618,B,0
11619,A,0
11620,B,0
11621,A,0
11622,A,0
11623,B,0
11624,A,0
11625,B,0
11626,B,0
11627,A,0
11628,B,0
11629,B,0
11630,A,0
11631,B,0
11632,A,0
11633,A,0
11634,B,0
11635,B,0
11636,B,0
11637,B,0
11638,A,0
11639,A,0
11640,B,0
11641,A,0
11642,B,0
11643,A,0
11644,A,0
11645,A,0
11646,A,0
11647,A,0
11648,B,0
11649,B,0
11650,B,0
11651,A,0
11652,A,0
11653,B,0
11654,B,0
11655,B,0
11656,A,0
11657,A,0
11658,B,0
11659,A,0
11660,A,0
11661,A,0
11662,A,0
11663,B,0
11664,A,0
11665,B,0
11666,B,0
11667,A,0
11668,B,0
11669,A,0
11670,B,0
11671,B,0
11672,A,0
11673,B,0
11674,B,0
11675,B,0
11676,A,0
11677,B,0
11678,B,1
11679,B,0
11680,A,0
11681,A,0
11682,B,0
11683,B,0
11684,A,0
11685,A,0
11686,A,0
11687,A,1
11688,B,0
11689,B,0
11690,A,0
11691,B,0
11692,A,0
11693,A,0
11694,B,0
11695,A,0
11696,A,0
11697,A,0
11698,B,0
11699,B,0
11700,B,0
11701,B,0
11702,B,0
11703,A,0
11704,A,0
11705,B,0
11706,B,0
11707,A,0
11708,B,0
11709,A,0
11710,A,1
11711,A,0
11712,B,0
11713,A,0
11714,B,0
11715,A,0
11716,A,0
11717,B,0
11718,A,0
11719,B,0
11720,B,0
11721,A,0
11722,A,0
11723,B,0
11724,B,0
11725,B,0
11726,A,0
11727,B,0
11728,A,0
11729,A,0
11730,B,0
11731,A,0
11732,B,0
11733,B,0
11734,A,0
11735,B,0
11736,B,0
11737,A,0
11738,A,0
11739,B,0
11740,A,0
11741,A,0
11742,B,0
11743,B,0
11744,A,0
11745,B,0
11746,B,0
11747,A,0
11748,A,0
11749,B,0
11750,A,0
11751,A,0
11752,A,0
11753,B,0
11754,B,0
11755,A,0
11756,B,0
11757,B,0
11758,A,0
11759,B,0
11760,A,0
11761,B,0
11762,B,0
11763,B,0
11764,A,0
11765,A,0
11766,B,0
11767,B,0
11768,B,0
11769,A,0
11770,B,0
11771,A,0
11772,A,0
11773,A,0
11774,A,0
11775,A,0
11776,A,0
11777,B,0
11778,A,0
11779,A,0
11780,A,0
11781,B,0
11782,B,0
11783,B,0
11784,A,0
11785,B,0
11786,A,0
11787,A,0
11788,A,0
11789,B,0
11790,A,0
11791,B,0
11792,B,1
11793,B,0
11794,A,0
11795,B,0
11796,B,0
11797,B,1
11798,B,1
11799,A,0
11800,A,0
11801,A,0
11802,B,0
11803,A,0
11804,A,1
11805,B,0
11806,A,0
11807,B,0
11808,B,0
11809,A,0
11810,B,0
11811,B,0
11812,A,0
11813,B,0
11814,A,0
11815,A,0
11816,A,0
11817,B,1
11818,B,0
11819,B,0
11820,B,1
11821,A,0
11822,A,0
11823,A,0
11824,B,0
11825,A,1
11826,B,0
11827,B,0
11828,A,0
11829,A,0
11830,B,0
11831,A,0
11832,B,0
11833,B,0
11834,A,0
11835,A,0
11836,B,0
11837,B,0
11838,B,0
11839,B,0
11840,B,0
11841,A,0
11842,A,0
11843,A,0
11844,B,0
11845,A,0
11846,B,0
11847,B,0
11848,B,0
11849,B,0
11850,A,0
11851,B,0
11852,B,0
11853,B,0
11854,B,0
11855,B,0
11856,A,0
11857,B,0
11858,A,0
11859,A,0
11860,B,0
11861,B,0
11862,B,0
11863,A,0
11864,B,0
11865,B,0
11866,A,1
11867,B,0
11868,B,0
11869,B,0
11870,A,0
11871,B,0
11872,B,0
11873,B,1
11874,A,0
11875,A,0
11876,A,0
11877,B,0
11878,B,1
11879,B,0
11880,B,0
11881,B,0
11882,A,0
11883,B,0
11884,A,0
11885,A,0
11886,B,0
11887,B,0
11888,B,0
11889,A,0
11890,A,1
11891,A,0
11892,B,0
11893,B,0
11894,A,0
11895,B,0
11896,B,0
11897,A,0
11898,A,0
11899,B,0
11900,A,0
11901,A,0
11902,B,0
11903,A,0
11904,A,0
11905,B,0
11906,B,0
11907,B,0
11908,A,0
11909,B,0
11910,A,0
11911,A,1
11912,B,0
11913,A,0
11914,B,1
11915,A,0
11916,A,0
11917,B,0
11918,B,0
11919,B,0
11920,A,0
11921,B,0
11922,B,0
11923,B,0
11924,A,0
11925,A,0
11926,B,1
11927,A,0
11928,A,0
11929,B,1
11930,B,0
11931,B,0
11932,B,0
11933,A,0
11934,B,0
11935,A,0
11936,A,0
11937,A,0
11938,A,0
11939,B,0
11940,A,0
11941,B,0
11942,B,0
11943,B,0
11944,A,0
11945,B,0
11946,B,0
11947,A,0
11948,A,0
11949,A,0
11950,B,0
11951,A,0
11952,B,0
11953,A,0
11954,B,0
11955,A,0
11956,B,0
11957,A,0
11958,B,0
11959,A,0
11960,B,0
11961,B,0
11962,B,0
11963,A,0
11964,B,0
11965,A,0
11966,A,0
11967,A,0
11968,A,0
11969,B,0
11970,B,0
11971,B,0
11972,B,0
11973,B,0
11974,A,0
11975,B,0
11976,A,0
11977,A,0
11978,B,0
11979,B,0
11980,A,0
11981,B,0
11982,B,0
11983,A,0
11984,B,0
11985,B,0
11986,A,0
11987,A,0
11988,A,0
11989,B,0
11990,A,0
11991,B,1
11992,A,0
11993,B,0
11994,B,0
11995,A,0
11996,B,0
11997,B,0
11998,B,1
11999,B,0
12000,A,0
12001,B,0
12002,B,0
12003,A,0
12004,A,0
12005,A,0
12006,B,0
12007,B,0
12008,A,0
12009,B,0
12010,B,0
12011,A,0
12012,B,0
12013,B,0
12014,A,0
12015,B,0
12016,B,0
12017,A,0
12018,A,0
12019,A,0
12020,A,0
12021,A,0
12022,B,0
12023,A,0
12024,B,0
12025,B,0
12026,A,0
12027,B,0
12028,A,0
12029,B,0
12030,A,0
12031,A,0
12032,B,0
12033,B,0
12034,B,0
12035,B,0
12036,A,0
12037,B,0
12038,A,0
12039,A,0
12040,B,0
12041,A,0
12042,B,0
12043,A,0
12044,A,0
12045,A,0
12046,B,0
12047,B,0
12048,A,0
12049,A,0
12050,A,0
12051,B,0
12052,B,0
12053,A,0
12054,B,0
12055,A,0
12056,A,0
12057,A,0
12058,B,0
12059,B,0
12060,B,0
12061,A,0
12062,B,0
12063,B,0
12064,B,0
12065,B,0
12066,B,0
12067,B,0
12068,B,0
12069,B,0
12070,A,0
12071,A,0
12072,B,0
12073,B,0
12074,A,0
12075,A,0
12076,B,0
12077,B,0
12078,A,0
12079,A,0
12080,A,0
12081,B,0
12082,B,0
12083,A,0
12084,A,0
12085,A,0
12086,A,0
12087,A,0
12088,A,0
12089,A,0
12090,B,0
12091,B,0
12092,A,0
12093,A,1
12094,A,0
12095,A,0
12096,B,0
12097,A,0
12098,B,0
12099,A,0
12100,B,1
12101,A,0
12102,A,0
12103,A,0
12104,B,0
12105,A,0
12106,B,0
12107,B,0
12108,B,0
12109,B,0
12110,B,0
12111,B,0
12112,A,0
12113,B,0
12114,B,0
12115,A,0
12116,B,1
12117,B,0
12118,A,0
12119,A,0
12120,A,0
12121,A,0
12122,A,0
12123,A,0
12124,B,0
12125,A,0
12126,A,0
12127,A,0
12128,B,0
12129,B,0
12130,B,0
12131,B,0
12132,A,0
12133,B,0
12134,A,0
12135,A,0
12136,A,0
12137,A,0
12138,A,0
12139,A,0
12140,B,0
12141,B,0
12142,B,0
12143,A,0
12144,B,0
12145,A,0
12146,B,0
12147,B,0
12148,A,0
12149,A,0
12150,B,0
12151,B,0
12152,A,0
12153,A,0
12154,A,0
12155,A,0
12156,A,0
12157,B,0
12158,A,0
12159,A,0
12160,B,0
12161,B,1
12162,B,1
12163,B,0
12164,A,0
12165,A,0
12166,A,0
12167,A,0
12168,B,0
12169,A,0
12170,B,0
12171,B,0
12172,B,0
12173,A,0
12174,A,0
12175,A,0
12176,A,0
12177,A,0
12178,B,0
12179,A,0
12180,B,0
12181,A,0
12182,A,1
12183,A,1
12184,A,0
12185,A,0
12186,A,0
12187,B,0
12188,B,0
12189,B,1
12190,A,0
12191,A,0
12192,B,0
12193,B,0
12194,B,0
12195,A,0
12196,A,0
12197,B,0
12198,A,0
12199,B,0
12200,A,0
12201,A,0
12202,A,0
12203,A,0
12204,B,0
12205,A,0
12206,B,0
12207,B,0
12208,A,0
12209,A,0
12210,B,0
12211,B,0
12212,A,0
12213,B,0
12214,B,1
12215,B,0
12216,B,0
12217,A,0
12218,A,0
12219,A,1
12220,B,0
12221,B,0
12222,B,0
12223,B,0
12224,A,1
12225,B,0
12226,B,0
12227,A,0
12228,A,0
12229,B,0
12230,A,0
12231,A,0
12232,B,0
12233,A,0
12234,A,0
12235,A,0
12236,A,0
12237,A,0
12238,A,0
12239,B,0
12240,A,0
12241,A,0
12242,A,0
12243,B,0
12244,A,0
12245,A,0
12246,B,0
12247,B,0
12248,A,0
12249,A,0
12250,B,0
12251,B,0
12252,B,0
12253,B,0
12254,A,0
12255,A,0
12256,B,0
12257,A,0
12258,B,0
12259,B,0
12260,B,0
12261,A,0
12262,B,0
12263,B,0
12264,A,0
12265,B,0
12266,A,0
12267,B,0
12268,B,0
12269,A,0
12270,B,0
12271,A,0
12272,B,0
12273,A,0
12274,B,0
12275,A,0
12276,A,1
12277,B,0
12278,A,1
12279,B,0
12280,B,0
12281,B,0
12282,A,0
12283,A,0
12284,B,1
12285,B,0
12286,B,0
12287,B,0
12288,A,0
12289,B,0
12290,A,0
12291,B,0
12292,B,0
12293,A,0
12294,B,0
12295,B,0
12296,B,0
12297,B,0
12298,A,0
12299,A,0
12300,A,0
12301,A,0
12302,A,0
12303,A,0
12304,A,0
12305,B,0
12306,A,0
12307,A,0
12308,B,0
12309,B,0
12310,A,0
12311,A,0
12312,B,0
12313,A,0
12314,B,0
12315,A,0
12316,B,0
12317,A,0
12318,B,0
12319,B,0
12320,A,0
12321,A,0
12322,B,0
12323,A,0
12324,A,0
12325,B,0
12326,A,0
12327,A,0
12328,B,0
12329,A,0
12330,A,0
12331,B,0
12332,A,0
12333,A,0
12334,B,0
12335,A,0
12336,A,0
12337,A,0
12338,A,0
12339,B,0
12340,A,0
12341,A,0
12342,A,0
12343,B,0
12344,B,0
12345,A,0
12346,B,0
12347,A,0
12348,A,0
12349,B,0
12350,B,0
12351,B,0
12352,B,1
12353,B,0
12354,B,0
12355,B,0
12356,B,0
12357,A,0
12358,B,0
12359,B,1
12360,B,0
12361,B,0
12362,B,0
12363,A,0
12364,A,0
12365,A,0
12366,A,0
12367,B,0
12368,A,0
12369,B,0
12370,B,0
12371,A,0
12372,A,0
12373,B,0
12374,B,0
12375,A,0
12376,A,0
12377,B,0
12378,B,0
12379,B,0
12380,A,0
12381,A,1
12382,A,0
12383,A,0
12384,A,0
12385,B,0
12386,B,0
12387,B,1
12388,A,0
12389,B,0
12390,A,0
12391,B,0
12392,B,0
12393,B,0
12394,B,0
12395,A,0
12396,B,0
12397,B,0
12398,B,0
12399,A,0
12400,A,0
12401,B,0
12402,B,0
12403,A,0
12404,A,0
12405,B,0
12406,B,0
12407,A,0
12408,B,0
12409,B,0
12410,A,0
12411,A,0
12412,A,0
12413,A,0
12414,B,0
12415,A,0
12416,B,0
12417,A,0
12418,B,0
12419,B,0
12420,B,0
12421,A,0
12422,B,0
12423,A,0
12424,A,0
12425,B,0
12426,B,0
12427,B,0
12428,A,0
12429,A,1
12430,B,0
12431,B,0
12432,B,0
12433,B,0
12434,A,0
12435,A,0
12436,B,0
12437,B,0
12438,B,0
12439,A,0
12440,A,0
12441,A,0
12442,B,0
12443,A,0
12444,B,1
12445,A,0
12446,A,0
12447,B,0
12448,A,0
12449,A,0
12450,A,0
12451,A,0
12452,B,0
12453,A,0
12454,A,0
12455,B,0
12456,A,1
12457,B,0
12458,B,0
12459,B,0
12460,B,0
12461,B,0
12462,B,0
12463,A,0
12464,B,0
12465,B,0
12466,A,0
12467,B,0
12468,A,0
12469,B,0
12470,B,0
12471,A,0
12472,A,1
12473,A,0
12474,A,0
12475,A,0
12476,B,0
12477,A,0
12478,A,0
12479,B,0
12480,B,0
12481,A,0
12482,B,0
12483,A,0
12484,B,1
12485,B,0
12486,A,0
12487,B,0
12488,A,0
12489,A,0
12490,B,0
12491,A,0
12492,B,0
12493,A,0
12494,A,0
12495,A,0
12496,A,0
12497,A,0
12498,B,0
12499,B,0
12500,A,0
12501,A,0
12502,A,0
12503,B,0
12504,A,1
12505,B,0
12506,A,0
12507,B,0
12508,A,0
12509,B,0
12510,A,0
12511,B,0
12512,B,0
12513,A,0
12514,A,0
12515,A,0
12516,A,0
12517,A,0
12518,A,0
12519,A,0
12520,B,0
12521,B,0
12522,A,0
12523,B,0
12524,A,0
12525,B,1
12526,B,0
12527,B,0
12528,B,0
12529,B,0
12530,B,0
12531,B,0
12532,A,0
12533,A,0
12534,A,0
12535,A,0
12536,A,0
12537,A,0
12538,B,0
12539,A,0
12540,A,0
12541,B,0
12542,A,0
12543,A,0
12544,A,0
12545,B,0
12546,B,0
12547,B,0
12548,A,0
12549,B,0
12550,A,0
12551,A,0
12552,B,0
12553,B,0
12554,B,0
12555,B,0
12556,B,0
12557,B,0
12558,B,0
12559,B,0
12560,A,1
12561,B,0
12562,B,0
12563,A,0
12564,A,0
12565,B,0
12566,B,0
12567,A,0
12568,A,0
12569,B,0
12570,B,0
12571,B,0
12572,B,0
12573,B,0
12574,A,0
12575,B,0
12576,A,0
12577,A,0
12578,B,0
12579,A,0
12580,A,0
12581,B,0
12582,B,0
12583,A,0
12584,A,0
12585,A,0
12586,B,0
12587,B,0
12588,B,0
12589,B,0
12590,A,0
12591,B,0
12592,B,0
12593,B,0
12594,B,0
12595,A,0
12596,B,0
12597,B,0
12598,B,0
12599,B,0
12600,B,0
12601,B,0
12602,A,0
12603,B,0
12604,A,0
12605,B,0
12606,A,0
12607,A,1
12608,B,0
12609,B,0
12610,B,0
12611,A,0
12612,A,0
12613,A,0
12614,B,0
12615,A,0
12616,A,0
12617,B,0
12618,B,1
12619,B,0
12620,B,0
12621,A,0
12622,B,0
12623,B,0
12624,B,0
12625,A,0
12626,B,0
12627,A,0
12628,A,0
12629,A,0
12630,B,0
12631,A,0
12632,A,0
12633,A,1
12634,B,0
12635,A,0
12636,B,0
12637,A,0
12638,A,0
12639,A,0
12640,A,0
12641,B,0
12642,A,0
12643,B,0
12644,B,0
12645,A,0
12646,A,0
12647,B,0
12648,B,0
12649,B,0
12650,A,0
12651,B,0
12652,B,0
12653,A,0
12654,B,0
12655,A,0
12656,A,0
12657,A,0
12658,B,1
12659,B,0
12660,A,0
12661,B,0
12662,B,0
12663,A,0
12664,A,0
12665,A,0
12666,B,0
12667,B,0
12668,A,0
12669,A,0
12670,B,0
12671,B,0
12672,A,0
12673,B,0
12674,B,0
12675,B,0
12676,A,0
12677,A,0
12678,A,0
12679,B,0
12680,B,0
12681,B,0
12682,A,1
12683,A,0
12684,A,0
12685,B,0
12686,B,0
12687,B,0
12688,A,0
12689,B,0
12690,B,0
12691,B,0
12692,A,0
12693,B,0
12694,B,0
12695,B,0
12696,B,0
12697,A,0
12698,A,0
12699,A,0
12700,A,0
12701,B,0
12702,B,0
12703,A,0
12704,B,0
12705,A,0
12706,A,0
12707,B,0
12708,A,0
12709,B,1
12710,A,1
12711,A,0
12712,B,0
12713,A,0
12714,B,0
12715,B,0
12716,A,1
12717,B,0
12718,B,0
12719,A,0
12720,B,0
12721,B,1
12722,B,0
12723,A,0
12724,A,1
12725,B,0
12726,A,0
12727,B,0
12728,A,0
12729,A,0
12730,B,0
12731,A,0
12732,A,0
12733,B,0
12734,A,0
12735,A,0
12736,B,0
12737,B,0
12738,B,0
12739,A,0
12740,A,0
12741,A,0
12742,A,0
12743,A,0
12744,A,0
12745,B,0
12746,A,0
12747,B,0
12748,A,0
12749,A,0
12750,A,0
12751,B,0
12752,A,0
12753,B,1
12754,B,0
12755,A,0
12756,B,0
12757,B,0
12758,A,0
12759,A,0
12760,B,0
12761,B,0
12762,A,0
12763,B,0
12764,B,0
12765,A,0
12766,B,0
12767,B,0
12768,B,0
12769,A,0
12770,B,1
12771,A,0
12772,A,0
12773,B,0
12774,A,0
12775,A,0
12776,A,0
12777,B,0
12778,A,0
12779,B,0
12780,B,1
12781,B,0
12782,A,0
12783,A,0
12784,A,0
12785,B,0
12786,B,1
12787,B,0
12788,B,0
12789,B,0
12790,B,0
12791,A,0
12792,B,0
12793,B,0
12794,B,0
12795,B,0
12796,A,0
12797,A,0
12798,B,0
12799,A,0
12800,A,1
12801,A,0
12802,A,0
12803,A,0
12804,B,0
12805,B,0
12806,A,0
12807,A,0
12808,A,0
12809,A,0
12810,A,0
12811,B,0
12812,B,0
12813,B,0
12814,B,0
12815,B,0
12816,A,0
12817,B,0
12818,B,0
12819,A,0
12820,A,0
12821,B,0
12822,B,0
12823,A,0
12824,A,0
12825,A,0
12826,A,1
12827,B,0
12828,B,0
12829,B,0
12830,B,0
12831,A,0
12832,A,0
12833,B,1
12834,A,0
12835,B,0
12836,B,0
12837,A,0
12838,A,0
12839,B,0
12840,A,0
12841,B,0
12842,B,0
12843,B,0
12844,A,0
12845,A,0
12846,A,0
12847,A,0
12848,A,0
12849,B,0
12850,A,0
12851,B,0
12852,B,0
12853,A,0
12854,B,0
12855,B,0
12856,A,0
12857,A,0
12858,B,0
12859,B,0
12860,A,1
12861,A,0
12862,A,0
12863,A,0
12864,B,0
12865,A,0
12866,A,1
12867,A,0
12868,B,0
12869,A,1
12870,A,0
12871,A,0
12872,B,0
12873,A,0
12874,B,0
12875,B,0
12876,A,0
12877,B,0
12878,B,0
12879,A,0
12880,A,0
12881,A,0
12882,A,0
12883,B,0
12884,A,0
12885,A,0
12886,B,0
12887,B,0
12888,B,0
12889,A,0
12890,B,0
12891,A,0
12892,B,0
12893,B,0
12894,A,0
12895,B,0
12896,B,0
12897,A,0
12898,B,0
12899,A,0
12900,B,0
12901,B,0
12902,B,0
12903,B,0
12904,B,0
12905,B,0
12906,A,0
12907,A,0
12908,B,0
12909,A,0
12910,B,0
12911,A,0
12912,B,0
12913,B,0
12914,A,0
12915,A,0
12916,A,0
12917,A,0
12918,B,1
12919,A,0
12920,B,0
12921,B,0
12922,B,0
12923,A,0
12924,B,0
12925,A,0
12926,B,1
12927,A,0
12928,B,0
12929,B,0
12930,A,0
12931,B,0
12932,A,0
12933,A,0
12934,B,0
12935,B,0
12936,A,0
12937,A,1
12938,A,1
12939,B,0
12940,B,0
12941,A,0
12942,A,0
12943,B,0
12944,B,0
12945,B,0
12946,A,0
12947,A,0
12948,B,0
12949,A,0
12950,A,1
12951,A,0
12952,B,0
12953,B,0
12954,B,0
12955,A,0
12956,A,0
12957,A,0
12958,A,0
12959,A,0
12960,A,0
12961,B,0
12962,A,0
12963,B,0
12964,A,0
12965,B,0
12966,A,0
12967,B,0
12968,B,0
12969,A,0
12970,A,0
12971,B,0
12972,A,0
12973,A,0
12974,A,0
12975,B,0
12976,A,0
12977,A,0
12978,B,0
12979,A,0
12980,B,0
12981,A,0
12982,B,0
12983,A,0
12984,A,0
12985,A,0
12986,A,0
12987,B,0
12988,A,1
12989,B,0
12990,B,0
12991,B,0
12992,A,1
12993,A,0
12994,B,0
12995,A,0
12996,B,0
12997,B,0
12998,B,0
12999,A,0
13000,B,0
13001,A,0
13002,B,0
13003,A,0
13004,A,0
13005,B,0
13006,A,0
13007,A,0
13008,B,0
13009,B,0
13010,B,0
13011,A,0
13012,A,0
13013,A,0
13014,A,0
13015,B,0
13016,A,0
13017,A,0
13018,B,0
13019,B,0
13020,A,0
13021,A,0
13022,A,0
13023,A,0
13024,A,0
13025,A,0
13026,B,0
13027,B,0
13028,B,0
13029,B,0
13030,A,0
13031,B,1
13032,B,0
13033,A,0
13034,A,0
13035,A,0
13036,B,0
13037,B,0
13038,B,0
13039,B,0
13040,A,0
13041,A,0
13042,B,0
13043,B,0
13044,B,0
13045,A,0
13046,A,0
13047,B,1
13048,A,0
13049,A,0
13050,B,0
13051,B,0
13052,A,0
13053,B,0
13054,B,0
13055,A,0
13056,A,0
13057,A,0
13058,B,0
13059,A,0
13060,B,0
13061,A,0
13062,B,0
13063,B,0
13064,A,0
13065,A,0
13066,B,0
13067,B,0
13068,B,0
13069,A,0
13070,B,0
13071,A,0
13072,B,0
13073,B,0
13074,A,0
13075,A,0
13076,B,0
13077,B,0
13078,A,0
13079,B,0
13080,A,0
13081,B,0
13082,B,0
13083,A,0
13084,A,0
13085,B,0
13086,B,0
13087,B,0
13088,A,0
13089,A,0
13090,A,0
13091,B,0
13092,B,0
13093,A,0
13094,A,0
13095,A,0
13096,B,0
13097,B,0
13098,B,0
13099,A,0
13100,A,0
13101,A,0
13102,A,0
13103,A,0
13104,A,0
13105,A,0
13106,B,0
13107,A,0
13108,A,0
13109,A,0
13110,B,0
13111,A,1
13112,B,0
13113,A,1
13114,A,0
13115,B,0
13116,B,0
13117,B,0
13118,A,0
13119,A,1
13120,B,0
13121,A,0
13122,A,0
13123,A,0
13124,B,0
13125,B,0
13126,A,0
13127,B,0
13128,B,0
13129,B,0
13130,A,0
13131,A,0
13132,B,0
13133,B,0
13134,B,0
13135,B,1
13136,B,0
13137,B,0
13138,B,0
13139,A,0
13140,A,0
13141,A,0
13142,A,0
13143,B,0
13144,A,0
13145,A,0
13146,B,0
13147,A,0
13148,A,0
13149,A,0
13150,A,0
13151,A,0
13152,B,0
13153,A,0
13154,A,0
13155,A,0
13156,B,0
13157,B,0
13158,A,0
13159,A,0
13160,A,0
13161,A,0
13162,B,0
13163,A,0
13164,B,0
13165,A,0
13166,B,0
13167,B,0
13168,A,0
13169,B,0
13170,A,0
13171,A,0
13172,A,0
13173,A,0
13174,A,0
13175,B,0
13176,B,0
13177,B,0
13178,A,0
13179,B,0
13180,B,0
13181,B,0
13182,B,0
13183,B,0
13184,A,0
13185,B,0
13186,B,0
13187,B,0
13188,A,0
13189,B,0
13190,B,0
13191,A,0
13192,A,0
13193,A,0
13194,B,0
13195,A,0
13196,A,0
13197,A,0
13198,A,0
13199,A,0
13200,A,0
13201,B,0
13202,A,0
13203,A,0
13204,B,0
13205,B,0
13206,A,0
13207,A,0
13208,B,0
13209,B,0
13210,A,0
13211,B,1
13212,A,0
13213,A,0
13214,A,0
13215,B,0
13216,A,0
13217,A,1
13218,B,0
13219,A,0
13220,A,0
13221,B,0
13222,B,0
13223,A,0
13224,A,0
13225,B,0
13226,A,0
13227,B,0
13228,A,0
13229,B,0
13230,B,0
13231,B,0
13232,B,0
13233,A,0
13234,B,0
13235,A,0
13236,A,0
13237,B,0
13238,A,0
13239,A,0
13240,B,0
13241,A,0
13242,B,0
13243,B,0
13244,B,0
13245,B,0
13246,A,0
13247,B,0
13248,B,0
13249,A,0
13250,A,0
13251,A,0
13252,B,0
13253,A,0
13254,A,0
13255,B,0
13256,B,0
13257,A,0
13258,A,0
13259,B,0
13260,B,0
13261,B,0
13262,B,0
13263,B,0
13264,B,0
13265,B,0
13266,A,0
13267,B,0
13268,A,0
13269,B,0
13270,B,0
13271,B,0
13272,B,1
13273,A,0
13274,B,0
13275,A,0
13276,A,0
13277,B,0
13278,A,0
13279,B,0
13280,A,0
13281,B,0
13282,B,0
13283,B,0
13284,A,0
13285,B,0
13286,A,0
13287,A,0
13288,B,0
13289,A,0
13290,B,0
13291,A,1
13292,B,0
13293,A,0
13294,A,0
13295,A,0
13296,A,0
13297,A,0
13298,B,0
13299,A,0
13300,A,0
13301,B,0
13302,B,0
13303,A,0
13304,A,0
13305,A,0
13306,B,0
13307,B,0
13308,A,0
13309,A,0
13310,B,0
13311,B,0
13312,B,0
13313,B,0
13314,A,0
13315,B,0
13316,A,0
13317,A,1
13318,A,0
13319,B,0
13320,B,0
13321,A,0
13322,A,0
13323,A,0
13324,A,0
13325,B,0
13326,B,0
13327,A,0
13328,B,0
13329,B,0
13330,B,0
13331,B,0
13332,A,0
13333,A,0
13334,B,0
13335,B,0
13336,A,0
13337,A,0
13338,A,0
13339,B,1
13340,B,0
13341,B,0
13342,A,0
13343,A,0
13344,B,0
13345,B,0
13346,A,0
13347,B,0
13348,A,0
13349,B,0
13350,B,0
13351,A,0
13352,A,0
13353,A,0
13354,B,0
13355,A,0
13356,B,0
13357,A,0
13358,A,0
13359,B,1
13360,B,1
13361,A,0
13362,B,0
13363,B,0
13364,B,0
13365,A,0
13366,A,0
13367,A,0
13368,B,0
13369,B,0
13370,B,0
13371,B,0
13372,B,0
13373,B,1
13374,A,0
13375,A,0
13376,A,0
13377,A,1
13378,B,0
13379,B,0
13380,B,0
13381,A,0
13382,B,0
13383,B,1
13384,B,0
13385,B,0
13386,A,0
13387,B,0
13388,B,0
13389,A,0
13390,A,0
13391,B,0
13392,A,1
13393,A,0
13394,A,0
13395,B,0
13396,B,0
13397,A,0
13398,A,0
13399,B,0
13400,A,0
13401,B,0
13402,A,0
13403,B,0
13404,A,0
13405,B,0
13406,B,0
13407,A,0
13408,A,0
13409,B,0
13410,A,0
13411,A,0
13412,A,0
13413,A,0
13414,B,0
13415,B,0
13416,B,0
13417,B,0
13418,B,0
13419,A,0
13420,A,0
13421,B,0
13422,A,0
13423,A,0
13424,A,0
13425,B,0
13426,B,0
13427,A,0
13428,A,0
13429,B,0
13430,A,0
13431,A,0
13432,B,0
13433,B,0
13434,B,0
13435,A,0
13436,A,0
13437,A,0
13438,B,0
13439,A,1
13440,A,0
13441,B,0
13442,A,0
13443,B,0
13444,A,0
13445,A,0
13446,B,0
13447,B,0
13448,A,0
13449,B,0
13450,B,0
13451,B,0
13452,A,0
13453,A,0
13454,B,0
13455,B,0
13456,B,0
13457,A,1
13458,B,0
13459,B,0
13460,B,0
13461,A,0
13462,B,0
13463,A,0
13464,B,0
13465,B,0
13466,A,0
13467,A,0
13468,B,0
13469,A,0
13470,A,0
13471,A,0
13472,A,0
13473,B,0
13474,B,0
13475,A,0
13476,A,0
13477,A,0
13478,B,0
13479,A,0
13480,A,0
13481,A,0
13482,A,0
13483,A,0
13484,B,0
13485,B,0
13486,B,0
13487,B,0
13488,A,0
13489,A,0
13490,B,0
13491,B,0
13492,A,0
13493,A,0
13494,A,0
13495,A,0
13496,B,0
13497,A,0
13498,B,1
13499,B,0
13500,B,0
13501,A,0
13502,A,1
13503,A,0
13504,A,0
13505,A,0
13506,A,0
13507,A,0
13508,B,0
13509,A,0
13510,A,0
13511,B,0
13512,A,0
13513,A,0
13514,A,0
13515,A,0
13516,B,0
13517,B,0
13518,A,0
13519,B,1
13520,B,0
13521,B,0
13522,B,1
13523,A,0
13524,A,0
13525,A,0
13526,A,1
13527,B,0
13528,A,0
13529,A,0
13530,B,0
13531,A,0
13532,B,0
13533,A,0
13534,A,0
13535,A,0
13536,B,0
13537,A,0
13538,A,0
13539,B,0
13540,B,0
13541,B,0
13542,B,0
13543,B,0
13544,B,0
13545,B,1
13546,A,0
13547,A,0
13548,A,1
13549,B,0
13550,B,0
13551,A,0
13552,A,0
13553,A,0
13554,B,0
13555,B,0
13556,B,0
13557,B,0
13558,B,0
13559,A,0
13560,B,0
13561,A,0
13562,B,0
13563,A,0
13564,B,0
13565,A,0
13566,A,0
13567,A,0
13568,B,0
13569,B,0
13570,A,0
13571,B,0
13572,B,0
13573,B,0
13574,B,0
13575,A,0
13576,B,0
13577,A,0
13578,A,0
13579,A,0
13580,A,0
13581,A,0
13582,B,1
13583,A,0
13584,B,0
13585,B,0
13586,A,0
13587,A,0
13588,B,0
13589,B,0
13590,B,0
13591,B,0
13592,B,0
13593,A,0
13594,B,0
13595,B,0
13596,B,0
13597,A,0
13598,B,0
13599,B,1
13600,A,0
13601,B,0
13602,B,0
13603,A,0
13604,B,0
13605,B,0
13606,B,0
13607,A,0
13608,B,0
13609,B,0
13610,B,0
13611,B,0
13612,A,0
13613,A,0
13614,A,0
13615,B,0
13616,A,0
13617,B,0
13618,B,0
13619,B,0
13620,B,0
13621,B,1
13622,A,0
13623,B,0
13624,A,0
13625,B,0
13626,B,0
13627,A,0
13628,A,0
13629,B,1
13630,A,1
13631,A,0
13632,A,0
13633,A,0
13634,B,0
13635,B,0
13636,B,0
13637,A,0
13638,B,1
13639,A,0
13640,A,0
13641,B,0
13642,A,0
13643,A,0
13644,B,0
13645,B,0
13646,B,0
13647,B,0
13648,A,0
13649,B,0
13650,B,0
13651,B,0
13652,B,0
13653,B,0
13654,B,0
13655,A,0
13656,A,0
13657,A,0
13658,A,0
13659,B,0
13660,A,0
13661,A,0
13662,B,0
13663,A,0
13664,B,0
13665,A,0
13666,A,0
13667,A,0
13668,A,0
13669,B,0
13670,A,0
13671,B,0
13672,B,0
13673,A,0
13674,B,0
13675,A,0
13676,A,0
13677,A,0
13678,B,0
13679,B,1
13680,B,0
13681,A,0
13682,B,1
13683,B,0
13684,B,0
13685,A,1
13686,A,0
13687,B,0
13688,B,0
13689,A,0
13690,B,0
13691,A,0
13692,B,0
13693,B,0
13694,B,0
13695,A,0
13696,A,0
13697,B,0
13698,B,0
13699,A,0
13700,B,0
13701,B,0
13702,A,0
13703,B,0
13704,B,0
13705,A,0
13706,A,0
13707,B,0
13708,B,0
13709,A,0
13710,A,0
13711,B,0
13712,A,0
13713,A,0
13714,B,1
13715,B,0
13716,B,0
13717,A,0
13718,B,0
13719,B,0
13720,B,0
13721,B,0
13722,A,0
13723,B,0
13724,B,0
13725,B,0
13726,B,0
13727,A,0
13728,A,0
13729,B,0
13730,B,0
13731,A,0
13732,A,0
13733,A,0
13734,A,0
13735,B,0
13736,B,0
13737,A,0
13738,B,0
13739,B,0
13740,B,0
13741,B,0
13742,B,0
13743,B,0
13744,A,0
13745,A,0
13746,B,0
13747,B,0
13748,A,0
13749,B,0
13750,A,0
13751,A,0
13752,A,1
13753,A,0
13754,A,0
13755,B,0
13756,A,0
13757,B,0
13758,B,0
13759,B,0
13760,B,0
13761,A,0
13762,B,0
13763,B,0
13764,A,0
13765,B,0
13766,B,0
13767,B,0
13768,A,0
13769,A,0
13770,B,0
13771,B,0
13772,B,0
13773,A,0
13774,A,0
13775,B,0
13776,B,0
13777,B,0
13778,B,0
13779,A,0
13780,A,0
13781,B,0
13782,B,0
13783,B,0
13784,B,0
13785,A,0
13786,A,0
13787,A,0
13788,A,0
13789,A,0
13790,A,0
13791,A,0
13792,B,0
13793,A,0
13794,A,0
13795,B,0
13796,A,0
13797,B,0
13798,A,0
13799,B,0
13800,B,0
13801,B,0
13802,B,0
13803,B,0
13804,B,0
13805,B,0
13806,B,0
13807,B,0
13808,B,0
13809,A,0
13810,B,0
13811,B,0
13812,A,1
13813,A,0
13814,A,0
13815,A,0
13816,B,0
13817,A,0
13818,A,0
13819,B,0
13820,A,0
13821,B,0
13822,B,0
13823,A,0
13824,B,0
13825,A,0
13826,A,0
13827,B,0
13828,A,0
13829,A,0
13830,A,0
13831,B,0
13832,A,0
13833,B,0
13834,A,0
13835,A,0
13836,B,0
13837,A,0
13838,B,0
13839,A,0
13840,A,0
13841,A,0
13842,A,0
13843,B,0
13844,B,0
13845,B,0
13846,A,0
13847,A,0
13848,A,0
13849,B,0
13850,A,0
13851,B,0
13852,B,0
13853,A,0
13854,A,0
13855,B,0
13856,A,0
13857,B,0
13858,B,0
13859,B,0
13860,B,0
13861,B,0
13862,B,0
13863,A,0
13864,B,0
13865,A,0
13866,B,0
13867,B,0
13868,A,0
13869,A,0
13870,A,0
13871,A,0
13872,A,0
13873,B,0
13874,A,0
13875,A,0
13876,A,0
13877,A,0
13878,A,0
13879,B,0
13880,B,0
13881,B,0
13882,B,0
13883,B,0
13884,A,0
13885,A,0
13886,B,0
13887,A,0
13888,A,0
13889,B,0
13890,B,0
13891,B,0
13892,B,0
13893,B,0
13894,A,0
13895,A,0
13896,A,0
13897,B,0
13898,B,0
13899,A,0
13900,B,0
13901,A,0
13902,B,0
13903,A,0
13904,A,0
13905,A,0
13906,A,0
13907,A,0
13908,A,0
13909,B,0
13910,B,0
13911,B,0
13912,A,0
13913,A,0
13914,A,0
13915,A,0
13916,B,0
13917,B,0
13918,A,0
13919,A,0
13920,A,0
13921,A,0
13922,B,0
13923,B,0
13924,A,0
13925,A,0
13926,B,0
13927,A,0
13928,A,0
13929,B,0
13930,B,0
13931,A,0
13932,A,0
13933,A,0
13934,B,0
13935,B,0
13936,B,0
13937,A,0
13938,B,0
13939,A,0
13940,B,0
13941,B,0
13942,B,0
13943,B,0
13944,A,0
13945,B,0
13946,A,0
13947,B,0
13948,A,0
13949,B,0
13950,A,0
13951,B,0
13952,A,0
13953,A,0
13954,B,0
13955,A,0
13956,B,0
13957,A,0
13958,B,0
13959,A,0
13960,A,0
13961,B,0
13962,B,0
13963,A,0
13964,B,0
13965,A,0
13966,B,1
13967,B,0
13968,B,0
13969,A,0
13970,A,0
13971,B,1
13972,A,0
13973,B,0
13974,B,0
13975,B,0
13976,B,0
13977,A,1
13978,B,0
13979,A,0
13980,B,0
13981,A,0
13982,B,0
13983,A,0
13984,B,0
13985,B,0
13986,B,0
13987,B,0
13988,B,1
13989,A,0
13990,A,0
13991,A,0
13992,A,0
13993,A,0
13994,A,0
13995,B,0
13996,A,0
13997,B,0
13998,B,0
13999,A,0
14000,B,0
14001,A,0
14002,A,0
14003,B,0
14004,A,0
14005,B,0
14006,B,0
14007,A,0
14008,B,0
14009,A,0
14010,B,0
14011,A,0
14012,A,0
14013,B,0
14014,A,0
14015,A,0
14016,B,0
14017,A,0
14018,B,0
14019,A,0
14020,B,0
14021,B,0
14022,B,0
14023,B,0
14024,A,1
14025,B,0
14026,A,0
14027,A,1
14028,A,0
14029,A,0
14030,A,0
14031,A,0
14032,A,0
14033,A,0
14034,A,0
14035,A,1
14036,A,0
14037,B,0
14038,B,0
14039,B,1
14040,A,0
14041,A,0
14042,B,0
14043,B,0
14044,A,0
14045,B,0
14046,A,0
14047,B,0
14048,A,0
14049,B,0
14050,A,0
14051,B,0
14052,A,0
14053,A,1
14054,B,0
14055,B,1
14056,B,0
14057,A,0
14058,A,0
14059,A,0
14060,A,0
14061,A,0
14062,A,0
14063,B,0
14064,B,0
14065,B,0
14066,A,0
14067,B,0
14068,A,0
14069,A,0
14070,B,0
14071,A,0
14072,B,0
14073,A,0
14074,B,0
14075,A,0
14076,A,0
14077,A,0
14078,A,0
14079,B,1
14080,A,0
14081,B,0
14082,B,0
14083,B,0
14084,B,0
14085,B,0
14086,A,0
14087,B,0
14088,B,0
14089,A,0
14090,A,1
14091,A,0
14092,B,0
14093,B,0
14094,A,0
14095,B,0
14096,A,0
14097,B,0
14098,A,0
14099,A,0
14100,B,0
14101,B,0
14102,A,0
14103,A,0
14104,A,0
14105,A,0
14106,B,0
14107,B,0
14108,B,0
14109,A,0
14110,B,0
14111,B,0
14112,B,0
14113,A,0
14114,B,0
14115,B,0
14116,B,0
14117,B,0
14118,A,0
14119,B,0
14120,A,0
14121,A,0
14122,A,0
14123,B,0
14124,A,1
14125,A,0
14126,A,0
14127,B,0
14128,A,0
14129,B,0
14130,A,0
14131,B,0
14132,B,0
14133,A,0
14134,B,0
14135,A,0
14136,B,0
14137,B,0
14138,B,0
14139,A,0
14140,A,0
14141,B,0
14142,A,0
14143,B,0
14144,A,0
14145,A,0
14146,B,0
14147,B,0
14148,A,0
14149,B,0
14150,B,0
14151,A,0
14152,A,0
14153,B,0
14154,A,0
14155,A,0
14156,B,0
14157,B,0
14158,A,0
14159,A,0
14160,B,0
14161,B,0
14162,B,0
14163,B,0
14164,B,0
14165,B,0
14166,B,0
14167,A,0
14168,A,0
14169,A,0
14170,A,0
14171,B,0
14172,B,0
14173,B,0
14174,A,0
14175,B,0
14176,A,0
14177,A,0
14178,A,0
14179,A,0
14180,B,0
14181,A,0
14182,A,0
14183,A,0
14184,B,0
14185,A,0
14186,A,0
14187,A,0
14188,A,0
14189,B,0
14190,A,0
14191,A,0
14192,A,0
14193,A,0
14194,A,1
14195,A,0
14196,B,0
14197,B,0
14198,A,0
14199,A,1
14200,A,0
14201,B,0
14202,A,0
14203,A,0
14204,A,0
14205,A,0
14206,B,0
14207,B,0
14208,A,0
14209,B,0
14210,B,0
14211,A,0
14212,A,0
14213,A,0
14214,A,0
14215,A,0
14216,B,0
14217,B,0
14218,A,0
14219,B,0
14220,B,0
14221,A,0
14222,A,0
14223,A,0
14224,A,0
14225,A,0
14226,B,0
14227,A,0
14228,A,0
14229,A,0
14230,B,0
14231,B,1
14232,B,0
14233,A,0
14234,A,1
14235,B,0
14236,A,1
14237,A,0
14238,B,0
14239,A,0
14240,A,0
14241,B,0
14242,B,0
14243,B,1
14244,A,0
14245,A,0
14246,A,0
14247,B,0
14248,B,0
14249,A,0
14250,B,0
14251,B,0
14252,B,0
14253,A,0
14254,B,0
14255,A,0
14256,A,0
14257,B,0
14258,A,0
14259,B,0
14260,A,0
14261,B,0
14262,A,0
14263,A,0
14264,A,0
14265,A,1
14266,B,0
14267,A,0
14268,A,0
14269,B,0
14270,A,0
14271,A,0
14272,B,0
14273,A,0
14274,A,0
14275,A,0
14276,B,0
14277,B,0
14278,A,0
14279,B,0
14280,A,0
14281,A,0
14282,B,0
14283,B,0
14284,B,0
14285,A,0
14286,B,0
14287,B,0
14288,A,0
14289,A,0
14290,A,0
14291,B,0
14292,B,0
14293,B,0
14294,A,0
14295,A,0
14296,B,1
14297,B,0
14298,A,0
14299,A,0
14300,A,0
14301,A,0
14302,A,0
14303,B,0
14304,B,0
14305,A,0
14306,A,0
14307,A,0
14308,B,0
14309,A,0
14310,A,0
14311,B,0
14312,A,0
14313,A,0
14314,A,0
14315,A,0
14316,B,0
14317,B,0
14318,B,0
14319,A,0
14320,A,0
14321,A,0
14322,A,0
14323,A,0
14324,B,0
14325,B,0
14326,A,0
14327,B,0
14328,B,0
14329,A,0
14330,B,0
14331,B,1
14332,A,0
14333,B,0
14334,B,0
14335,A,0
14336,B,0
14337,B,1
14338,A,0
14339,A,1
14340,A,0
14341,A,0
14342,A,0
14343,A,0
14344,B,0
14345,A,0
14346,B,0
14347,B,0
14348,A,0
14349,B,0
14350,A,0
14351,A,0
14352,A,0
14353,A,0
14354,A,0
14355,B,0
14356,A,0
14357,B,0
14358,A,0
14359,A,0
14360,A,0
14361,A,0
14362,B,0
14363,A,0
14364,B,0
14365,B,0
14366,A,0
14367,A,0
14368,B,0
14369,B,0
14370,A,0
14371,A,0
14372,A,0
14373,B,0
14374,B,0
14375,A,0
14376,B,0
14377,A,0
14378,A,0
14379,A,0
14380,A,0
14381,A,0
14382,B,0
14383,A,0
14384,A,0
14385,A,0
14386,B,0
14387,B,0
14388,A,0
14389,B,0
14390,A,0
14391,A,0
14392,B,0
14393,A,0
14394,B,0
14395,B,0
14396,A,0
14397,B,0
14398,B,0
14399,A,0
14400,B,0
14401,B,0
14402,A,0
14403,A,0
14404,A,0
14405,A,0
14406,A,1
14407,A,0
14408,B,0
14409,A,0
14410,B,0
14411,B,0
14412,A,0
14413,B,0
14414,B,0
14415,A,1
14416,A,0
14417,B,0
14418,B,0
14419,B,0
14420,B,0
14421,A,0
14422,A,0
14423,A,0
14424,A,0
14425,A,0
14426,A,0
14427,A,0
14428,B,1
14429,B,0
14430,A,0
14431,B,0
14432,B,0
14433,A,0
14434,A,0
14435,B,0
14436,A,0
14437,A,0
14438,B,0
14439,B,0
14440,A,0
14441,B,0
14442,B,0
14443,A,0
14444,A,0
14445,A,0
14446,A,0
14447,B,0
14448,A,0
14449,B,0
14450,A,0
14451,B,0
14452,B,0
14453,B,0
14454,A,0
14455,B,0
14456,A,0
14457,B,0
14458,A,0
14459,A,1
14460,B,0
14461,B,0
14462,B,0
14463,A,0
14464,B,0
14465,B,0
14466,B,0
14467,A,0
14468,A,0
14469,B,0
14470,A,0
14471,A,1
14472,B,0
14473,A,0
14474,A,0
14475,A,0
14476,B,0
14477,A,0
14478,B,0
14479,A,0
14480,A,0
14481,A,0
14482,B,0
14483,A,0
14484,A,0
14485,A,0
14486,B,0
14487,A,0
14488,A,0
14489,A,1
14490,B,0
14491,A,0
14492,A,0
14493,B,0
14494,B,0
14495,B,0
14496,B,0
14497,A,0
14498,B,0
14499,A,0
14500,B,0
14501,B,0
14502,B,0
14503,A,0
14504,B,0
14505,A,0
14506,B,0
14507,B,0
14508,B,0
14509,B,0
14510,B,0
14511,B,0
14512,B,0
14513,A,0
14514,A,0
14515,B,0
14516,B,0
14517,A,0
14518,A,0
14519,B,0
14520,A,0
14521,A,0
14522,B,0
14523,A,1
14524,A,0
14525,B,1
14526,A,0
14527,B,0
14528,B,1
14529,B,0
14530,B,0
14531,A,1
14532,A,0
14533,A,0
14534,A,0
14535,B,0
14536,A,0
14537,A,0
14538,A,0
14539,A,0
14540,A,0
14541,A,0
14542,A,0
14543,B,0
14544,B,0
14545,A,0
14546,B,0
14547,B,0
14548,B,0
14549,B,0
14550,B,1
14551,B,0
14552,B,0
14553,B,0
14554,B,0
14555,A,0
14556,A,0
14557,B,0
14558,B,0
14559,B,0
14560,B,0
14561,A,0
14562,A,0
14563,B,0
14564,A,0
14565,A,0
14566,A,0
14567,A,0
14568,A,0
14569,A,0
14570,B,0
14571,A,0
14572,A,0
14573,B,0
14574,A,0
14575,A,0
14576,A,0
14577,B,0
14578,B,0
14579,A,0
14580,A,0
14581,B,0
14582,A,0
14583,A,0
14584,B,0
14585,A,0
14586,B,0
14587,A,0
14588,B,0
14589,A,0
14590,B,0
14591,A,0
14592,A,0
14593,B,0
14594,B,0
14595,A,0
14596,B,0
14597,B,0
14598,B,0
14599,A,0
14600,A,0
14601,B,0
14602,B,0
14603,A,0
14604,A,0
14605,B,0
14606,A,0
14607,A,0
14608,B,0
14609,B,0
14610,B,0
14611,A,0
14612,A,0
14613,A,0
14614,B,0
14615,B,0
14616,A,0
14617,B,0
14618,B,0
14619,A,0
14620,A,0
14621,B,0
14622,A,0
14623,B,0
14624,B,0
14625,A,0
14626,A,0
14627,A,0
14628,B,0
14629,B,1
14630,A,0
14631,A,0
14632,B,0
14633,A,0
14634,A,0
14635,B,0
14636,B,0
14637,B,0
14638,B,0
14639,A,0
14640,B,0
14641,A,0
14642,A,0
14643,A,0
14644,B,0
14645,B,0
14646,B,0
14647,A,0
14648,A,0
14649,B,0
14650,B,0
14651,A,0
14652,B,0
14653,B,0
14654,B,0
14655,A,0
14656,A,0
14657,B,0
14658,A,0
14659,B,1
14660,B,0
14661,A,0
14662,B,0
14663,A,0
14664,B,0
14665,A,0
14666,B,0
14667,B,0
14668,A,0
14669,B,0
14670,A,0
14671,B,0
14672,B,0
14673,A,0
14674,B,0
14675,A,0
14676,B,0
14677,B,0
14678,B,1
14679,B,0
14680,A,0
14681,B,0
14682,A,0
14683,B,0
14684,A,0
14685,A,0
14686,B,0
14687,B,0
14688,A,0
14689,A,0
14690,B,0
14691,A,0
14692,A,0
14693,A,0
14694,A,0
14695,A,0
14696,A,1
14697,A,0
14698,B,0
14699,A,0
14700,A,0
14701,A,0
14702,B,0
14703,A,0
14704,B,0
14705,A,0
14706,A,0
14707,B,0
14708,B,0
14709,A,0
14710,A,0
14711,B,0
14712,A,0
14713,A,0
14714,A,0
14715,B,0
14716,B,0
14717,B,0
14718,B,0
14719,A,0
14720,A,0
14721,B,0
14722,B,0
14723,A,0
14724,B,0
14725,B,0
14726,B,0
14727,B,0
14728,B,0
14729,A,0
14730,B,0
14731,A,0
14732,B,0
14733,B,0
14734,A,0
14735,B,0
14736,B,0
14737,B,0
14738,A,1
14739,A,0
14740,B,0
14741,A,0
14742,B,0
14743,A,0
14744,A,0
14745,B,0
14746,A,1
14747,B,0
14748,B,0
14749,A,0
14750,B,0
14751,B,0
14752,B,0
14753,B,0
14754,B,0
14755,A,0
14756,A,0
14757,A,0
14758,A,0
14759,A,0
14760,B,0
14761,B,0
14762,A,0
14763,B,0
14764,B,0
14765,B,0
14766,A,1
14767,A,0
14768,A,0
14769,A,0
14770,B,0
14771,B,0
14772,B,0
14773,B,0
14774,B,0
14775,B,0
14776,A,0
14777,A,0
14778,B,0
14779,B,0
14780,A,0
14781,B,0
14782,B,1
14783,A,0
14784,B,1
14785,A,0
14786,A,0
14787,B,0
14788,B,0
14789,A,0
14790,B,0
14791,B,0
14792,B,0
14793,A,0
14794,B,0
14795,B,0
14796,A,0
14797,B,0
14798,B,0
14799,A,0
14800,A,0
14801,A,0
14802,A,0
14803,A,0
14804,B,0
14805,A,0
14806,A,0
14807,B,0
14808,B,0
14809,A,0
14810,A,1
14811,A,0
14812,A,0
14813,A,0
14814,A,0
14815,B,0
14816,A,0
14817,B,0
14818,A,0
14819,A,0
14820,A,0
14821,A,0
14822,A,0
14823,A,0
14824,A,0
14825,B,0
14826,A,0
14827,B,0
14828,A,0
14829,A,0
14830,A,0
14831,A,0
14832,A,0
14833,A,0
14834,A,0
14835,A,0
14836,A,0
14837,B,0
14838,A,0
14839,B,0
14840,A,0
14841,A,0
14842,B,0
14843,A,0
14844,A,0
14845,A,0
14846,A,0
14847,B,0
14848,B,0
14849,A,0
14850,A,0
14851,B,0
14852,A,0
14853,B,0
14854,B,0
14855,B,0
14856,B,0
14857,A,0
14858,B,0
14859,B,0
14860,B,0
14861,B,0
14862,B,0
14863,A,0
14864,B,0
14865,B,0
14866,A,0
14867,B,0
14868,B,0
14869,A,0
14870,B,0
14871,B,0
14872,A,0
14873,A,0
14874,A,0
14875,A,0
14876,B,0
14877,B,0
14878,B,0
14879,A,0
14880,B,0
14881,A,0
14882,A,0
14883,B,0
14884,B,0
14885,A,0
14886,A,0
14887,B,1
14888,B,0
14889,B,0
14890,A,0
14891,A,0
14892,A,0
14893,A,0
14894,A,0
14895,B,0
14896,A,0
14897,A,0
14898,A,0
14899,B,0
14900,B,0
14901,B,0
14902,A,0
14903,A,0
14904,B,0
14905,A,0
14906,B,0
14907,A,0
14908,A,0
14909,A,0
14910,B,0
14911,B,1
14912,B,0
14913,B,0
14914,B,0
14915,A,0
14916,B,0
14917,A,0
14918,B,0
14919,B,0
14920,B,0
14921,A,0
14922,A,0
14923,B,0
14924,A,0
14925,B,0
14926,B,0
14927,B,0
14928,A,0
14929,A,0
14930,B,0
14931,A,0
14932,A,0
14933,A,0
14934,A,0
14935,B,0
14936,B,0
14937,A,1
14938,A,0
14939,A,0
14940,A,0
14941,A,0
14942,B,0
14943,B,0
14944,B,0
14945,A,0
14946,B,1
14947,A,0
14948,A,0
14949,B,0
14950,B,0
14951,B,0
14952,B,0
14953,B,0
14954,B,0
14955,A,0
14956,A,0
14957,A,0
14958,A,0
14959,A,0
14960,B,0
14961,A,0
14962,B,0
14963,B,0
14964,A,0
14965,A,0
14966,B,0
14967,A,0
14968,B,0
14969,B,0
14970,A,0
14971,A,0
14972,B,0
14973,B,0
14974,A,0
14975,B,0
14976,B,0
14977,A,0
14978,B,0
14979,A,0
14980,B,0
14981,B,0
14982,B,0
14983,A,0
14984,B,0
14985,A,0
14986,A,0
14987,B,0
14988,B,1
14989,A,1
14990,B,0
14991,B,0
14992,A,0
14993,A,0
14994,B,0
14995,B,0
14996,A,0
14997,B,0
14998,B,1
14999,B,0
15000,B,0
15001,B,0
15002,B,0
15003,B,0
15004,B,0
15005,B,0
15006,A,0
15007,A,0
15008,B,0
15009,B,0
15010,B,0
15011,B,0
15012,A,0
15013,B,0
15014,A,0
15015,A,0
15016,B,0
15017,B,0
15018,B,0
15019,A,0
15020,A,0
15021,B,0
15022,A,0
15023,B,0
15024,A,0
15025,A,0
15026,B,0
15027,B,0
15028,A,0
15029,B,0
15030,A,0
15031,B,0
15032,B,0
15033,B,0
15034,A,0
15035,A,0
15036,B,0
15037,B,0
15038,A,0
15039,B,0
15040,A,0
15041,A,0
15042,B,0
15043,A,0
15044,B,0
15045,B,0
15046,B,1
15047,A,0
15048,A,0
15049,A,0
15050,A,0
15051,B,0
15052,A,0
15053,A,0
15054,B,0
15055,B,0
15056,A,0
15057,A,0
15058,B,0
15059,B,0
15060,B,0
15061,A,0
15062,A,0
15063,A,0
15064,A,0
15065,A,0
15066,A,0
15067,B,0
15068,B,0
15069,B,0
15070,B,0
15071,A,0
15072,B,0
15073,A,1
15074,B,0
15075,B,0
15076,A,0
15077,A,0
15078,A,0
15079,A,0
15080,A,0
15081,A,0
15082,B,0
15083,A,0
15084,B,0
15085,A,0
15086,B,0
15087,B,0
15088,B,0
15089,A,0
15090,A,0
15091,A,0
15092,B,0
15093,B,0
15094,B,0
15095,B,0
15096,A,0
15097,A,0
15098,A,0
15099,A,0
15100,B,0
15101,A,0
15102,B,0
15103,A,0
15104,A,0
15105,A,0
15106,B,0
15107,B,0
15108,B,0
15109,B,0
15110,B,1
15111,A,0
15112,A,0
15113,A,0
15114,A,0
15115,A,0
15116,B,0
15117,A,0
15118,A,0
15119,A,0
15120,A,0
15121,B,0
15122,B,0
15123,B,0
15124,A,0
15125,B,0
15126,A,0
15127,A,0
15128,B,0
15129,B,0
15130,A,0
15131,A,0
15132,B,0
15133,A,0
15134,A,0
15135,B,0
15136,A,0
15137,A,0
15138,A,0
15139,A,0
15140,A,0
15141,B,0
15142,A,0
15143,A,0
15144,B,0
15145,A,0
15146,B,0
15147,A,1
15148,A,0
15149,B,0
15150,A,0
15151,A,0
15152,B,0
15153,A,1
15154,A,0
15155,A,0
15156,A,0
15157,A,0
15158,A,0
15159,A,0
15160,A,0
15161,A,0
15162,B,0
15163,B,0
15164,A,0
15165,A,0
15166,B,1
15167,A,0
15168,A,0
15169,B,0
15170,A,0
15171,A,0
15172,B,0
15173,A,0
15174,A,1
15175,A,0
15176,B,0
15177,B,0
15178,B,0
15179,A,0
15180,B,0
15181,A,0
15182,A,0
15183,B,0
15184,A,0
15185,A,0
15186,A,0
15187,B,0
15188,B,0
15189,B,0
15190,B,0
15191,A,0
15192,A,0
15193,B,0
15194,A,0
15195,B,0
15196,A,0
15197,A,0
15198,A,0
15199,B,0
15200,A,0
15201,A,0
15202,B,0
15203,B,0
15204,B,0
15205,B,0
15206,A,0
15207,B,0
15208,A,0
15209,B,0
15210,A,0
15211,B,0
15212,A,0
15213,A,0
15214,B,1
15215,B,0
15216,A,0
15217,A,0
15218,B,0
15219,B,0
15220,B,0
15221,A,0
15222,A,0
15223,B,0
15224,B,0
15225,B,1
15226,B,0
15227,A,0
15228,B,0
15229,A,0
15230,A,0
15231,B,0
15232,B,0
15233,B,0
15234,A,0
15235,B,0
15236,A,0
15237,A,0
15238,B,0
15239,B,0
15240,A,0
15241,A,0
15242,A,0
15243,B,0
15244,A,0
15245,A,0
15246,A,0
15247,B,0
15248,A,0
15249,A,0
15250,A,0
15251,A,0
15252,B,0
15253,B,0
15254,B,0
15255,A,1
15256,A,0
15257,B,0
15258,B,0
15259,B,0
15260,B,0
15261,A,0
15262,B,0
15263,B,0
15264,B,0
15265,A,0
15266,B,0
15267,A,0
15268,A,0
15269,B,0
15270,B,0
15271,B,0
15272,B,0
15273,B,0
15274,B,0
15275,A,0
15276,A,0
15277,A,0
15278,B,1
15279,B,0
15280,B,0
15281,A,0
15282,A,0
15283,A,0
15284,B,0
15285,A,0
15286,B,0
15287,A,0
15288,B,0
15289,B,0
15290,A,0
15291,B,0
15292,B,0
15293,B,0
15294,B,0
15295,B,1
15296,A,0
15297,A,0
15298,B,0
15299,B,0
15300,A,0
15301,B,0
15302,B,0
15303,B,1
15304,B,0
15305,B,0
15306,B,0
15307,A,0
15308,B,0
15309,A,0
15310,A,0
15311,B,0
15312,B,0
15313,A,0
15314,A,0
15315,A,0
15316,B,0
15317,A,0
15318,A,0
15319,B,0
15320,B,0
15321,A,0
15322,B,0
15323,B,0
15324,A,0
15325,B,0
15326,A,0
15327,A,0
15328,A,0
15329,A,0
15330,A,0
15331,A,0
15332,A,0
15333,A,0
15334,B,0
15335,A,0
15336,B,0
15337,A,0
15338,B,1
15339,A,0
15340,A,0
15341,A,0
15342,A,0
15343,B,0
15344,A,0
15345,A,0
15346,B,0
15347,B,0
15348,B,0
15349,B,1
15350,B,0
15351,A,0
15352,A,0
15353,B,0
15354,B,0
15355,B,0
15356,B,0
15357,B,0
15358,A,0
15359,B,0
15360,B,0
15361,A,0
15362,B,0
15363,A,0
15364,A,0
15365,A,0
15366,B,0
15367,B,0
15368,B,0
15369,A,0
15370,B,0
15371,A,0
15372,A,1
15373,A,0
15374,A,0
15375,B,0
15376,B,0
15377,A,0
15378,A,0
15379,A,0
15380,A,0
15381,B,0
15382,A,0
15383,A,0
15384,A,1
15385,B,0
15386,B,0
15387,B,0
15388,B,0
15389,A,0
15390,A,0
15391,A,0
15392,B,0
15393,A,0
15394,A,0
15395,A,0
15396,A,0
15397,A,0
15398,A,0
15399,B,0
15400,A,0
15401,A,0
15402,A,0
15403,A,0
15404,B,0
15405,A,0
15406,A,0
15407,B,0
15408,B,0
15409,B,0
15410,A,0
15411,B,0
15412,B,0
15413,B,0
15414,B,0
15415,B,0
15416,A,0
15417,A,0
15418,B,0
15419,A,0
15420,B,0
15421,B,0
15422,A,0
15423,B,0
15424,B,0
15425,A,0
15426,B,0
15427,A,0
15428,A,0
15429,A,0
15430,B,0
15431,A,0
15432,A,0
15433,A,0
15434,B,0
15435,B,0
15436,B,0
15437,B,0
15438,B,0
15439,A,0
15440,B,0
15441,A,0
15442,B,0
15443,B,0
15444,A,0
15445,B,1
15446,A,0
15447,B,0
15448,B,0
15449,A,0
15450,A,0
15451,A,0
15452,B,0
15453,B,0
15454,A,0
15455,B,1
15456,A,0
15457,A,0
15458,A,0
15459,A,0
15460,B,0
15461,A,0
15462,A,0
15463,B,0
15464,A,0
15465,B,0
15466,B,1
15467,A,0
15468,B,0
15469,A,0
15470,B,0
15471,A,0
15472,A,0
15473,A,0
15474,A,0
15475,B,0
15476,B,0
15477,B,0
15478,A,0
15479,B,0
15480,A,1
15481,A,0
15482,B,0
15483,B,0
15484,A,0
15485,A,0
15486,B,0
15487,B,0
15488,A,0
15489,B,0
15490,A,0
15491,A,0
15492,A,0
15493,B,0
15494,B,0
15495,A,0
15496,B,0
15497,A,0
15498,B,0
15499,A,0
15500,A,0
15501,A,0
15502,B,0
15503,A,0
15504,B,0
15505,A,0
15506,B,0
15507,B,0
15508,B,0
15509,A,0
15510,B,0
15511,A,0
15512,B,0
15513,B,0
15514,A,0
15515,A,0
15516,B,0
15517,A,0
15518,A,0
15519,B,0
15520,B,0
15521,A,0
15522,A,0
15523,B,0
15524,A,0
15525,A,0
15526,A,0
15527,A,0
15528,B,0
15529,A,0
15530,A,1
15531,B,0
15532,B,0
15533,B,0
15534,B,0
15535,B,0
15536,A,0
15537,A,0
15538,B,0
15539,A,0
15540,B,0
15541,A,0
15542,B,0
15543,A,0
15544,A,0
15545,A,0
15546,B,0
15547,B,0
15548,A,0
15549,B,0
15550,B,0
15551,A,0
15552,B,0
15553,A,0
15554,A,0
15555,A,0
15556,A,0
15557,B,0
15558,B,0
15559,A,0
15560,A,0
15561,B,1
15562,A,0
15563,A,0
15564,A,0
15565,A,0
15566,B,0
15567,B,0
15568,A,0
15569,B,0
15570,A,0
15571,A,0
15572,B,0
15573,B,0
15574,B,0
15575,B,0
15576,B,1
15577,B,0
15578,B,0
15579,A,0
15580,A,0
15581,B,0
15582,A,0
15583,B,0
15584,A,0
15585,A,0
15586,A,0
15587,A,0
15588,A,0
15589,A,0
15590,B,0
15591,A,0
15592,A,0
15593,B,0
15594,A,0
15595,B,0
15596,B,0
15597,B,0
15598,A,0
15599,A,0
15600,B,0
15601,A,0
15602,A,0
15603,A,0
15604,B,0
15605,A,0
15606,A,0
15607,A,0
15608,A,0
15609,A,0
15610,B,0
15611,B,0
15612,A,0
15613,A,0
15614,A,0
15615,B,0
15616,A,0
15617,B,0
15618,B,0
15619,B,0
15620,A,0
15621,B,1
15622,B,0
15623,A,0
15624,B,0
15625,A,0
15626,B,0
15627,B,0
15628,B,0
15629,B,0
15630,A,0
15631,B,0
15632,B,0
15633,A,0
15634,A,0
15635,B,0
15636,A,0
15637,A,0
15638,B,0
15639,A,0
15640,B,0
15641,A,0
15642,A,0
15643,B,0
15644,B,0
15645,B,0
15646,B,0
15647,B,0
15648,A,0
15649,A,0
15650,B,0
15651,B,0
15652,B,0
15653,B,0
15654,B,0
15655,B,0
15656,B,0
15657,B,0
15658,A,0
15659,B,1
15660,B,0
15661,B,0
15662,A,0
15663,A,0
15664,B,0
15665,A,1
15666,B,0
15667,A,1
15668,B,0
15669,B,0
15670,A,0
15671,B,0
15672,A,0
15673,B,0
15674,B,0
15675,B,0
15676,A,0
15677,A,0
15678,A,0
15679,B,0
15680,A,0
15681,A,0
15682,B,0
15683,A,0
15684,A,0
15685,A,0
15686,B,0
15687,B,1
15688,B,0
15689,B,0
15690,B,0
15691,B,0
15692,B,0
15693,B,0
15694,A,0
15695,B,0
15696,A,0
15697,A,0
15698,A,0
15699,B,0
15700,B,1
15701,A,0
15702,B,1
15703,A,0
15704,B,0
15705,B,0
15706,B,0
15707,A,0
15708,B,0
15709,A,0
15710,B,0
15711,B,0
15712,B,0
15713,B,0
15714,A,0
15715,A,0
15716,A,0
15717,A,0
15718,B,0
15719,A,0
15720,B,0
15721,B,0
15722,B,0
15723,A,0
15724,A,0
15725,B,0
15726,B,0
15727,A,0
15728,A,0
15729,A,0
15730,A,0
15731,A,0
15732,B,0
15733,A,0
15734,B,0
15735,A,0
15736,A,0
15737,A,0
15738,A,0
15739,B,0
15740,B,1
15741,B,0
15742,A,0
15743,B,0
15744,A,0
15745,B,0
15746,B,0
15747,A,0
15748,B,0
15749,A,0
15750,A,0
15751,B,0
15752,B,0
15753,B,0
15754,B,0
15755,A,0
15756,A,0
15757,B,0
15758,A,0
15759,B,0
15760,A,0
15761,A,0
15762,A,0
15763,A,0
15764,B,0
15765,A,0
15766,A,0
15767,B,0
15768,B,1
15769,A,0
15770,A,0
15771,B,0
15772,B,0
15773,A,0
15774,B,0
15775,B,0
15776,B,0
15777,B,0
15778,B,0
15779,B,0
15780,B,0
15781,B,0
15782,A,0
15783,B,0
15784,B,0
15785,A,0
15786,B,0
15787,B,0
15788,B,0
15789,B,0
15790,A,0
15791,A,0
15792,A,0
15793,B,0
15794,A,0
15795,A,0
15796,B,0
15797,B,1
15798,A,0
15799,B,0
15800,A,0
15801,B,0
15802,B,0
15803,A,1
15804,A,0
15805,A,0
15806,B,0
15807,A,0
15808,A,0
15809,A,0
15810,B,0
15811,A,0
15812,A,0
15813,A,0
15814,B,0
15815,A,0
15816,B,0
15817,A,0
15818,A,0
15819,B,0
15820,A,0
15821,B,0
15822,B,0
15823,B,0
15824,B,0
15825,B,0
15826,A,0
15827,A,0
15828,B,0
15829,A,0
15830,A,0
15831,A,0
15832,A,0
15833,B,0
15834,A,0
15835,A,0
15836,A,0
15837,B,0
15838,A,0
15839,B,0
15840,A,1
15841,A,0
15842,A,0
15843,A,0
15844,A,0
15845,A,0
15846,B,0
15847,A,0
15848,B,0
15849,B,0
15850,A,1
15851,B,0
15852,A,0
15853,A,0
15854,B,0
15855,B,1
15856,B,0
15857,A,0
15858,B,0
15859,A,0
15860,A,0
15861,A,0
15862,A,0
15863,A,0
15864,A,0
15865,A,0
15866,B,0
15867,B,0
15868,A,0
15869,A,1
15870,A,0
15871,A,0
15872,A,0
15873,A,0
15874,B,0
15875,B,0
15876,A,1
15877,A,0
15878,B,0
15879,B,0
15880,A,0
15881,B,0
15882,A,0
15883,B,0
15884,A,0
15885,A,0
15886,B,0
15887,A,0
15888,A,0
15889,B,0
15890,A,0
15891,A,0
15892,B,0
15893,A,0
15894,A,0
15895,B,0
15896,A,0
15897,B,0
15898,A,0
15899,B,1
15900,B,0
15901,B,0
15902,A,0
15903,B,0
15904,B,0
15905,B,0
15906,B,0
15907,A,0
15908,B,1
15909,B,0
15910,A,0
15911,B,0
15912,B,0
15913,A,0
15914,B,0
15915,A,0
15916,B,0
15917,B,0
15918,A,0
15919,B,0
15920,B,0
15921,A,0
15922,B,0
15923,B,0
15924,B,0
15925,A,0
15926,A,0
15927,A,0
15928,B,0
15929,B,0
15930,B,0
15931,A,0
15932,B,0
15933,A,0
15934,B,0
15935,B,0
15936,B,0
15937,B,0
15938,A,0
15939,A,0
15940,A,0
15941,B,0
15942,A,0
15943,A,0
15944,B,0
15945,B,0
15946,A,0
15947,B,0
15948,B,0
15949,B,0
15950,B,0
15951,B,0
15952,B,0
15953,B,0
15954,B,1
15955,B,0
15956,B,0
15957,B,0
15958,A,1
15959,A,1
15960,A,0
15961,A,1
15962,B,0
15963,A,0
15964,B,0
15965,B,0
15966,A,0
15967,B,0
15968,A,0
15969,B,0
15970,B,0
15971,B,0
15972,A,0
15973,A,0
15974,B,0
15975,A,0
15976,A,0
15977,A,0
15978,B,0
15979,B,0
15980,B,0
15981,A,0
15982,B,0
15983,A,0
15984,B,1
15985,B,0
15986,A,0
15987,B,0
15988,A,0
15989,B,0
15990,B,0
15991,A,0
15992,A,0
15993,A,0
15994,B,0
15995,B,0
15996,A,0
15997,B,0
15998,B,0
15999,A,0
16000,A,0
16001,B,0
16002,B,0
16003,B,0
16004,B,0
16005,A,0
16006,A,0
16007,A,0
16008,A,0
16009,A,0
16010,B,0
16011,A,0
16012,B,0
16013,A,0
16014,B,0
16015,B,0
16016,B,0
16017,B,0
16018,B,0
16019,B,0
16020,B,0
16021,A,0
16022,B,0
16023,B,0
16024,B,0
16025,B,0
16026,A,0
16027,A,0
16028,B,0
16029,B,0
16030,B,0
16031,A,0
16032,A,0
16033,B,0
16034,A,0
16035,B,0
16036,B,0
16037,A,0
16038,B,0
16039,B,0
16040,A,0
16041,B,0
16042,B,0
16043,A,0
16044,B,0
16045,B,0
16046,A,0
16047,A,0
16048,B,0
16049,B,0
16050,A,0
16051,A,0
16052,B,0
16053,A,0
16054,A,0
16055,A,0
16056,B,0
16057,B,1
16058,A,0
16059,B,0
16060,B,0
16061,B,0
16062,B,0
16063,A,0
16064,A,0
16065,A,0
16066,B,1
16067,A,1
16068,A,0
16069,B,0
16070,B,0
16071,A,0
16072,B,0
16073,A,0
16074,B,0
16075,B,0
16076,B,0
16077,B,0
16078,B,0
16079,A,0
16080,A,0
16081,B,0
16082,A,0
16083,B,0
16084,A,0
16085,B,0
16086,A,0
16087,A,0
16088,B,0
16089,A,0
16090,A,0
16091,A,0
16092,B,1
16093,A,0
16094,A,0
16095,A,0
16096,A,0
16097,B,0
16098,B,0
16099,B,0
16100,A,0
16101,B,0
16102,B,0
16103,A,0
16104,B,0
16105,B,0
16106,B,0
16107,B,0
16108,B,0
16109,B,0
16110,B,0
16111,A,0
16112,A,0
16113,B,0
16114,B,0
16115,B,0
16116,A,0
16117,B,0
16118,A,0
16119,B,1
16120,B,0
16121,B,0
16122,B,0
16123,B,0
16124,B,0
16125,A,0
16126,B,0
16127,B,0
16128,B,0
16129,A,0
16130,B,0
16131,A,0
16132,A,0
16133,B,0
16134,A,1
16135,A,0
16136,B,0
16137,B,0
16138,B,0
16139,A,0
16140,A,0
16141,A,0
16142,A,0
16143,A,0
16144,A,0
16145,A,0
16146,B,0
16147,B,0
16148,A,0
16149,B,0
16150,A,0
16151,B,0
16152,A,0
16153,B,0
16154,A,0
16155,A,0
16156,B,0
16157,B,0
16158,B,0
16159,B,0
16160,A,0
16161,B,0
16162,B,0
16163,B,0
16164,B,0
16165,B,0
16166,B,0
16167,B,0
16168,A,0
16169,A,0
16170,A,0
16171,B,0
16172,B,0
16173,A,0
16174,B,0
16175,B,0
16176,A,0
16177,A,0
16178,B,0
16179,B,0
16180,A,0
16181,A,0
16182,A,0
16183,B,0
16184,A,0
16185,A,0
16186,B,0
16187,B,0
16188,A,0
16189,B,0
16190,A,0
16191,B,0
16192,A,0
16193,B,0
16194,A,0
16195,B,0
16196,A,0
16197,A,0
16198,B,0
16199,A,0
16200,B,0
16201,B,0
16202,A,0
16203,A,0
16204,A,0
16205,B,0
16206,B,0
16207,A,0
16208,A,0
16209,A,0
16210,A,0
16211,B,0
16212,B,0
16213,A,0
16214,B,0
16215,A,0
16216,A,0
16217,B,0
16218,A,0
16219,A,0
16220,A,1
16221,A,0
16222,A,0
16223,B,0
16224,B,0
16225,A,0
16226,B,0
16227,A,0
16228,A,0
16229,B,0
16230,A,0
16231,B,0
16232,A,0
16233,B,0
16234,A,0
16235,A,0
16236,B,0
16237,A,0
16238,A,0
16239,A,0
16240,B,0
16241,B,0
16242,B,0
16243,B,0
16244,B,0
16245,A,1
16246,B,0
16247,B,0
16248,B,0
16249,B,0
16250,B,0
16251,B,0
16252,A,0
16253,A,0
16254,A,0
16255,B,0
16256,A,0
16257,A,0
16258,B,0
16259,A,0
16260,B,0
16261,B,0
16262,A,0
16263,B,1
16264,B,0
16265,A,0
16266,B,0
16267,B,0
16268,B,0
16269,A,0
16270,A,0
16271,A,0
16272,A,0
16273,B,0
16274,B,0
16275,B,0
16276,A,0
16277,B,0
16278,B,0
16279,B,0
16280,A,0
16281,B,0
16282,A,0
16283,B,0
16284,A,0
16285,A,1
16286,B,0
16287,A,0
16288,A,0
16289,A,0
16290,B,0
16291,A,0
16292,A,0
16293,A,0
16294,B,0
16295,A,0
16296,A,0
16297,A,0
16298,A,0
16299,A,0
16300,B,0
16301,A,0
16302,B,0
16303,B,0
16304,B,0
16305,A,0
16306,B,0
16307,A,0
16308,A,0
16309,A,0
16310,B,0
16311,B,0
16312,A,0
16313,A,0
16314,B,0
16315,B,0
16316,B,0
16317,A,0
16318,B,0
16319,B,0
16320,B,0
16321,A,0
16322,B,0
16323,A,0
16324,B,0
16325,A,0
16326,A,0
16327,A,0
16328,B,0
16329,B,0
16330,B,0
16331,A,0
16332,A,0
16333,A,1
16334,B,0
16335,A,0
16336,A,0
16337,B,0
16338,B,0
16339,B,1
16340,B,0
16341,A,0
16342,A,0
16343,B,0
16344,A,0
16345,B,0
16346,B,0
16347,B,0
16348,A,0
16349,A,0
16350,B,0
16351,A,0
16352,A,1
16353,A,0
16354,A,0
16355,B,0
16356,A,0
16357,B,0
16358,B,1
16359,A,0
16360,B,0
16361,B,0
16362,B,0
16363,B,0
16364,B,0
16365,A,0
16366,B,0
16367,B,0
16368,A,0
16369,A,0
16370,A,0
16371,B,0
16372,B,0
16373,A,0
16374,A,0
16375,A,0
16376,B,0
16377,B,0
16378,B,0
16379,B,0
16380,B,0
16381,A,0
16382,B,0
16383,A,0
16384,B,0
16385,A,0
16386,B,0
16387,A,0
16388,B,0
16389,A,0
16390,A,0
16391,B,0
16392,A,0
16393,A,0
16394,A,0
16395,B,0
16396,B,0
16397,B,0
16398,B,0
16399,A,1
16400,B,0
16401,B,0
16402,A,0
16403,B,0
16404,B,0
16405,A,0
16406,A,0
16407,B,0
16408,B,0
16409,A,0
16410,A,0
16411,B,0
16412,B,0
16413,B,0
16414,B,0
16415,B,0
16416,A,0
16417,B,0
16418,A,0
16419,A,0
16420,A,0
16421,A,0
16422,A,1
16423,A,0
16424,A,0
16425,A,1
16426,A,0
16427,A,0
16428,A,0
16429,B,0
16430,A,1
16431,A,0
16432,B,0
16433,B,0
16434,A,0
16435,A,0
16436,A,0
16437,A,0
16438,B,0
16439,A,0
16440,A,0
16441,B,0
16442,B,0
16443,A,0
16444,B,0
16445,A,0
16446,B,0
16447,B,0
16448,B,0
16449,A,0
16450,B,0
16451,A,0
16452,B,0
16453,B,0
16454,B,0
16455,B,0
16456,A,0
16457,A,0
16458,B,0
16459,B,0
16460,B,0
16461,B,0
16462,B,0
16463,A,0
16464,A,0
16465,A,0
16466,A,0
16467,A,0
16468,B,0
16469,A,0
16470,A,0
16471,B,0
16472,B,0
16473,A,0
16474,A,1
16475,B,0
16476,A,0
16477,B,0
16478,A,0
16479,A,0
16480,B,1
16481,A,0
16482,B,0
16483,B,0
16484,B,0
16485,B,1
16486,B,0
16487,B,0
16488,B,0
16489,A,0
16490,A,1
16491,A,0
16492,A,0
16493,B,0
16494,B,0
16495,B,0
16496,B,0
16497,B,0
16498,A,0
16499,B,1
16500,B,0
16501,A,0
16502,A,0
16503,A,0
16504,B,0
16505,B,0
16506,B,0
16507,A,0
16508,A,0
16509,B,0
16510,B,0
16511,A,0
16512,B,0
16513,B,0
16514,B,0
16515,A,0
16516,B,0
16517,A,0
16518,A,0
16519,A,1
16520,A,0
16521,B,0
16522,A,0
16523,B,0
16524,A,0
16525,B,0
16526,A,0
16527,B,0
16528,B,0
16529,A,0
16530,A,0
16531,A,0
16532,B,1
16533,B,0
16534,A,0
16535,A,0
16536,A,0
16537,A,0
16538,B,0
16539,A,0
16540,B,0
16541,A,0
16542,B,0
16543,A,0
16544,A,0
16545,B,0
16546,B,0
16547,B,0
16548,A,0
16549,B,0
16550,B,0
16551,A,0
16552,B,0
16553,A,0
16554,A,0
16555,B,0
16556,B,0
16557,B,0
16558,B,0
16559,A,0
16560,A,0
16561,A,0
16562,A,0
16563,B,0
16564,B,0
16565,A,0
16566,A,0
16567,A,0
16568,A,0
16569,A,0
16570,A,0
16571,B,0
16572,B,0
16573,A,0
16574,A,0
16575,A,0
16576,B,0
16577,A,0
16578,B,0
16579,A,0
16580,A,0
16581,A,1
16582,A,0
16583,A,0
16584,B,0
16585,B,0
16586,A,0
16587,A,0
16588,A,1
16589,B,0
16590,A,0
16591,A,0
16592,B,0
16593,B,0
16594,B,0
16595,A,0
16596,B,0
16597,A,0
16598,A,0
16599,B,0
16600,A,0
16601,B,0
16602,B,0
16603,B,0
16604,A,0
16605,B,0
16606,B,0
16607,A,0
16608,B,0
16609,B,1
16610,A,0
16611,B,0
16612,B,0
16613,A,0
16614,B,0
16615,B,0
16616,B,0
16617,B,0
16618,A,0
16619,A,0
16620,B,0
16621,B,0
16622,A,0
16623,A,0
16624,B,0
16625,B,0
16626,A,0
16627,B,1
16628,A,0
16629,B,0
16630,B,0
16631,B,0
16632,A,0
16633,A,0
16634,A,0
16635,A,0
16636,B,0
16637,B,0
16638,A,0
16639,B,0
16640,B,0
16641,B,0
16642,B,0
16643,A,0
16644,A,0
16645,B,0
16646,B,0
16647,B,0
16648,B,0
16649,A,0
16650,B,0
16651,A,0
16652,B,0
16653,B,0
16654,B,1
16655,A,0
16656,B,0
16657,B,0
16658,A,0
16659,B,0
16660,B,0
16661,A,0
16662,A,0
16663,B,0
16664,A,0
16665,B,0
16666,A,0
16667,A,0
16668,B,0
16669,B,0
16670,A,0
16671,B,0
16672,A,0
16673,B,0
16674,A,0
16675,B,0
16676,A,0
16677,B,0
16678,B,0
16679,B,0
16680,A,0
16681,B,0
16682,A,0
16683,B,0
16684,B,0
16685,A,0
16686,A,0
16687,A,0
16688,A,0
16689,B,0
16690,B,0
16691,A,0
16692,B,0
16693,A,0
16694,A,0
16695,B,0
16696,B,0
16697,B,0
16698,B,0
16699,A,0
16700,B,0
16701,A,0
16702,A,0
16703,A,0
16704,B,0
16705,A,0
16706,B,0
16707,A,0
16708,B,0
16709,A,0
16710,B,0
16711,B,0
16712,B,0
16713,A,0
16714,B,0
16715,A,0
16716,A,0
16717,A,0
16718,A,0
16719,A,0
16720,B,0
16721,B,0
16722,A,0
16723,A,0
16724,B,0
16725,A,0
16726,B,0
16727,B,0
16728,B,0
16729,A,0
16730,A,0
16731,B,0
16732,B,1
16733,A,0
16734,B,0
16735,B,0
16736,B,0
16737,B,1
16738,B,0
16739,A,0
16740,A,0
16741,B,0
16742,B,0
16743,A,0
16744,A,0
16745,A,0
16746,B,0
16747,B,0
16748,A,0
16749,A,0
16750,A,0
16751,A,0
16752,A,0
16753,A,0
16754,A,0
16755,B,0
16756,B,0
16757,A,0
16758,B,0
16759,B,0
16760,A,0
16761,A,0
16762,A,0
16763,B,0
16764,B,0
16765,B,0
16766,A,0
16767,A,0
16768,A,0
16769,A,0
16770,A,0
16771,A,0
16772,B,0
16773,A,0
16774,B,0
16775,A,0
16776,A,0
16777,A,0
16778,B,0
16779,B,0
16780,B,0
16781,B,0
16782,B,0
16783,B,0
16784,B,0
16785,B,0
16786,B,0
16787,A,1
16788,B,0
16789,B,1
16790,B,0
16791,A,0
16792,A,0
16793,A,0
16794,B,0
16795,A,0
16796,B,0
16797,A,0
16798,A,0
16799,B,0
16800,A,0
16801,A,0
16802,A,0
16803,A,0
16804,A,0
16805,B,0
16806,A,0
16807,B,0
16808,A,0
16809,A,0
16810,A,0
16811,A,0
16812,B,0
16813,B,0
16814,A,0
16815,A,0
16816,A,1
16817,B,0
16818,A,0
16819,B,0
16820,A,0
16821,A,0
16822,A,0
16823,A,0
16824,B,0
16825,B,0
16826,A,0
16827,B,0
16828,A,0
16829,B,0
16830,B,0
16831,B,0
16832,B,0
16833,A,0
16834,A,0
16835,B,0
16836,A,0
16837,B,0
16838,B,0
16839,A,0
16840,A,0
16841,B,0
16842,A,0
16843,B,1
16844,B,0
16845,A,0
16846,B,0
16847,A,0
16848,B,0
16849,B,0
16850,A,0
16851,B,0
16852,B,0
16853,B,0
16854,B,0
16855,A,0
16856,B,0
16857,B,0
16858,A,0
16859,B,0
16860,A,0
16861,B,1
16862,A,0
16863,A,0
16864,B,0
16865,A,0
16866,A,0
16867,B,0
16868,A,0
16869,B,0
16870,A,0
16871,A,0
16872,A,0
16873,B,0
16874,B,0
16875,A,0
16876,A,0
16877,A,0
16878,A,0
16879,B,0
16880,B,0
16881,B,0
16882,B,0
16883,B,0
16884,B,0
16885,B,0
16886,B,0
16887,A,0
16888,A,0
16889,A,0
16890,A,0
16891,A,0
16892,A,0
16893,A,0
16894,B,0
16895,B,0
16896,B,0
16897,A,0
16898,A,0
16899,A,0
16900,B,0
16901,B,0
16902,B,0
16903,B,0
16904,B,0
16905,A,0
16906,A,0
16907,A,0
16908,A,0
16909,A,0
16910,B,0
16911,A,0
16912,B,0
16913,B,0
16914,B,0
16915,A,0
16916,B,0
16917,A,0
16918,A,0
16919,B,0
16920,B,0
16921,A,0
16922,A,0
16923,A,0
16924,A,0
16925,A,0
16926,A,0
16927,A,0
16928,A,0
16929,A,0
16930,A,0
16931,B,0
16932,B,0
16933,A,0
16934,B,0
16935,B,1
16936,A,0
16937,A,0
16938,A,0
16939,B,0
16940,A,0
16941,A,0
16942,A,0
16943,B,0
16944,A,0
16945,B,0
16946,B,0
16947,A,0
16948,B,0
16949,A,0
16950,B,0
16951,B,0
16952,B,0
16953,B,0
16954,B,0
16955,B,0
16956,A,0
16957,A,0
16958,A,0
16959,A,0
16960,A,0
16961,A,0
16962,A,0
16963,B,0
16964,B,1
16965,B,0
16966,A,0
16967,B,0
16968,A,0
16969,A,0
16970,A,0
16971,B,0
16972,A,0
16973,A,0
16974,B,0
16975,B,0
16976,A,0
16977,B,0
16978,B,0
16979,B,0
16980,A,0
16981,A,0
16982,A,0
16983,B,0
16984,A,0
16985,A,0
16986,B,0
16987,B,0
16988,A,0
16989,B,0
16990,B,0
16991,B,0
16992,A,0
16993,B,0
16994,B,0
16995,A,0
16996,B,0
16997,A,0
16998,B,0
16999,A,0
17000,A,0
17001,A,0
17002,A,0
17003,B,0
17004,B,0
17005,A,0
17006,B,0
17007,A,0
17008,A,1
17009,B,0
17010,A,0
17011,B,0
17012,A,1
17013,A,0
17014,A,0
17015,B,0
17016,A,0
17017,B,0
17018,A,0
17019,B,0
17020,A,0
17021,A,0
17022,B,1
17023,B,0
17024,B,0
17025,A,0
17026,B,0
17027,A,0
17028,B,0
17029,A,0
17030,B,1
17031,A,0
17032,A,0
17033,A,0
17034,B,0
17035,B,0
17036,A,0
17037,B,0
17038,A,0
17039,B,0
17040,B,0
17041,B,0
17042,A,0
17043,B,0
17044,B,0
17045,B,0
17046,B,0
17047,B,0
17048,A,0
17049,B,0
17050,A,0
17051,A,0
17052,B,0
17053,B,0
17054,B,0
17055,A,0
17056,B,0
17057,B,0
17058,A,0
17059,B,0
17060,B,0
17061,A,0
17062,A,0
17063,A,0
17064,A,0
17065,A,0
17066,B,0
17067,A,0
17068,A,0
17069,A,1
17070,A,0
17071,B,0
17072,A,0
17073,B,0
17074,B,0
17075,A,0
17076,B,0
17077,A,0
17078,B,0
17079,A,0
17080,A,0
17081,B,0
17082,A,0
17083,B,0
17084,B,0
17085,A,1
17086,A,0
17087,A,0
17088,A,0
17089,A,0
17090,A,0
17091,B,0
17092,B,0
17093,B,0
17094,B,0
17095,A,0
17096,A,0
17097,B,1
17098,A,0
17099,A,0
17100,B,0
17101,B,1
17102,B,0
17103,A,0
17104,A,0
17105,B,0
17106,A,0
17107,A,0
17108,B,0
17109,B,0
17110,B,0
17111,A,0
17112,B,0
17113,B,0
17114,B,1
17115,B,0
17116,B,0
17117,B,0
17118,A,0
17119,A,0
17120,A,0
17121,B,0
17122,A,0
17123,B,1
17124,B,0
17125,B,0
17126,A,0
17127,B,0
17128,A,0
17129,B,0
17130,A,0
17131,A,0
17132,B,0
17133,A,0
17134,B,0
17135,A,0
17136,A,0
17137,A,0
17138,A,0
17139,B,0
17140,B,0
17141,A,0
17142,A,1
17143,B,0
17144,B,0
17145,A,0
17146,A,0
17147,A,0
17148,B,1
17149,B,0
17150,A,0
17151,A,0
17152,B,0
17153,A,0
17154,A,0
17155,A,0
17156,A,0
17157,A,0
17158,B,0
17159,A,0
17160,B,0
17161,B,0
17162,B,0
17163,B,0
17164,B,0
17165,B,0
17166,B,0
17167,A,0
17168,B,0
17169,B,0
17170,A,0
17171,A,1
17172,B,0
17173,A,0
17174,A,0
17175,B,0
17176,A,1
17177,A,0
17178,B,0
17179,A,0
17180,A,0
17181,A,0
17182,A,0
17183,A,0
17184,A,1
17185,B,0
17186,B,0
17187,A,0
17188,B,0
17189,A,0
17190,A,0
17191,A,0
17192,A,0
17193,B,0
17194,A,0
17195,A,0
17196,A,0
17197,A,0
17198,A,0
17199,B,0
17200,A,0
17201,A,0
17202,B,0
17203,A,0
17204,B,0
17205,A,0
17206,A,0
17207,B,0
17208,A,0
17209,A,0
17210,A,0
17211,B,0
17212,A,0
17213,B,0
17214,A,0
17215,B,0
17216,B,0
17217,B,0
17218,B,0
17219,B,0
17220,A,0
17221,A,0
17222,A,0
17223,A,0
17224,B,0
17225,A,0
17226,B,0
17227,B,0
17228,A,0
17229,A,0
17230,B,0
17231,A,0
17232,A,0
17233,A,0
17234,B,0
17235,A,0
17236,A,0
17237,A,0
17238,B,0
17239,B,0
17240,A,0
17241,A,0
17242,B,0
17243,A,0
17244,B,0
17245,A,1
17246,B,0
17247,B,0
17248,B,0
17249,B,0
17250,A,0
17251,B,0
17252,B,0
17253,B,0
17254,A,0
17255,B,0
17256,B,1
17257,B,0
17258,A,0
17259,A,0
17260,A,1
17261,B,0
17262,A,0
17263,B,0
17264,B,0
17265,B,0
17266,B,0
17267,B,0
17268,A,0
17269,A,0
17270,B,0
17271,B,0
17272,A,0
17273,B,0
17274,A,1
17275,A,0
17276,A,0
17277,A,0
17278,B,0
17279,B,1
17280,B,0
17281,A,0
17282,B,0
17283,B,0
17284,A,0
17285,B,0
17286,A,0
17287,A,0
17288,B,0
17289,B,0
17290,A,0
17291,A,0
17292,B,0
17293,A,0
17294,B,0
17295,A,0
17296,A,0
17297,A,0
17298,A,0
17299,B,0
17300,B,0
17301,B,0
17302,B,0
17303,A,0
17304,B,0
17305,B,0
17306,B,0
17307,B,0
17308,A,0
17309,A,0
17310,B,0
17311,A,0
17312,B,0
17313,B,0
17314,B,0
17315,A,0
17316,A,0
17317,A,0
17318,B,0
17319,B,0
17320,A,0
17321,A,0
17322,A,0
17323,B,0
17324,B,0
17325,A,0
17326,B,0
17327,A,0
17328,B,0
17329,A,0
17330,B,0
17331,B,0
17332,A,0
17333,B,0
17334,B,0
17335,A,0
17336,B,0
17337,A,1
17338,B,0
17339,B,0
17340,B,0
17341,B,0
17342,B,0
17343,A,0
17344,B,0
17345,A,0
17346,A,1
17347,B,0
17348,B,0
17349,B,0
17350,A,0
17351,A,1
17352,A,0
17353,B,0
17354,B,0
17355,B,0
17356,B,0
17357,B,0
17358,B,0
17359,B,0
17360,A,0
17361,A,0
17362,A,0
17363,A,0
17364,B,0
17365,B,0
17366,B,0
17367,B,0
17368,B,0
17369,B,0
17370,B,0
17371,B,0
17372,A,0
17373,B,0
17374,B,0
17375,A,0
17376,A,0
17377,A,0
17378,B,0
17379,A,0
17380,B,0
17381,A,0
17382,A,0
17383,A,0
17384,B,0
17385,A,0
17386,B,0
17387,A,0
17388,A,0
17389,A,0
17390,A,0
17391,A,0
17392,B,0
17393,B,0
17394,B,0
17395,A,0
17396,B,1
17397,A,0
17398,A,0
17399,B,0
17400,B,0
17401,B,1
17402,A,0
17403,B,0
17404,A,0
17405,A,0
17406,A,0
17407,A,0
17408,A,0
17409,A,0
17410,A,0
17411,B,0
17412,A,0
17413,B,0
17414,A,0
17415,B,1
17416,B,0
17417,B,0
17418,A,0
17419,A,0
17420,A,0
17421,A,0
17422,B,0
17423,B,0
17424,B,0
17425,B,0
17426,B,0
17427,A,0
17428,A,0
17429,B,0
17430,B,0
17431,A,0
17432,B,0
17433,A,0
17434,B,0
17435,B,0
17436,B,0
17437,B,0
17438,A,1
17439,B,0
17440,A,0
17441,B,0
17442,A,0
17443,A,0
17444,A,0
17445,B,0
17446,B,0
17447,A,0
17448,A,0
17449,B,0
17450,B,1
17451,A,0
17452,B,0
17453,A,0
17454,B,0
17455,B,0
17456,A,0
17457,B,0
17458,B,0
17459,A,0
17460,A,0
17461,A,0
17462,A,0
17463,B,0
17464,A,0
17465,B,0
17466,A,0
17467,A,0
17468,B,0
17469,B,0
17470,A,0
17471,A,0
17472,B,0
17473,A,0
17474,A,0
17475,A,0
17476,B,0
17477,B,0
17478,A,0
17479,B,0
17480,B,0
17481,B,0
17482,A,1
17483,A,0
17484,B,0
17485,B,0
17486,B,0
17487,A,0
17488,B,0
17489,A,0
17490,A,0
17491,A,0
17492,B,0
17493,A,0
17494,B,0
17495,A,0
17496,B,0
17497,B,0
17498,B,0
17499,B,0
17500,B,0
17501,B,0
17502,B,0
17503,A,0
17504,B,0
17505,A,0
17506,A,0
17507,A,0
17508,A,0
17509,A,0
17510,B,0
17511,B,1
17512,B,0
17513,A,0
17514,A,0
17515,A,0
17516,A,0
17517,A,1
17518,A,0
17519,B,0
17520,A,0
17521,A,0
17522,B,0
17523,A,0
17524,B,0
17525,B,0
17526,A,0
17527,B,0
17528,A,0
17529,A,0
17530,A,0
17531,B,0
17532,B,0
17533,B,0
17534,B,0
17535,B,0
17536,A,0
17537,A,0
17538,A,0
17539,B,0
17540,B,0
17541,B,0
17542,B,1
17543,A,0
17544,B,0
17545,A,0
17546,A,0
17547,A,0
17548,B,0
17549,A,0
17550,B,0
17551,A,0
17552,B,0
17553,B,0
17554,A,0
17555,A,0
17556,A,0
17557,A,0
17558,A,0
17559,B,0
17560,B,1
17561,B,0
17562,B,0
17563,A,0
17564,A,0
17565,A,0
17566,B,0
17567,B,0
17568,B,0
17569,B,0
17570,A,0
17571,B,0
17572,B,0
17573,B,0
17574,B,0
17575,A,1
17576,A,0
17577,B,0
17578,B,0
17579,B,0
17580,A,0
17581,A,0
17582,B,0
17583,B,0
17584,B,0
17585,A,0
17586,B,0
17587,A,0
17588,B,0
17589,A,0
17590,A,0
17591,B,0
17592,A,0
17593,A,0
17594,B,0
17595,B,0
17596,A,0
17597,B,0
17598,B,0
17599,A,0
17600,A,0
17601,B,0
17602,A,0
17603,B,0
17604,B,0
17605,B,0
17606,B,0
17607,B,0
17608,B,0
17609,B,0
17610,B,0
17611,B,0
17612,A,0
17613,A,0
17614,B,0
17615,B,0
17616,B,0
17617,A,0
17618,B,0
17619,B,0
17620,A,0
17621,A,0
17622,B,0
17623,A,0
17624,A,1
17625,B,0
17626,B,0
17627,A,0
17628,A,0
17629,B,0
17630,B,0
17631,A,0
17632,B,0
17633,A,0
17634,B,0
17635,B,0
17636,B,0
17637,A,0
17638,B,0
17639,A,0
17640,A,0
17641,B,0
17642,B,0
17643,A,0
17644,B,0
17645,B,1
17646,A,0
17647,A,0
17648,A,0
17649,B,0
17650,B,0
17651,B,0
17652,A,0
17653,A,0
17654,B,0
17655,A,0
17656,B,0
17657,A,0
17658,B,0
17659,A,0
17660,A,0
17661,A,0
17662,A,0
17663,B,0
17664,B,0
17665,B,0
17666,A,0
17667,B,0
17668,B,0
17669,A,0
17670,A,0
17671,A,0
17672,A,0
17673,B,0
17674,A,0
17675,A,0
17676,A,0
17677,A,0
17678,B,0
17679,A,0
17680,B,0
17681,B,0
17682,B,0
17683,A,0
17684,B,0
17685,A,0
17686,A,0
17687,A,0
17688,A,0
17689,A,0
17690,B,0
17691,B,0
17692,A,0
17693,A,0
17694,A,0
17695,A,0
17696,A,0
17697,B,0
17698,B,0
17699,B,1
17700,A,0
17701,B,0
17702,A,0
17703,B,1
17704,B,0
17705,A,0
17706,B,0
17707,A,1
17708,A,0
17709,B,0
17710,B,0
17711,B,0
17712,A,0
17713,A,0
17714,A,0
17715,B,0
17716,A,0
17717,B,0
17718,A,0
17719,A,0
17720,A,0
17721,A,0
17722,B,0
17723,A,0
17724,A,0
17725,B,0
17726,B,0
17727,B,0
17728,A,0
17729,B,0
17730,A,0
17731,B,0
17732,B,0
17733,B,0
17734,B,0
17735,B,0
17736,A,0
17737,B,0
17738,A,0
17739,B,0
17740,B,0
17741,A,0
17742,A,0
17743,B,0
17744,B,0
17745,A,0
17746,B,0
17747,B,0
17748,A,0
17749,A,0
17750,B,0
17751,A,0
17752,A,0
17753,B,0
17754,B,0
17755,B,0
17756,B,0
17757,A,0
17758,B,0
17759,B,0
17760,B,0
17761,B,0
17762,B,0
17763,A,0
17764,A,0
17765,B,0
17766,A,0
17767,B,0
17768,A,0
17769,B,0
17770,A,0
17771,B,0
17772,B,0
17773,A,0
17774,A,0
17775,B,0
17776,B,0
17777,B,0
17778,A,0
17779,A,1
17780,A,0
17781,B,0
17782,A,0
17783,A,0
17784,B,0
17785,B,0
17786,A,0
17787,A,0
17788,A,0
17789,B,0
17790,A,0
17791,B,0
17792,B,0
17793,A,0
17794,A,0
17795,B,0
17796,B,0
17797,B,0
17798,A,0
17799,B,0
17800,A,0
17801,A,0
17802,B,0
17803,B,0
17804,B,1
17805,A,0
17806,B,0
17807,A,0
17808,A,0
17809,A,0
17810,B,0
17811,A,0
17812,B,0
17813,B,0
17814,B,0
17815,B,0
17816,A,0
17817,A,0
17818,A,0
17819,B,0
17820,A,0
17821,A,0
17822,B,0
17823,A,0
17824,B,0
17825,A,0
17826,A,0
17827,A,0
17828,A,0
17829,A,0
17830,A,0
17831,A,0
17832,A,0
17833,A,1
17834,B,0
17835,B,0
17836,A,0
17837,B,0
17838,A,0
17839,A,0
17840,A,0
17841,A,0
17842,A,0
17843,B,0
17844,B,0
17845,A,0
17846,A,0
17847,B,0
17848,B,0
17849,A,0
17850,B,0
17851,A,0
17852,B,0
17853,B,0
17854,A,0
17855,B,1
17856,B,0
17857,B,0
17858,B,0
17859,B,0
17860,A,0
17861,B,0
17862,B,0
17863,B,0
17864,A,0
17865,B,0
17866,A,0
17867,B,0
17868,A,0
17869,A,0
17870,B,0
17871,A,0
17872,A,0
17873,A,0
17874,A,0
17875,A,0
17876,A,1
17877,B,1
17878,A,0
17879,A,1
17880,A,0
17881,B,0
17882,B,0
17883,A,0
17884,A,0
17885,A,0
17886,B,0
17887,A,0
17888,B,0
17889,B,0
17890,B,0
17891,B,0
17892,B,0
17893,A,0
17894,A,0
17895,A,0
17896,B,0
17897,A,0
17898,A,0
17899,B,0
17900,A,0
17901,A,0
17902,A,0
17903,B,0
17904,B,1
17905,B,0
17906,B,0
17907,A,0
17908,A,0
17909,B,0
17910,B,0
17911,A,0
17912,A,0
17913,A,0
17914,A,0
17915,B,0
17916,A,0
17917,B,0
17918,B,0
17919,B,0
17920,A,0
17921,B,0
17922,A,0
17923,B,0
17924,A,0
17925,B,0
17926,B,0
17927,A,0
17928,B,0
17929,B,0
17930,A,0
17931,B,0
17932,B,0
17933,A,0
17934,B,0
17935,B,0
17936,A,0
17937,B,0
17938,A,0
17939,B,0
17940,B,0
17941,A,0
17942,A,0
17943,A,0
17944,A,0
17945,A,0
17946,B,0
17947,B,0
17948,B,0
17949,B,0
17950,B,0
17951,A,0
17952,B,0
17953,B,0
17954,A,0
17955,A,0
17956,B,0
17957,A,0
17958,A,0
17959,A,0
17960,B,0
17961,A,0
17962,A,0
17963,A,0
17964,A,0
17965,A,0
17966,A,0
17967,A,0
17968,B,0
17969,A,0
17970,B,0
17971,A,0
17972,B,0
17973,A,0
17974,A,0
17975,A,0
17976,A,0
17977,B,0
17978,B,0
17979,A,0
17980,A,0
17981,B,0
17982,B,0
17983,B,0
17984,B,0
17985,A,0
17986,B,0
17987,A,0
17988,A,1
17989,B,0
17990,B,0
17991,B,0
17992,B,1
17993,B,0
17994,B,0
17995,B,0
17996,B,0
17997,A,0
17998,A,0
17999,A,0
18000,B,0
18001,A,0
18002,A,0
18003,B,0
18004,B,0
18005,B,0
18006,B,0
18007,B,0
18008,B,0
18009,A,0
18010,A,0
18011,A,0
18012,B,0
18013,B,0
18014,A,0
18015,B,0
18016,A,0
18017,B,0
18018,B,0
18019,A,0
18020,A,0
18021,A,0
18022,A,0
18023,B,0
18024,B,0
18025,B,0
18026,B,0
18027,A,0
18028,B,0
18029,A,0
18030,B,0
18031,A,0
18032,B,0
18033,B,0
18034,A,0
18035,A,0
18036,A,0
18037,A,0
18038,B,0
18039,B,0
18040,B,0
18041,A,0
18042,A,0
18043,A,0
18044,A,0
18045,A,0
18046,B,0
18047,A,0
18048,B,0
18049,B,0
18050,B,0
18051,B,0
18052,B,0
18053,A,0
18054,B,0
18055,A,1
18056,B,0
18057,B,0
18058,A,0
18059,B,0
18060,B,0
18061,B,0
18062,B,0
18063,A,0
18064,B,0
18065,B,0
18066,A,0
18067,B,0
18068,B,0
18069,A,0
18070,B,0
18071,A,0
18072,A,0
18073,B,0
18074,B,0
18075,B,0
18076,B,0
18077,A,0
18078,B,0
18079,B,0
18080,B,0
18081,B,0
18082,A,0
18083,B,0
18084,B,0
18085,B,0
18086,A,0
18087,A,0
18088,B,0
18089,B,0
18090,B,0
18091,B,1
18092,B,0
18093,A,0
18094,B,0
18095,A,0
18096,B,0
18097,A,0
18098,A,0
18099,A,0
18100,A,0
18101,B,0
18102,A,1
18103,B,0
18104,B,0
18105,B,0
18106,B,0
18107,A,0
18108,B,0
18109,A,0
18110,A,0
18111,B,0
18112,B,0
18113,B,0
18114,A,0
18115,A,0
18116,B,0
18117,B,0
18118,B,0
18119,A,0
18120,B,0
18121,B,0
18122,B,0
18123,B,0
18124,A,0
18125,B,0
18126,A,1
18127,B,0
18128,B,0
18129,A,0
18130,B,0
18131,B,0
18132,A,0
18133,A,0
18134,A,0
18135,A,0
18136,B,0
18137,B,0
18138,A,0
18139,B,0
18140,A,0
18141,B,0
18142,A,0
18143,B,0
18144,B,0
18145,A,0
18146,A,0
18147,A,0
18148,A,0
18149,B,0
18150,A,0
18151,A,0
18152,A,0
18153,B,0
18154,B,0
18155,A,1
18156,A,0
18157,A,0
18158,A,0
18159,A,0
18160,B,0
18161,A,0
18162,B,0
18163,A,0
18164,A,0
18165,A,1
18166,A,0
18167,A,0
18168,B,0
18169,B,0
18170,B,0
18171,A,0
18172,B,1
18173,B,0
18174,A,0
18175,A,0
18176,B,0
18177,A,0
18178,A,0
18179,B,0
18180,A,0
18181,A,0
18182,B,0
18183,B,0
18184,B,0
18185,A,0
18186,A,0
18187,A,0
18188,A,0
18189,A,0
18190,B,0
18191,A,0
18192,A,0
18193,A,0
18194,A,1
18195,A,0
18196,A,1
18197,B,0
18198,A,0
18199,A,0
18200,B,0
18201,A,0
18202,A,0
18203,A,0
18204,B,0
18205,B,0
18206,B,0
18207,B,0
18208,A,0
18209,A,0
18210,B,0
18211,B,0
18212,A,0
18213,B,0
18214,B,0
18215,B,0
18216,B,0
18217,B,0
18218,B,0
18219,B,1
18220,A,0
18221,A,0
18222,B,0
18223,A,0
18224,B,0
18225,B,0
18226,A,0
18227,A,0
18228,A,0
18229,B,0
18230,A,1
18231,A,0
18232,A,0
18233,B,0
18234,A,0
18235,B,1
18236,B,0
18237,A,0
18238,B,0
18239,A,0
18240,A,0
18241,A,0
18242,B,0
18243,B,0
18244,B,0
18245,B,0
18246,A,0
18247,B,0
18248,B,0
18249,A,0
18250,B,0
18251,B,0
18252,B,1
18253,A,0
18254,A,0
18255,B,0
18256,A,0
18257,B,0
18258,B,0
18259,B,1
18260,A,0
18261,B,0
18262,A,0
18263,B,0
18264,A,0
18265,B,0
18266,A,0
18267,B,0
18268,A,0
18269,B,0
18270,B,0
18271,B,0
18272,A,0
18273,B,0
18274,B,0
18275,B,0
18276,B,0
18277,A,0
18278,B,1
18279,A,0
18280,A,0
18281,B,0
18282,A,1
18283,B,0
18284,B,0
18285,B,0
18286,B,0
18287,B,0
18288,A,0
18289,B,0
18290,B,0
18291,A,0
18292,B,0
18293,A,0
18294,A,0
18295,B,0
18296,B,0
18297,B,0
18298,B,0
18299,A,0
18300,B,0
18301,B,0
18302,A,0
18303,A,0
18304,A,0
18305,B,0
18306,A,0
18307,A,0
18308,A,0
18309,A,0
18310,A,0
18311,A,0
18312,B,0
18313,B,0
18314,B,0
18315,B,1
18316,A,0
18317,B,1
18318,B,1
18319,B,0
18320,A,0
18321,B,0
18322,A,0
18323,B,0
18324,B,0
18325,B,0
18326,B,0
18327,B,0
18328,A,0
18329,A,0
18330,B,0
18331,B,0
18332,B,0
18333,B,0
18334,B,0
18335,A,0
18336,B,0
18337,A,0
18338,A,0
18339,A,0
18340,A,0
18341,A,0
18342,B,0
18343,B,0
18344,A,0
18345,A,0
18346,A,0
18347,B,0
18348,A,0
18349,A,0
18350,A,0
18351,B,0
18352,A,0
18353,B,0
18354,A,0
18355,B,0
18356,B,0
18357,A,0
18358,A,1
18359,B,0
18360,B,0
18361,B,1
18362,A,0
18363,B,0
18364,A,0
18365,B,1
18366,B,0
18367,B,0
18368,A,0
18369,A,0
18370,A,0
18371,B,0
18372,B,0
18373,A,0
18374,A,0
18375,A,0
18376,A,0
18377,A,0
18378,B,0
18379,A,1
18380,A,0
18381,B,0
18382,B,0
18383,A,0
18384,A,0
18385,A,0
18386,A,0
18387,A,0
18388,A,0
18389,B,0
18390,B,0
18391,B,0
18392,A,0
18393,B,0
18394,B,0
18395,A,0
18396,B,0
18397,A,0
18398,B,0
18399,B,0
18400,A,0
18401,B,0
18402,B,1
18403,B,0
18404,B,0
18405,B,0
18406,A,0
18407,A,0
18408,B,0
18409,A,0
18410,A,0
18411,B,0
18412,B,0
18413,A,0
18414,B,0
18415,B,0
18416,A,0
18417,B,0
18418,A,0
18419,A,0
18420,B,0
18421,B,0
18422,B,0
18423,A,0
18424,B,0
18425,A,0
18426,A,0
18427,B,0
18428,B,0
18429,A,1
18430,B,0
18431,B,0
18432,B,0
18433,B,1
18434,A,0
18435,A,0
18436,B,0
18437,B,0
18438,A,0
18439,A,0
18440,B,0
18441,B,0
18442,A,0
18443,A,0
18444,B,0
18445,A,0
18446,A,0
18447,A,0
18448,A,0
18449,B,0
18450,A,0
18451,A,0
18452,B,0
18453,B,0
18454,B,0
18455,A,0
18456,B,0
18457,B,0
18458,B,0
18459,A,0
18460,A,0
18461,B,0
18462,A,0
18463,A,0
18464,A,0
18465,B,0
18466,A,0
18467,A,0
18468,B,0
18469,B,0
18470,A,0
18471,B,0
18472,B,0
18473,A,0
18474,B,0
18475,A,0
18476,B,0
18477,A,0
18478,A,0
18479,A,0
18480,B,0
18481,B,0
18482,B,0
18483,B,0
18484,B,0
18485,A,0
18486,B,0
18487,B,0
18488,A,0
18489,B,0
18490,B,0
18491,A,0
18492,B,0
18493,B,0
18494,B,0
18495,A,0
18496,B,0
18497,A,0
18498,B,0
18499,B,0
18500,A,0
18501,B,0
18502,A,0
18503,B,0
18504,B,0
18505,B,0
18506,B,0
18507,A,0
18508,B,0
18509,B,0
18510,A,0
18511,A,0
18512,B,0
18513,B,0
18514,B,0
18515,A,1
18516,B,0
18517,A,0
18518,A,0
18519,A,0
18520,A,0
18521,A,0
18522,B,0
18523,B,0
18524,B,0
18525,B,0
18526,A,0
18527,A,0
18528,B,0
18529,B,0
18530,A,0
18531,A,0
18532,A,0
18533,B,0
18534,A,0
18535,A,0
18536,A,0
18537,A,0
18538,B,0
18539,A,0
18540,A,0
18541,A,0
18542,B,0
18543,B,0
18544,A,0
18545,B,0
18546,A,0
18547,B,0
18548,A,0
18549,A,0
18550,A,0
18551,A,0
18552,B,0
18553,B,0
18554,B,0
18555,A,0
18556,B,0
18557,A,0
18558,B,0
18559,B,0
18560,B,0
18561,A,0
18562,B,0
18563,A,0
18564,B,0
18565,B,0
18566,B,0
18567,B,0
18568,A,0
18569,A,0
18570,A,0
18571,B,0
18572,B,0
18573,B,0
18574,B,0
18575,A,0
18576,A,1
18577,B,0
18578,B,0
18579,B,0
18580,A,0
18581,B,0
18582,B,0
18583,A,0
18584,B,0
18585,B,0
18586,A,0
18587,B,0
18588,B,0
18589,B,0
18590,B,0
18591,B,0
18592,B,0
18593,B,0
18594,B,0
18595,A,1
18596,B,0
18597,A,0
18598,A,0
18599,A,0
18600,B,0
18601,B,0
18602,A,0
18603,B,0
18604,A,0
18605,B,0
18606,A,0
18607,B,0
18608,A,0
18609,B,0
18610,B,0
18611,A,0
18612,B,0
18613,B,0
18614,B,0
18615,B,0
18616,A,0
18617,B,1
18618,B,0
18619,B,0
18620,B,0
18621,A,0
18622,A,0
18623,A,0
18624,B,0
18625,A,0
18626,A,0
18627,A,0
18628,B,0
18629,B,0
18630,A,0
18631,A,0
18632,B,0
18633,B,0
18634,B,0
18635,B,1
18636,B,0
18637,B,0
18638,A,0
18639,B,0
18640,A,1
18641,B,0
18642,B,0
18643,A,0
18644,A,0
18645,A,0
18646,A,0
18647,A,0
18648,B,0
18649,B,0
18650,B,0
18651,B,0
18652,B,0
18653,B,0
18654,A,0
18655,A,0
18656,A,0
18657,A,0
18658,B,0
18659,A,0
18660,A,0
18661,B,0
18662,A,0
18663,B,0
18664,A,0
18665,B,0
18666,B,0
18667,B,0
18668,A,0
18669,B,0
18670,B,0
18671,A,0
18672,A,0
18673,A,1
18674,A,0
18675,B,0
18676,B,0
18677,B,0
18678,B,0
18679,B,0
18680,B,0
18681,B,0
18682,B,0
18683,B,0
18684,A,0
18685,B,0
18686,A,0
18687,B,0
18688,A,0
18689,B,0
18690,A,0
18691,B,0
18692,B,0
18693,A,0
18694,B,0
18695,A,0
18696,A,0
18697,B,0
18698,A,0
18699,A,0
18700,B,0
18701,A,0
18702,B,0
18703,A,0
18704,A,0
18705,A,0
18706,A,0
18707,B,0
18708,A,0
18709,B,0
18710,A,0
18711,B,0
18712,A,1
18713,A,0
18714,B,0
18715,B,0
18716,A,0
18717,B,0
18718,B,0
18719,A,0
18720,A,0
18721,A,0
18722,A,0
18723,A,0
18724,A,0
18725,A,0
18726,B,0
18727,B,0
18728,B,0
18729,B,0
18730,A,0
18731,B,0
18732,A,0
18733,A,0
18734,B,0
18735,A,0
18736,A,0
18737,B,0
18738,B,0
18739,B,0
18740,B,0
18741,B,0
18742,A,0
18743,A,0
18744,B,0
18745,B,0
18746,B,0
18747,A,0
18748,B,0
18749,B,0
18750,A,0
18751,A,0
18752,B,0
18753,A,0
18754,A,0
18755,B,0
18756,B,0
18757,B,0
18758,B,1
18759,B,0
18760,A,0
18761,A,0
18762,B,0
18763,A,0
18764,B,0
18765,B,0
18766,B,0
18767,A,0
18768,B,0
18769,B,0
18770,B,0
18771,B,0
18772,A,0
18773,B,0
18774,B,0
18775,A,0
18776,B,0
18777,B,0
18778,B,0
18779,A,0
18780,B,0
18781,A,0
18782,A,0
18783,B,0
18784,A,0
18785,A,0
18786,A,0
18787,B,0
18788,B,0
18789,B,0
18790,A,0
18791,A,0
18792,A,0
18793,B,0
18794,A,0
18795,A,1
18796,B,0
18797,B,0
18798,A,0
18799,B,0
18800,A,0
18801,A,0
18802,A,0
18803,B,0
18804,A,0
18805,A,0
18806,A,0
18807,B,0
18808,A,0
18809,B,0
18810,B,0
18811,B,0
18812,A,0
18813,A,0
18814,A,0
18815,B,0
18816,B,0
18817,B,0
18818,A,0
18819,B,0
18820,A,0
18821,A,0
18822,A,0
18823,A,1
18824,A,0
18825,A,0
18826,B,0
18827,A,0
18828,B,0
18829,B,0
18830,A,0
18831,B,0
18832,B,0
18833,A,0
18834,B,0
18835,B,0
18836,A,0
18837,B,0
18838,B,0
18839,B,0
18840,B,0
18841,A,0
18842,B,0
18843,A,0
18844,B,0
18845,B,0
18846,A,0
18847,B,0
18848,B,0
18849,B,0
18850,A,0
18851,A,0
18852,B,0
18853,B,0
18854,A,0
18855,B,0
18856,A,0
18857,B,0
18858,A,0
18859,B,0
18860,B,1
18861,B,0
18862,B,0
18863,A,0
18864,B,0
18865,A,0
18866,A,0
18867,A,0
18868,A,0
18869,B,0
18870,A,0
18871,A,0
18872,A,0
18873,A,0
18874,A,0
18875,A,0
18876,B,0
18877,B,0
18878,B,0
18879,A,1
18880,A,0
18881,B,0
18882,A,0
18883,A,0
18884,B,0
18885,A,0
18886,B,0
18887,A,0
18888,B,0
18889,B,1
18890,B,0
18891,B,0
18892,A,0
18893,B,0
18894,A,0
18895,B,0
18896,B,1
18897,B,0
18898,B,0
18899,A,0
18900,B,0
18901,B,0
18902,A,0
18903,B,0
18904,B,0
18905,A,0
18906,A,0
18907,A,0
18908,B,0
18909,B,0
18910,A,0
18911,B,0
18912,B,0
18913,A,0
18914,A,0
18915,A,0
18916,A,0
18917,B,0
18918,A,0
18919,B,0
18920,B,0
18921,A,0
18922,B,1
18923,A,0
18924,B,0
18925,A,0
18926,B,0
18927,A,0
18928,B,0
18929,B,0
18930,B,0
18931,A,0
18932,A,0
18933,A,0
18934,B,0
18935,B,0
18936,B,0
18937,A,0
18938,B,0
18939,A,0
18940,A,0
18941,B,1
18942,A,0
18943,A,0
18944,A,0
18945,B,0
18946,B,0
18947,B,0
18948,B,0
18949,B,0
18950,B,0
18951,A,0
18952,A,0
18953,B,0
18954,B,0
18955,A,0
18956,A,0
18957,B,0
18958,A,1
18959,B,0
18960,B,0
18961,B,0
18962,A,0
18963,B,0
18964,A,1
18965,A,0
18966,A,0
18967,B,0
18968,A,0
18969,A,0
18970,B,0
18971,B,0
18972,B,0
18973,B,0
18974,B,0
18975,B,0
18976,B,0
18977,B,1
18978,A,0
18979,A,0
18980,A,0
18981,B,0
18982,B,0
18983,A,0
18984,A,0
18985,B,0
18986,B,0
18987,B,0
18988,A,0
18989,B,0
18990,B,0
18991,A,0
18992,B,0
18993,A,0
18994,B,0
18995,B,0
18996,B,0
18997,A,0
18998,B,0
18999,B,0
19000,A,0
19001,B,0
19002,B,0
19003,A,0
19004,B,1
19005,A,0
19006,B,0
19007,B,0
19008,B,0
19009,B,0
19010,A,0
19011,B,0
19012,A,0
19013,A,0
19014,B,1
19015,A,0
19016,A,0
19017,A,0
19018,B,0
19019,B,0
19020,B,0
19021,B,0
19022,B,0
19023,B,0
19024,A,0
19025,A,0
19026,A,0
19027,B,0
19028,B,0
19029,A,0
19030,B,0
19031,A,0
19032,B,0
19033,B,0
19034,A,0
19035,A,0
19036,A,0
19037,B,0
19038,B,0
19039,B,0
19040,B,0
19041,A,0
19042,B,0
19043,B,0
19044,B,0
19045,B,0
19046,B,1
19047,B,0
19048,B,0
19049,B,0
19050,B,0
19051,A,0
19052,B,0
19053,A,0
19054,B,0
19055,B,0
19056,A,0
19057,A,0
19058,B,0
19059,A,0
19060,B,0
19061,B,0
19062,B,1
19063,B,0
19064,A,0
19065,A,0
19066,A,0
19067,B,0
19068,B,0
19069,B,0
19070,B,0
19071,A,0
19072,A,0
19073,A,0
19074,A,0
19075,B,0
19076,B,0
19077,B,0
19078,B,0
19079,A,0
19080,A,0
19081,B,0
19082,A,0
19083,B,0
19084,A,0
19085,A,0
19086,A,0
19087,A,0
19088,A,0
19089,A,0
19090,B,1
19091,B,0
19092,B,0
19093,A,0
19094,A,0
19095,B,0
19096,A,0
19097,B,0
19098,B,0
19099,A,0
19100,A,0
19101,B,0
19102,B,0
19103,B,0
19104,A,0
19105,A,0
19106,B,0
19107,B,0
19108,B,0
19109,B,0
19110,A,0
19111,A,0
19112,B,0
19113,A,0
19114,B,0
19115,B,0
19116,A,0
19117,A,0
19118,B,0
19119,A,0
19120,A,0
19121,A,0
19122,A,0
19123,B,0
19124,B,0
19125,A,0
19126,A,0
19127,B,0
19128,A,0
19129,B,0
19130,A,0
19131,A,0
19132,B,0
19133,A,0
19134,A,0
19135,B,0
19136,A,0
19137,A,0
19138,B,0
19139,B,0
19140,B,0
19141,B,0
19142,B,0
19143,B,0
19144,B,0
19145,B,0
19146,A,0
19147,A,0
19148,B,0
19149,B,0
19150,B,0
19151,A,0
19152,A,0
19153,B,0
19154,B,0
19155,A,0
19156,B,0
19157,A,0
19158,A,0
19159,A,0
19160,A,0
19161,B,0
19162,A,0
19163,A,0
19164,B,0
19165,A,0
19166,A,0
19167,B,0
19168,B,0
19169,B,0
19170,A,0
19171,A,0
19172,B,0
19173,B,1
19174,B,0
19175,A,0
19176,A,0
19177,A,0
19178,A,0
19179,B,0
19180,B,0
19181,A,0
19182,A,0
19183,A,0
19184,A,0
19185,B,0
19186,B,0
19187,B,0
19188,B,0
19189,B,0
19190,B,0
19191,A,0
19192,B,0
19193,B,0
19194,B,0
19195,B,0
19196,B,0
19197,B,0
19198,A,0
19199,B,1
19200,B,0
19201,A,0
19202,B,0
19203,A,0
19204,B,0
19205,A,0
19206,B,0
19207,B,0
19208,A,0
19209,B,0
19210,B,0
19211,A,0
19212,B,0
19213,B,0
19214,A,0
19215,A,0
19216,A,0
19217,A,0
19218,B,0
19219,B,0
19220,A,1
19221,A,0
19222,B,1
19223,A,0
19224,B,0
19225,A,0
19226,B,0
19227,B,0
19228,B,0
19229,A,0
19230,A,0
19231,A,0
19232,A,0
19233,B,0
19234,B,0
19235,A,0
19236,A,0
19237,A,0
19238,B,0
19239,A,0
19240,A,0
19241,A,0
19242,A,0
19243,B,0
19244,B,0
19245,B,0
19246,B,0
19247,B,0
19248,B,0
19249,A,0
19250,A,0
19251,B,0
19252,B,0
19253,B,0
19254,B,0
19255,A,0
19256,B,0
19257,A,0
19258,A,0
19259,B,0
19260,A,0
19261,A,0
19262,B,0
19263,B,0
19264,B,0
19265,A,1
19266,A,0
19267,B,0
19268,A,0
19269,A,0
19270,B,0
19271,B,0
19272,B,0
19273,A,0
19274,B,0
19275,B,1
19276,B,0
19277,A,0
19278,B,0
19279,B,0
19280,B,0
19281,A,0
19282,B,0
19283,B,0
19284,A,0
19285,A,0
19286,B,0
19287,A,0
19288,B,0
19289,A,0
19290,A,0
19291,B,0
19292,A,0
19293,B,1
19294,B,0
19295,B,0
19296,B,0
19297,B,0
19298,A,0
19299,B,0
19300,B,0
19301,A,0
19302,A,0
19303,A,0
19304,A,0
19305,A,0
19306,A,0
19307,B,0
19308,A,0
19309,B,0
19310,A,0
19311,B,0
19312,B,0
19313,B,0
19314,B,0
19315,A,1
19316,B,0
19317,A,0
19318,B,0
19319,B,0
19320,B,0
19321,A,0
19322,A,0
19323,B,0
19324,A,0
19325,B,0
19326,A,0
19327,A,0
19328,B,0
19329,A,0
19330,A,0
19331,A,0
19332,B,0
19333,B,1
19334,B,0
19335,B,0
19336,B,0
19337,A,0
19338,A,0
19339,B,0
19340,A,0
19341,A,0
19342,A,0
19343,B,0
19344,B,0
19345,A,0
19346,B,0
19347,B,0
19348,B,0
19349,B,0
19350,B,0
19351,A,0
19352,B,0
19353,B,0
19354,A,0
19355,A,0
19356,A,0
19357,B,0
19358,A,0
19359,B,0
19360,A,0
19361,B,0
19362,A,0
19363,A,1
19364,B,0
19365,A,0
19366,A,0
19367,B,0
19368,A,0
19369,A,0
19370,A,0
19371,B,0
19372,A,0
19373,B,0
19374,A,0
19375,B,1
19376,A,0
19377,A,0
19378,A,0
19379,B,0
19380,B,0
19381,B,0
19382,A,1
19383,A,0
19384,A,0
19385,A,0
19386,A,0
19387,B,0
19388,A,0
19389,A,0
19390,B,0
19391,A,0
19392,A,0
19393,B,0
19394,B,0
19395,B,0
19396,B,0
19397,A,0
19398,B,0
19399,B,0
19400,A,0
19401,B,0
19402,A,0
19403,B,0
19404,A,0
19405,B,0
19406,B,0
19407,B,0
19408,A,0
19409,A,0
19410,B,0
19411,A,0
19412,A,0
19413,B,0
19414,A,0
19415,A,0
19416,A,0
19417,B,0
19418,A,1
19419,A,0
19420,B,0
19421,A,1
19422,B,0
19423,B,0
19424,A,0
19425,B,0
19426,A,0
19427,B,0
19428,B,0
19429,A,0
19430,A,0
19431,A,0
19432,B,0
19433,A,0
19434,A,0
19435,B,0
19436,B,0
19437,B,1
19438,B,0
19439,A,0
19440,A,0
19441,A,0
19442,B,0
19443,B,0
19444,B,0
19445,B,0
19446,A,0
19447,B,0
19448,B,0
19449,B,0
19450,A,0
19451,A,0
19452,A,0
19453,A,0
19454,B,0
19455,B,0
19456,B,0
19457,B,0
19458,A,0
19459,B,0
19460,B,0
19461,A,0
19462,A,0
19463,B,0
19464,B,0
19465,A,0
19466,A,0
19467,B,0
19468,B,0
19469,B,0
19470,A,0
19471,A,0
19472,A,0
19473,B,0
19474,B,0
19475,B,1
19476,A,0
19477,B,0
19478,A,0
19479,B,0
19480,A,0
19481,B,0
19482,B,0
19483,B,0
19484,A,0
19485,B,1
19486,B,0
19487,B,0
19488,A,0
19489,A,0
19490,B,0
19491,A,0
19492,B,0
19493,B,0
19494,A,0
19495,A,0
19496,B,0
19497,B,0
19498,A,0
19499,B,0
19500,A,0
19501,A,0
19502,B,0
19503,A,0
19504,B,0
19505,A,0
19506,B,0
19507,B,0
19508,B,0
19509,B,0
19510,A,0
19511,A,0
19512,B,0
19513,B,0
19514,A,1
19515,B,0
19516,B,0
19517,B,0
19518,B,0
19519,B,0
19520,A,0
19521,B,0
19522,B,0
19523,B,0
19524,B,0
19525,A,0
19526,B,0
19527,B,0
19528,B,0
19529,B,0
19530,B,0
19531,A,0
19532,B,0
19533,B,0
19534,B,0
19535,A,0
19536,B,0
19537,A,0
19538,A,0
19539,A,0
19540,A,0
19541,B,0
19542,B,0
19543,A,0
19544,B,0
19545,B,0
19546,B,0
19547,A,0
19548,A,0
19549,B,0
19550,A,0
19551,B,0
19552,B,0
19553,A,0
19554,A,0
19555,B,0
19556,A,0
19557,A,0
19558,A,0
19559,B,0
19560,B,0
19561,A,0
19562,B,0
19563,A,0
19564,A,0
19565,A,0
19566,B,0
19567,B,0
19568,A,0
19569,A,0
19570,B,0
19571,A,0
19572,B,0
19573,A,0
19574,B,0
19575,B,0
19576,A,0
19577,B,0
19578,A,0
19579,A,0
19580,A,0
19581,A,0
19582,B,0
19583,A,0
19584,A,0
19585,B,0
19586,A,0
19587,B,0
19588,A,0
19589,B,0
19590,B,0
19591,B,1
19592,B,0
19593,B,0
19594,A,0
19595,A,1
19596,B,1
19597,A,0
19598,A,0
19599,A,0
19600,B,0
19601,B,0
19602,B,0
19603,A,0
19604,B,0
19605,B,0
19606,B,0
19607,A,0
19608,B,0
19609,A,0
19610,A,0
19611,A,0
19612,B,0
19613,A,0
19614,B,0
19615,B,0
19616,A,0
19617,A,0
19618,B,0
19619,B,1
19620,A,0
19621,A,0
19622,A,0
19623,B,0
19624,B,0
19625,A,0
19626,A,0
19627,A,0
19628,B,0
19629,B,0
19630,A,0
19631,A,0
19632,B,0
19633,B,0
19634,B,0
19635,A,1
19636,B,0
19637,B,0
19638,B,0
19639,A,0
19640,A,0
19641,A,0
19642,A,0
19643,B,1
19644,B,0
19645,B,0
19646,B,0
19647,A,0
19648,B,0
19649,B,0
19650,B,0
19651,A,0
19652,A,0
19653,A,0
19654,A,0
19655,B,0
19656,B,1
19657,A,0
19658,B,0
19659,B,0
19660,B,0
19661,B,0
19662,B,1
19663,A,0
19664,B,0
19665,A,1
19666,B,0
19667,B,0
19668,A,0
19669,B,0
19670,B,0
19671,A,0
19672,A,0
19673,A,0
19674,A,0
19675,A,0
19676,B,0
19677,B,0
19678,A,0
19679,A,0
19680,A,0
19681,A,0
19682,B,0
19683,A,0
19684,B,0
19685,B,0
19686,A,0
19687,A,0
19688,B,0
19689,B,0
19690,B,0
19691,A,0
19692,A,0
19693,B,0
19694,B,0
19695,A,0
19696,B,0
19697,A,0
19698,B,0
19699,B,0
19700,B,0
19701,B,0
19702,B,1
19703,B,0
19704,B,0
19705,A,0
19706,A,0
19707,A,0
19708,B,0
19709,B,0
19710,B,0
19711,B,0
19712,A,0
19713,B,0
19714,B,0
19715,A,1
19716,B,0
19717,A,0
19718,A,0
19719,B,1
19720,A,0
19721,B,1
19722,B,0
19723,B,0
19724,A,0
19725,B,0
19726,B,0
19727,A,0
19728,A,0
19729,A,0
19730,B,0
19731,A,0
19732,B,0
19733,B,1
19734,A,0
19735,A,0
19736,B,0
19737,B,0
19738,A,0
19739,B,0
19740,A,0
19741,A,0
19742,B,0
19743,B,0
19744,A,0
19745,A,0
19746,B,0
19747,A,0
19748,B,0
19749,A,0
19750,A,0
19751,B,0
19752,A,0
19753,A,0
19754,B,0
19755,B,0
19756,A,0
19757,B,0
19758,B,0
19759,A,0
19760,A,0
19761,B,0
19762,B,0
19763,B,0
19764,A,0
19765,B,0
19766,A,0
19767,B,0
19768,B,0
19769,B,0
19770,A,0
19771,B,0
19772,B,0
19773,B,0
19774,A,0
19775,B,0
19776,A,0
19777,B,0
19778,A,0
19779,B,0
19780,B,0
19781,A,0
19782,B,0
19783,A,0
19784,A,0
19785,A,0
19786,B,0
19787,A,1
19788,B,0
19789,A,0
19790,A,0
19791,B,0
19792,A,0
19793,B,0
19794,A,0
19795,B,0
19796,A,0
19797,A,0
19798,B,0
19799,B,0
19800,B,0
19801,B,0
19802,A,0
19803,B,0
19804,B,0
19805,A,0
19806,A,0
19807,A,0
19808,B,0
19809,A,0
19810,B,0
19811,A,0
19812,A,0
19813,B,0
19814,B,0
19815,B,0
19816,A,0
19817,B,0
19818,B,0
19819,B,0
19820,A,0
19821,B,0
19822,B,0
19823,B,1
19824,B,1
19825,A,0
19826,B,0
19827,B,0
19828,B,0
19829,A,0
19830,B,0
19831,A,0
19832,A,0
19833,A,0
19834,B,0
19835,A,0
19836,A,0
19837,A,0
19838,B,0
19839,B,0
19840,B,0
19841,B,0
19842,A,0
19843,B,0
19844,A,0
19845,A,0
19846,A,0
19847,B,0
19848,A,0
19849,B,0
19850,B,0
19851,B,0
19852,A,0
19853,B,0
19854,B,0
19855,A,0
19856,A,0
19857,A,0
19858,A,1
19859,B,0
19860,A,0
19861,B,0
19862,A,0
19863,B,0
19864,B,0
19865,A,0
19866,A,0
19867,A,0
19868,B,0
19869,B,0
19870,B,0
19871,A,0
19872,A,0
19873,B,0
19874,A,0
19875,A,0
19876,A,0
19877,B,1
19878,A,0
19879,B,0
19880,B,0
19881,A,0
19882,A,0
19883,A,0
19884,A,0
19885,B,0
19886,B,1
19887,A,1
19888,A,0
19889,B,0
19890,B,0
19891,A,0
19892,B,0
19893,A,0
19894,B,0
19895,B,0
19896,B,0
19897,B,0
19898,A,0
19899,A,0
19900,A,0
19901,A,0
19902,B,1
19903,A,0
19904,A,0
19905,B,0
19906,A,0
19907,A,0
19908,B,0
19909,B,0
19910,B,0
19911,B,0
19912,B,0
19913,B,0
19914,A,0
19915,A,0
19916,B,0
19917,B,0
19918,A,1
19919,A,0
19920,B,0
19921,A,0
19922,A,0
19923,B,0
19924,B,0
19925,A,0
19926,B,0
19927,B,0
19928,A,0
19929,B,0
19930,B,0
19931,A,0
19932,A,0
19933,B,0
19934,A,0
19935,B,0
19936,A,0
19937,B,0
19938,B,0
19939,A,0
19940,A,0
19941,B,0
19942,B,0
19943,A,0
19944,B,0
19945,A,0
19946,B,0
19947,A,0
19948,A,0
19949,B,0
19950,B,0
19951,B,0
19952,A,0
19953,A,0
19954,A,0
19955,A,0
19956,B,1
19957,A,0
19958,B,0
19959,A,0
19960,A,0
19961,A,0
19962,A,0
19963,A,0
19964,A,0
19965,B,0
19966,A,0
19967,B,0
19968,A,0
19969,B,0
19970,A,0
19971,A,0
19972,A,0
19973,B,0
19974,A,0
19975,A,0
19976,B,0
19977,B,0
19978,B,0
19979,A,1
19980,B,0
19981,B,0
19982,A,0
19983,A,0
19984,B,0
19985,B,0
19986,A,0
19987,B,0
19988,B,0
19989,B,0
19990,A,0
19991,B,0
19992,B,0
19993,A,0
19994,A,0
19995,A,0
19996,B,0
19997,B,0
19998,A,0
19999,B,0
