item_id,description
N201436,Supplier sheet: Bluebell cold brew 250 ml pack of 2. Store at ambient. Shelf life 35 days. Allergens: none.
N202429,Supplier sheet: Bluebell rice cakes 1 kg pack of 12. Store at ambient. Shelf life 67 days. Allergens: nuts;milk.
N201368,Supplier sheet: Valley whole milk 1 kg pack of 6. Store at chilled. Shelf life 128 days. Allergens: milk.
N201028,Supplier sheet: Harvest cola zero 1 kg pack of 4. Store at ambient. Shelf life 12 days. Allergens: none.
N200102,Supplier sheet: Meadow bin liners 330 ml pack of 4. Store at ambient. Shelf life 164 days. Allergens: none.
N200717,Supplier sheet: Orchard tortilla chips 250 ml pack of 6. Store at ambient. Shelf life 33 days. Allergens: nuts;milk.
N202181,Supplier sheet: Orchard dark chocolate 500 g pack of 6. Store at ambient. Shelf life 142 days. Allergens: nuts;milk.
N200925,Supplier sheet: Harvest dark chocolate 1 L pack of 6. Store at ambient. Shelf life 112 days. Allergens: nuts;milk.
N201845,Supplier sheet: Bluebell tortilla chips 330 ml pack of 1. Store at ambient. Shelf life 153 days. Allergens: nuts;milk.
N202671,Supplier sheet: Bluebell body lotion 500 g pack of 1. Store at ambient. Shelf life 140 days. Allergens: none.
N202788,Supplier sheet: Meadow orange juice 2 L pack of 2. Store at ambient. Shelf life 94 days. Allergens: none.
N201421,Supplier sheet: Meadow tortilla chips 330 ml pack of 4. Store at ambient. Shelf life 136 days. Allergens: nuts;milk.
N200333,Supplier sheet: Meadow dark chocolate 750 g pack of 4. Store at ambient. Shelf life 64 days. Allergens: nuts;milk.
N201651,Supplier sheet: Bluebell mixed berries 500 g pack of 2. Store at -18C. Shelf life 106 days. Allergens: gluten;fish.
N200286,Supplier sheet: Valley laundry pods 750 g pack of 1. Store at ambient. Shelf life 164 days. Allergens: none.
N200330,Supplier sheet: Harvest gala apple 330 ml pack of 1. Store at chilled. Shelf life 18 days. Allergens: none.
N201577,Supplier sheet: Orchard blueberry muffin 250 ml pack of 2. Store at ambient. Shelf life 65 days. Allergens: gluten;egg.
N202628,Supplier sheet: Harvest sparkling water 2 L pack of 4. Store at ambient. Shelf life 6 days. Allergens: none.
N201420,Supplier sheet: Orchard oat drink 750 g pack of 1. Store at ambient. Shelf life 97 days. Allergens: none.
N201166,Supplier sheet: Valley paper towel 1 L pack of 6. Store at ambient. Shelf life 141 days. Allergens: none.
N201090,Supplier sheet: Harvest banana bunch 6 pk pack of 4. Store at chilled. Shelf life 9 days. Allergens: none.
N202334,Supplier sheet: Northfield paper towel 750 g pack of 12. Store at ambient. Shelf life 100 days. Allergens: none.
N202569,Supplier sheet: Harvest seeded bagel 1 kg pack of 6. Store at ambient. Shelf life 76 days. Allergens: gluten;egg.
N201863,Supplier sheet: Meadow toothpaste mint 250 ml pack of 2. Store at ambient. Shelf life 141 days. Allergens: none.
N202718,Supplier sheet: Northfield glass cleaner 250 ml pack of 1. Store at ambient. Shelf life 41 days. Allergens: none.
N202300,Supplier sheet: Meadow sparkling water 250 ml pack of 6. Store at ambient. Shelf life 31 days. Allergens: none.
N200518,Supplier sheet: Bluebell paper towel 750 g pack of 12. Store at ambient. Shelf life 19 days. Allergens: none.
N202680,Supplier sheet: Meadow cheddar cheese 1 L pack of 4. Store at chilled. Shelf life 75 days. Allergens: milk.
N202433,Supplier sheet: Orchard blueberry muffin 6 pk pack of 2. Store at ambient. Shelf life 89 days. Allergens: gluten;egg.
N201338,Supplier sheet: Valley cherry tomato 750 g pack of 12. Store at chilled. Shelf life 165 days. Allergens: none.
N200280,Supplier sheet: Meadow double cream 1 kg pack of 12. Store at chilled. Shelf life 85 days. Allergens: milk.
N202512,Supplier sheet: Harvest greek yogurt 330 ml pack of 6. Store at chilled. Shelf life 33 days. Allergens: milk.
N200210,Supplier sheet: Meadow cherry tomato 250 ml pack of 2. Store at chilled. Shelf life 126 days. Allergens: none.
N201675,Supplier sheet: Orchard vanilla icecream 2 L pack of 12. Store at -18C. Shelf life 13 days. Allergens: gluten;fish.
N200404,Supplier sheet: Orchard orange juice 6 pk pack of 6. Store at ambient. Shelf life 64 days. Allergens: none.
N200306,Supplier sheet: Meadow cherry tomato 1 L pack of 4. Store at chilled. Shelf life 118 days. Allergens: none.
N200630,Supplier sheet: Northfield laundry pods 1 L pack of 6. Store at ambient. Shelf life 47 days. Allergens: none.
N200337,Supplier sheet: Harvest blueberry muffin 750 g pack of 12. Store at ambient. Shelf life 108 days. Allergens: gluten;egg.
N201131,Supplier sheet: Northfield garden peas 250 ml pack of 2. Store at -18C. Shelf life 83 days. Allergens: gluten;fish.
N202557,Supplier sheet: Northfield dark chocolate 1 L pack of 1. Store at ambient. Shelf life 171 days. Allergens: nuts;milk.
N201860,Supplier sheet: Bluebell oat drink 500 g pack of 1. Store at ambient. Shelf life 53 days. Allergens: none.
N202990,Supplier sheet: Orchard glass cleaner 500 g pack of 2. Store at ambient. Shelf life 163 days. Allergens: none.
N200703,Supplier sheet: Meadow hand soap 2 L pack of 2. Store at ambient. Shelf life 113 days. Allergens: none.
N202092,Supplier sheet: Valley sparkling water 6 pk pack of 12. Store at ambient. Shelf life 135 days. Allergens: none.
N200301,Supplier sheet: Northfield dark chocolate 1 L pack of 2. Store at ambient. Shelf life 32 days. Allergens: nuts;milk.
N200991,Supplier sheet: Harvest body lotion 6 pk pack of 12. Store at ambient. Shelf life 6 days. Allergens: none.
N202896,Supplier sheet: Harvest salted butter 250 ml pack of 6. Store at chilled. Shelf life 132 days. Allergens: milk.
N200637,Supplier sheet: Orchard salted crisps 1 L pack of 4. Store at ambient. Shelf life 88 days. Allergens: nuts;milk.
N200918,Supplier sheet: Meadow laundry pods 2 L pack of 1. Store at ambient. Shelf life 57 days. Allergens: none.
N200160,Supplier sheet: Northfield whole milk 1 L pack of 2. Store at chilled. Shelf life 161 days. Allergens: milk.
N202007,Supplier sheet: Northfield toothpaste mint 330 ml pack of 2. Store at ambient. Shelf life 60 days. Allergens: none.
N200252,Supplier sheet: Orchard cola zero 330 ml pack of 4. Store at ambient. Shelf life 79 days. Allergens: none.
N200592,Supplier sheet: Northfield greek yogurt 250 ml pack of 12. Store at chilled. Shelf life 131 days. Allergens: milk.
N201429,Supplier sheet: Orchard dark chocolate 750 g pack of 6. Store at ambient. Shelf life 173 days. Allergens: nuts;milk.
N200385,Supplier sheet: Valley sourdough loaf 250 ml pack of 1. Store at ambient. Shelf life 162 days. Allergens: gluten;egg.
N200968,Supplier sheet: Orchard cheddar cheese 1 kg pack of 2. Store at chilled. Shelf life 118 days. Allergens: milk.
N202733,Supplier sheet: Orchard trail mix 1 kg pack of 6. Store at ambient. Shelf life 22 days. Allergens: nuts;milk.
N202784,Supplier sheet: Bluebell double cream 500 g pack of 6. Store at chilled. Shelf life 22 days. Allergens: milk.
N201021,Supplier sheet: Valley dark chocolate 1 L pack of 4. Store at ambient. Shelf life 125 days. Allergens: nuts;milk.
N200531,Supplier sheet: Harvest vanilla icecream 1 L pack of 6. Store at -18C. Shelf life 93 days. Allergens: gluten;fish.
N202351,Supplier sheet: Meadow hand soap 2 L pack of 1. Store at ambient. Shelf life 26 days. Allergens: none.
N202565,Supplier sheet: Meadow rice cakes 2 L pack of 2. Store at ambient. Shelf life 126 days. Allergens: nuts;milk.
N202276,Supplier sheet: Bluebell cold brew 330 ml pack of 12. Store at ambient. Shelf life 169 days. Allergens: none.
N200739N,Supplier sheet: VALLEY FISH FINGERS 1 KG PACK OF 2  . Store at -18C. Shelf life 14 days. Allergens: gluten;fish.
N201804,Supplier sheet: Northfield oat drink 500 g pack of 4. Store at ambient. Shelf life 149 days. Allergens: none.
N202874,Supplier sheet: Valley avocado ripe 750 g pack of 12. Store at chilled. Shelf life 64 days. Allergens: none.
N201081,Supplier sheet: Harvest wholemeal bread 330 ml pack of 6. Store at ambient. Shelf life 73 days. Allergens: gluten;egg.
N202644,Supplier sheet: Harvest cola zero 1 kg pack of 2. Store at ambient. Shelf life 129 days. Allergens: none.
N202986,Supplier sheet: Bluebell avocado ripe 1 L pack of 6. Store at chilled. Shelf life 46 days. Allergens: none.
N202135,Supplier sheet: Valley razor blades 250 ml pack of 2. Store at ambient. Shelf life 30 days. Allergens: none.
N202677,Supplier sheet: Bluebell dark chocolate 6 pk pack of 12. Store at ambient. Shelf life 173 days. Allergens: nuts;milk.
N201914,Supplier sheet: Orchard baby spinach 6 pk pack of 2. Store at chilled. Shelf life 64 days. Allergens: none.
N202066,Supplier sheet: Northfield banana bunch 750 g pack of 1. Store at chilled. Shelf life 33 days. Allergens: none.
N201387,Supplier sheet: Northfield garden peas 6 pk pack of 4. Store at -18C. Shelf life 125 days. Allergens: gluten;fish. Rep contact rep12@example-supplier.test
N201726,Supplier sheet: Bluebell dish soap 750 g pack of 6. Store at ambient. Shelf life 41 days. Allergens: none.
N201133,Supplier sheet: Northfield trail mix 250 ml pack of 6. Store at ambient. Shelf life 140 days. Allergens: nuts;milk.
N202128,Supplier sheet: Orchard cheddar cheese 1 L pack of 4. Store at chilled. Shelf life 15 days. Allergens: milk.
N202932,Supplier sheet: Northfield orange juice 500 g pack of 2. Store at ambient. Shelf life 94 days. Allergens: none.
N202919,Supplier sheet: Bluebell hand soap 500 g pack of 2. Store at ambient. Shelf life 74 days. Allergens: none.
N202113,Supplier sheet: Meadow butter croissant 250 ml pack of 6. Store at ambient. Shelf life 172 days. Allergens: gluten;egg.
N201490,Supplier sheet: Orchard baby spinach 1 kg pack of 2. Store at chilled. Shelf life 95 days. Allergens: none.
N202390,Supplier sheet: Meadow glass cleaner 750 g pack of 1. Store at ambient. Shelf life 166 days. Allergens: none.
N202203,Supplier sheet: Valley fish fingers 750 g pack of 6. Store at -18C. Shelf life 46 days. Allergens: gluten;fish.
N201891,Supplier sheet: Harvest garden peas 1 L pack of 4. Store at -18C. Shelf life 86 days. Allergens: gluten;fish.
N202688,Supplier sheet: Valley salted butter 6 pk pack of 6. Store at chilled. Shelf life 147 days. Allergens: milk.
N202752,Supplier sheet: Bluebell greek yogurt 2 L pack of 2. Store at chilled. Shelf life 31 days. Allergens: milk.
N202222,Supplier sheet: Valley glass cleaner 2 L pack of 2. Store at ambient. Shelf life 167 days. Allergens: none.
N202742,Supplier sheet: Bluebell paper towel 2 L pack of 6. Store at ambient. Shelf life 139 days. Allergens: none.
N200694,Supplier sheet: Harvest bin liners 500 g pack of 12. Store at ambient. Shelf life 122 days. Allergens: none.
N202891,Supplier sheet: Valley margherita pizza 1 L pack of 1. Store at -18C. Shelf life 46 days. Allergens: gluten;fish.
N201455,Supplier sheet: Valley hand soap 1 L pack of 1. Store at ambient. Shelf life 147 days. Allergens: none.
N201761,Supplier sheet: Orchard wholemeal bread 6 pk pack of 12. Store at ambient. Shelf life 152 days. Allergens: gluten;egg.
N202883,Supplier sheet: Bluebell vanilla icecream 500 g pack of 1. Store at -18C. Shelf life 54 days. Allergens: gluten;fish.
N201466N,Supplier sheet: MEADOW GALA APPLE 2 L PACK OF 2  . Store at chilled. Shelf life 106 days. Allergens: none.
N202177,Supplier sheet: Meadow butter croissant 1 L pack of 2. Store at ambient. Shelf life 13 days. Allergens: gluten;egg.
N200314,Supplier sheet: Orchard gala apple 1 L pack of 1. Store at chilled. Shelf life 72 days. Allergens: none.
N202254,Supplier sheet: Valley bin liners 500 g pack of 4. Store at ambient. Shelf life 29 days. Allergens: none.
N201532,Supplier sheet: Meadow orange juice 750 g pack of 12. Store at ambient. Shelf life 101 days. Allergens: none.
N201550,Supplier sheet: Northfield bin liners 6 pk pack of 12. Store at ambient. Shelf life 100 days. Allergens: none.
N200090,Supplier sheet: Bluebell banana bunch 250 ml pack of 2. Store at chilled. Shelf life 97 days. Allergens: none.
N201277,Supplier sheet: Harvest salted crisps 6 pk pack of 12. Store at ambient. Shelf life 122 days. Allergens: nuts;milk.
N200666,Supplier sheet: Northfield banana bunch 1 L pack of 12. Store at chilled. Shelf life 166 days. Allergens: none.
N201758,Supplier sheet: Meadow paper towel 750 g pack of 4. Store at ambient. Shelf life 37 days. Allergens: none.
N202220,Supplier sheet: Valley orange juice 1 kg pack of 1. Store at ambient. Shelf life 40 days. Allergens: none.
N202458,Supplier sheet: Valley avocado ripe 250 ml pack of 6. Store at chilled. Shelf life 41 days. Allergens: none.
N200376,Supplier sheet: Meadow cheddar cheese 500 g pack of 1. Store at chilled. Shelf life 167 days. Allergens: milk.
N200952,Supplier sheet: Bluebell whole milk 500 g pack of 2. Store at chilled. Shelf life 19 days. Allergens: milk.
N201226,Supplier sheet: Harvest gala apple 1 kg pack of 1. Store at chilled. Shelf life 8 days. Allergens: none.
N201909,Supplier sheet: Meadow trail mix 330 ml pack of 1. Store at ambient. Shelf life 31 days. Allergens: nuts;milk.
N200913,Supplier sheet: Valley wholemeal bread 330 ml pack of 4. Store at ambient. Shelf life 139 days. Allergens: gluten;egg.
N202535,Supplier sheet: Northfield shampoo daily 750 g pack of 2. Store at ambient. Shelf life 105 days. Allergens: none. Rep contact rep2@example-supplier.test
N201022,Supplier sheet: Valley paper towel 2 L pack of 6. Store at ambient. Shelf life 165 days. Allergens: none.
N200315,Supplier sheet: Bluebell garden peas 750 g pack of 2. Store at -18C. Shelf life 39 days. Allergens: gluten;fish. Rep contact rep10@example-supplier.test
N201600,Supplier sheet: Meadow cheddar cheese 250 ml pack of 1. Store at chilled. Shelf life 72 days. Allergens: milk.
N202870,Supplier sheet: Bluebell laundry pods 2 L pack of 6. Store at ambient. Shelf life 101 days. Allergens: none.
N201787,Supplier sheet: Meadow margherita pizza 6 pk pack of 12. Store at -18C. Shelf life 15 days. Allergens: gluten;fish.
N200492,Supplier sheet: Meadow oat drink 1 L pack of 4. Store at ambient. Shelf life 165 days. Allergens: none.
N201932,Supplier sheet: Orchard cola zero 6 pk pack of 6. Store at ambient. Shelf life 145 days. Allergens: none.
N201650,Supplier sheet: Valley gala apple 2 L pack of 6. Store at chilled. Shelf life 28 days. Allergens: none.
N202022,Supplier sheet: Valley glass cleaner 250 ml pack of 1. Store at ambient. Shelf life 152 days. Allergens: none.
N200331,Supplier sheet: Valley mixed berries 750 g pack of 1. Store at -18C. Shelf life 82 days. Allergens: gluten;fish.
N200137,Supplier sheet: Valley sourdough loaf 250 ml pack of 12. Store at ambient. Shelf life 62 days. Allergens: gluten;egg.
N200898,Supplier sheet: Northfield gala apple 1 L pack of 12. Store at chilled. Shelf life 170 days. Allergens: none.
N202136,Supplier sheet: Northfield cheddar cheese 250 ml pack of 2. Store at chilled. Shelf life 94 days. Allergens: milk.
N201307,Supplier sheet: Meadow mixed berries 1 kg pack of 2. Store at -18C. Shelf life 43 days. Allergens: gluten;fish.
N201056,Supplier sheet: Harvest greek yogurt 330 ml pack of 1. Store at chilled. Shelf life 146 days. Allergens: milk.
N201016,Supplier sheet: Meadow cheddar cheese 330 ml pack of 12. Store at chilled. Shelf life 129 days. Allergens: milk.
N201673,Supplier sheet: Bluebell seeded bagel 330 ml pack of 6. Store at ambient. Shelf life 36 days. Allergens: gluten;egg. Rep contact rep16@example-supplier.test
N201170,Supplier sheet: Harvest banana bunch 1 kg pack of 4. Store at chilled. Shelf life 122 days. Allergens: none.
N202174,Supplier sheet: Bluebell glass cleaner 250 ml pack of 6. Store at ambient. Shelf life 114 days. Allergens: none.
N201754,Supplier sheet: Northfield baby spinach 2 L pack of 1. Store at chilled. Shelf life 51 days. Allergens: none.
N201483,Supplier sheet: Orchard fish fingers 2 L pack of 6. Store at -18C. Shelf life 79 days. Allergens: gluten;fish.
N201252,Supplier sheet: Harvest sparkling water 1 kg pack of 4. Store at ambient. Shelf life 151 days. Allergens: none.
N202163,Supplier sheet: Orchard garden peas 6 pk pack of 6. Store at -18C. Shelf life 33 days. Allergens: gluten;fish.
N200862,Supplier sheet: Harvest dish soap 330 ml pack of 2. Store at ambient. Shelf life 130 days. Allergens: none.
N201674,Supplier sheet: Meadow banana bunch 250 ml pack of 6. Store at chilled. Shelf life 150 days. Allergens: none.
N202444,Supplier sheet: Harvest oat drink 750 g pack of 1. Store at ambient. Shelf life 168 days. Allergens: none.
N200247,Supplier sheet: Northfield body lotion 6 pk pack of 6. Store at ambient. Shelf life 60 days. Allergens: none.
N201983,Supplier sheet: Bluebell razor blades 250 ml pack of 4. Store at ambient. Shelf life 50 days. Allergens: none.
N202516,Supplier sheet: Bluebell orange juice 500 g pack of 6. Store at ambient. Shelf life 168 days. Allergens: none.
N200222,Supplier sheet: Valley dish soap 6 pk pack of 6. Store at ambient. Shelf life 84 days. Allergens: none.
N200807,Supplier sheet: Meadow razor blades 2 L pack of 1. Store at ambient. Shelf life 103 days. Allergens: none.
N201167,Supplier sheet: Orchard razor blades 6 pk pack of 2. Store at ambient. Shelf life 93 days. Allergens: none.
N201973,Supplier sheet: Bluebell dark chocolate 2 L pack of 12. Store at ambient. Shelf life 94 days. Allergens: nuts;milk.
N200547,Supplier sheet: Northfield mixed berries 1 kg pack of 12. Store at -18C. Shelf life 113 days. Allergens: gluten;fish.
N201125,Supplier sheet: Orchard trail mix 250 ml pack of 6. Store at ambient. Shelf life 77 days. Allergens: nuts;milk.
N200765,Supplier sheet: Bluebell rice cakes 2 L pack of 1. Store at ambient. Shelf life 72 days. Allergens: nuts;milk.
N200229,Supplier sheet: Harvest salted crisps 6 pk pack of 1. Store at ambient. Shelf life 73 days. Allergens: nuts;milk.
N201471,Supplier sheet: Meadow body lotion 1 L pack of 1. Store at ambient. Shelf life 119 days. Allergens: none.
N202326,Supplier sheet: Harvest paper towel 1 L pack of 2. Store at ambient. Shelf life 147 days. Allergens: none.
N200182,Supplier sheet: Bluebell bin liners 2 L pack of 6. Store at ambient. Shelf life 101 days. Allergens: none.
N201017,Supplier sheet: Orchard butter croissant 2 L pack of 6. Store at ambient. Shelf life 122 days. Allergens: gluten;egg.
N202879,Supplier sheet: Orchard hand soap 1 kg pack of 1. Store at ambient. Shelf life 76 days. Allergens: none.
N202758,Supplier sheet: Orchard bin liners 500 g pack of 12. Store at ambient. Shelf life 139 days. Allergens: none.
N200504,Supplier sheet: Harvest whole milk 250 ml pack of 1. Store at chilled. Shelf life 72 days. Allergens: milk.
N202380,Supplier sheet: Harvest orange juice 500 g pack of 6. Store at ambient. Shelf life 77 days. Allergens: none.
N202585,Supplier sheet: Valley butter croissant 6 pk pack of 6. Store at ambient. Shelf life 12 days. Allergens: gluten;egg.
N201171,Supplier sheet: Bluebell margherita pizza 6 pk pack of 4. Store at -18C. Shelf life 49 days. Allergens: gluten;fish.
N201878,Supplier sheet: Harvest bin liners 1 L pack of 4. Store at ambient. Shelf life 133 days. Allergens: none.
N200356,Supplier sheet: Meadow oat drink 250 ml pack of 2. Store at ambient. Shelf life 18 days. Allergens: none.
N201568,Supplier sheet: Orchard cheddar cheese 2 L pack of 6. Store at chilled. Shelf life 42 days. Allergens: milk.
N202275,Supplier sheet: Bluebell mixed berries 2 L pack of 4. Store at -18C. Shelf life 140 days. Allergens: gluten;fish.
N202949,Supplier sheet: Orchard tortilla chips 1 kg pack of 12. Store at ambient. Shelf life 157 days. Allergens: nuts;milk.
N202748,Supplier sheet: Northfield cold brew 6 pk pack of 6. Store at ambient. Shelf life 76 days. Allergens: none.
N202330,Supplier sheet: Harvest avocado ripe 1 L pack of 12. Store at chilled. Shelf life 75 days. Allergens: none.
N201287,Supplier sheet: Northfield hand soap 250 ml pack of 6. Store at ambient. Shelf life 93 days. Allergens: none.
N201100,Supplier sheet: Orchard cold brew 330 ml pack of 2. Store at ambient. Shelf life 139 days. Allergens: none.
N201359,Supplier sheet: Valley body lotion 6 pk pack of 4. Store at ambient. Shelf life 86 days. Allergens: none.
N200430,Supplier sheet: Valley laundry pods 500 g pack of 6. Store at ambient. Shelf life 33 days. Allergens: none.
N202900,Supplier sheet: Northfield cold brew 750 g pack of 12. Store at ambient. Shelf life 79 days. Allergens: none.
N200681,Supplier sheet: Northfield sourdough loaf 500 g pack of 2. Store at ambient. Shelf life 48 days. Allergens: gluten;egg.
N202936,Supplier sheet: Northfield salted butter 1 kg pack of 4. Store at chilled. Shelf life 124 days. Allergens: milk.
N200328,Supplier sheet: Harvest cheddar cheese 1 kg pack of 12. Store at chilled. Shelf life 28 days. Allergens: milk.
N200835,Supplier sheet: Northfield garden peas 2 L pack of 6. Store at -18C. Shelf life 110 days. Allergens: gluten;fish.
N200224,Supplier sheet: Meadow double cream 500 g pack of 2. Store at chilled. Shelf life 25 days. Allergens: milk.
N202551,Supplier sheet: Valley body lotion 1 L pack of 12. Store at ambient. Shelf life 175 days. Allergens: none.
N200448,Supplier sheet: Orchard cheddar cheese 250 ml pack of 4. Store at chilled. Shelf life 116 days. Allergens: milk.
N202303,Supplier sheet: Orchard shampoo daily 1 kg pack of 1. Store at ambient. Shelf life 27 days. Allergens: none.
N201524,Supplier sheet: Valley sparkling water 1 L pack of 6. Store at ambient. Shelf life 172 days. Allergens: none.
N202194,Supplier sheet: Orchard avocado ripe 250 ml pack of 12. Store at chilled. Shelf life 104 days. Allergens: none.
N201883,Supplier sheet: Harvest vanilla icecream 2 L pack of 4. Store at -18C. Shelf life 110 days. Allergens: gluten;fish.
N202395,Supplier sheet: Northfield mixed berries 1 L pack of 4. Store at -18C. Shelf life 14 days. Allergens: gluten;fish.
N202520,Supplier sheet: Northfield greek yogurt 500 g pack of 4. Store at chilled. Shelf life 36 days. Allergens: milk.
N202096,Supplier sheet: Harvest salted butter 6 pk pack of 4. Store at chilled. Shelf life 146 days. Allergens: milk.
N202349,Supplier sheet: Bluebell dark chocolate 1 L pack of 1. Store at ambient. Shelf life 85 days. Allergens: nuts;milk.
N200707,Supplier sheet: Valley fish fingers 500 g pack of 6. Store at -18C. Shelf life 112 days. Allergens: gluten;fish.
N201246,Supplier sheet: Bluebell laundry pods 6 pk pack of 6. Store at ambient. Shelf life 177 days. Allergens: none.
N201521,Supplier sheet: Northfield wholemeal bread 1 kg pack of 4. Store at ambient. Shelf life 78 days. Allergens: gluten;egg.
N201263,Supplier sheet: Harvest body lotion 1 kg pack of 4. Store at ambient. Shelf life 70 days. Allergens: none.
N200352,Supplier sheet: Valley whole milk 1 L pack of 6. Store at chilled. Shelf life 144 days. Allergens: milk. Call +1-555-0119-1019
N200654,Supplier sheet: Harvest paper towel 1 kg pack of 12. Store at ambient. Shelf life 14 days. Allergens: none.
N202979,Supplier sheet: Northfield vanilla icecream 750 g pack of 4. Store at -18C. Shelf life 83 days. Allergens: gluten;fish.
N202985,Supplier sheet: Northfield wholemeal bread 500 g pack of 12. Store at ambient. Shelf life 154 days. Allergens: gluten;egg.
N202716,Supplier sheet: Valley cold brew 2 L pack of 1. Store at ambient. Shelf life 43 days. Allergens: none.
N200036,Supplier sheet: Harvest sparkling water 2 L pack of 1. Store at ambient. Shelf life 56 days. Allergens: none.
N200664,Supplier sheet: Harvest greek yogurt 250 ml pack of 12. Store at chilled. Shelf life 86 days. Allergens: milk.
N200078,Supplier sheet: Valley laundry pods 330 ml pack of 6. Store at ambient. Shelf life 16 days. Allergens: none.
N200997,Supplier sheet: Valley dark chocolate 330 ml pack of 12. Store at ambient. Shelf life 15 days. Allergens: nuts;milk.
N200772,Supplier sheet: Northfield sparkling water 2 L pack of 12. Store at ambient. Shelf life 47 days. Allergens: none.
N200759,Supplier sheet: Valley hand soap 330 ml pack of 4. Store at ambient. Shelf life 161 days. Allergens: none.
N201199,Supplier sheet: Northfield shampoo daily 6 pk pack of 6. Store at ambient. Shelf life 42 days. Allergens: none.
N201225,Supplier sheet: Harvest butter croissant 6 pk pack of 12. Store at ambient. Shelf life 132 days. Allergens: gluten;egg.
N201844,Supplier sheet: Harvest oat drink 6 pk pack of 6. Store at ambient. Shelf life 78 days. Allergens: none.
N202304,Supplier sheet: Valley double cream 1 L pack of 1. Store at chilled. Shelf life 137 days. Allergens: milk.
N200993,Supplier sheet: Valley seeded bagel 750 g pack of 4. Store at ambient. Shelf life 61 days. Allergens: gluten;egg. Call +1-555-0127-1027
N201776,Supplier sheet: Orchard cheddar cheese 1 L pack of 6. Store at chilled. Shelf life 157 days. Allergens: milk.
N201815,Supplier sheet: Bluebell toothpaste mint 250 ml pack of 6. Store at ambient. Shelf life 68 days. Allergens: none.
N201951,Supplier sheet: Orchard shampoo daily 2 L pack of 6. Store at ambient. Shelf life 143 days. Allergens: none.
N200880,Supplier sheet: Harvest greek yogurt 1 kg pack of 1. Store at chilled. Shelf life 150 days. Allergens: milk.
N202234,Supplier sheet: Bluebell baby spinach 2 L pack of 6. Store at chilled. Shelf life 79 days. Allergens: none.
N200534,Supplier sheet: Bluebell glass cleaner 1 kg pack of 2. Store at ambient. Shelf life 121 days. Allergens: none.
N201786,Supplier sheet: Harvest banana bunch 250 ml pack of 4. Store at chilled. Shelf life 23 days. Allergens: none.
N202159,Supplier sheet: Harvest hand soap 1 L pack of 6. Store at ambient. Shelf life 90 days. Allergens: none.
N200965,Supplier sheet: Meadow trail mix 250 ml pack of 2. Store at ambient. Shelf life 69 days. Allergens: nuts;milk.
N202719,Supplier sheet: Meadow hand soap 1 L pack of 2. Store at ambient. Shelf life 171 days. Allergens: none.
N202385,Supplier sheet: Northfield sourdough loaf 500 g pack of 1. Store at ambient. Shelf life 168 days. Allergens: gluten;egg.
N201485,Supplier sheet: Valley rice cakes 750 g pack of 2. Store at ambient. Shelf life 141 days. Allergens: nuts;milk.
N200663,Supplier sheet: Northfield razor blades 500 g pack of 1. Store at ambient. Shelf life 170 days. Allergens: none.
N200674,Supplier sheet: Valley gala apple 330 ml pack of 12. Store at chilled. Shelf life 175 days. Allergens: none.
N201947,Supplier sheet: Orchard fish fingers 1 kg pack of 6. Store at -18C. Shelf life 138 days. Allergens: gluten;fish.
N202595,Supplier sheet: Northfield mixed berries 1 kg pack of 12. Store at -18C. Shelf life 108 days. Allergens: gluten;fish.
N200262,Supplier sheet: Valley dish soap 6 pk pack of 2. Store at ambient. Shelf life 39 days. Allergens: none.
N200631N,Supplier sheet: NORTHFIELD BODY LOTION 500 G PACK OF 6  . Store at ambient. Shelf life 147 days. Allergens: none.
N202779,Supplier sheet: Harvest fish fingers 1 L pack of 2. Store at -18C. Shelf life 37 days. Allergens: gluten;fish.
N200675,Supplier sheet: Valley garden peas 6 pk pack of 1. Store at -18C. Shelf life 35 days. Allergens: gluten;fish.
N200248,Supplier sheet: Orchard whole milk 500 g pack of 2. Store at chilled. Shelf life 158 days. Allergens: milk.
N200382,Supplier sheet: Meadow laundry pods 6 pk pack of 12. Store at ambient. Shelf life 23 days. Allergens: none.
N201180,Supplier sheet: Orchard oat drink 750 g pack of 6. Store at ambient. Shelf life 28 days. Allergens: none.
N202019,Supplier sheet: Bluebell margherita pizza 6 pk pack of 2. Store at -18C. Shelf life 93 days. Allergens: gluten;fish.
N201581,Supplier sheet: Valley trail mix 750 g pack of 2. Store at ambient. Shelf life 106 days. Allergens: nuts;milk.
N202633,Supplier sheet: Bluebell seeded bagel 6 pk pack of 12. Store at ambient. Shelf life 11 days. Allergens: gluten;egg.
N201405,Supplier sheet: Bluebell trail mix 6 pk pack of 1. Store at ambient. Shelf life 69 days. Allergens: nuts;milk.
N201467,Supplier sheet: Meadow mixed berries 330 ml pack of 4. Store at -18C. Shelf life 42 days. Allergens: gluten;fish.
N201862,Supplier sheet: Meadow bin liners 750 g pack of 2. Store at ambient. Shelf life 56 days. Allergens: none.
N202232,Supplier sheet: Bluebell salted butter 330 ml pack of 2. Store at chilled. Shelf life 35 days. Allergens: milk.
N201172,Supplier sheet: Valley cold brew 250 ml pack of 2. Store at ambient. Shelf life 122 days. Allergens: none.
N202398,Supplier sheet: Northfield bin liners 250 ml pack of 1. Store at ambient. Shelf life 86 days. Allergens: none.
N202847,Supplier sheet: Northfield hand soap 500 g pack of 1. Store at ambient. Shelf life 172 days. Allergens: none.
N201236,Supplier sheet: Harvest orange juice 500 g pack of 6. Store at ambient. Shelf life 4 days. Allergens: none.
N200379,Supplier sheet: Valley mixed berries 330 ml pack of 1. Store at -18C. Shelf life 140 days. Allergens: gluten;fish.
N200031,Supplier sheet: Northfield hand soap 6 pk pack of 1. Store at ambient. Shelf life 164 days. Allergens: none.
N200049,Supplier sheet: Orchard seeded bagel 1 L pack of 12. Store at ambient. Shelf life 89 days. Allergens: gluten;egg.
N201278,Supplier sheet: Northfield dish soap 6 pk pack of 4. Store at ambient. Shelf life 126 days. Allergens: none.
N202765,Supplier sheet: Bluebell trail mix 250 ml pack of 1. Store at ambient. Shelf life 81 days. Allergens: nuts;milk.
N202457,Supplier sheet: Valley seeded bagel 330 ml pack of 6. Store at ambient. Shelf life 108 days. Allergens: gluten;egg.
N202379,Supplier sheet: Bluebell garden peas 330 ml pack of 6. Store at -18C. Shelf life 163 days. Allergens: gluten;fish.
N200922,Supplier sheet: Valley gala apple 1 L pack of 6. Store at chilled. Shelf life 96 days. Allergens: none.
N202819,Supplier sheet: Northfield fish fingers 750 g pack of 2. Store at -18C. Shelf life 105 days. Allergens: gluten;fish.
N202036,Supplier sheet: Meadow sparkling water 750 g pack of 4. Store at ambient. Shelf life 177 days. Allergens: none.
N200828,Supplier sheet: Meadow oat drink 330 ml pack of 4. Store at ambient. Shelf life 90 days. Allergens: none.
N200065,Supplier sheet: Orchard sourdough loaf 2 L pack of 12. Store at ambient. Shelf life 33 days. Allergens: gluten;egg.
N200175,Supplier sheet: Meadow shampoo daily 6 pk pack of 1. Store at ambient. Shelf life 123 days. Allergens: none.
N202625,Supplier sheet: Orchard wholemeal bread 750 g pack of 4. Store at ambient. Shelf life 125 days. Allergens: gluten;egg.
N202417,Supplier sheet: Orchard sourdough loaf 6 pk pack of 4. Store at ambient. Shelf life 44 days. Allergens: gluten;egg.
N201617,Supplier sheet: Bluebell blueberry muffin 250 ml pack of 4. Store at ambient. Shelf life 131 days. Allergens: gluten;egg. Rep contact rep22@example-supplier.test
N202572,Supplier sheet: Northfield cold brew 250 ml pack of 1. Store at ambient. Shelf life 14 days. Allergens: none.
N200186,Supplier sheet: Bluebell avocado ripe 330 ml pack of 6. Store at chilled. Shelf life 59 days. Allergens: none.
N202982,Supplier sheet: Harvest glass cleaner 330 ml pack of 12. Store at ambient. Shelf life 154 days. Allergens: none.
N201304,Supplier sheet: Northfield whole milk 330 ml pack of 6. Store at chilled. Shelf life 112 days. Allergens: milk.
N201222,Supplier sheet: Meadow glass cleaner 6 pk pack of 2. Store at ambient. Shelf life 110 days. Allergens: none.
N202374,Supplier sheet: Northfield glass cleaner 750 g pack of 12. Store at ambient. Shelf life 112 days. Allergens: none.
N202484,Supplier sheet: Northfield oat drink 330 ml pack of 4. Store at ambient. Shelf life 32 days. Allergens: none.
N201925,Supplier sheet: Orchard dark chocolate 750 g pack of 2. Store at ambient. Shelf life 173 days. Allergens: nuts;milk.
N201442,Supplier sheet: Bluebell avocado ripe 6 pk pack of 1. Store at chilled. Shelf life 55 days. Allergens: none.
N201671,Supplier sheet: Northfield razor blades 750 g pack of 6. Store at ambient. Shelf life 142 days. Allergens: none.
N200354,Supplier sheet: Northfield gala apple 2 L pack of 12. Store at chilled. Shelf life 178 days. Allergens: none.
N202340,Supplier sheet: Harvest oat drink 6 pk pack of 12. Store at ambient. Shelf life 45 days. Allergens: none.
N200172,Supplier sheet: Orchard cola zero 330 ml pack of 6. Store at ambient. Shelf life 115 days. Allergens: none.
N200268,Supplier sheet: Harvest cola zero 2 L pack of 1. Store at ambient. Shelf life 10 days. Allergens: none.
N200289,Supplier sheet: Orchard sourdough loaf 250 ml pack of 6. Store at ambient. Shelf life 115 days. Allergens: gluten;egg.
N201209,Supplier sheet: Northfield butter croissant 2 L pack of 2. Store at ambient. Shelf life 81 days. Allergens: gluten;egg.
N201887,Supplier sheet: Bluebell shampoo daily 500 g pack of 6. Store at ambient. Shelf life 15 days. Allergens: none.
N201639,Supplier sheet: Orchard razor blades 2 L pack of 1. Store at ambient. Shelf life 121 days. Allergens: none.
N201560,Supplier sheet: Orchard salted butter 2 L pack of 1. Store at chilled. Shelf life 174 days. Allergens: milk.
N201806,Supplier sheet: Harvest paper towel 2 L pack of 12. Store at ambient. Shelf life 17 days. Allergens: none.
N200722,Supplier sheet: Northfield avocado ripe 6 pk pack of 12. Store at chilled. Shelf life 161 days. Allergens: none.
N200953,Supplier sheet: Valley wholemeal bread 330 ml pack of 4. Store at ambient. Shelf life 152 days. Allergens: gluten;egg.
N200221,Supplier sheet: Meadow trail mix 500 g pack of 2. Store at ambient. Shelf life 99 days. Allergens: nuts;milk.
N201279,Supplier sheet: Orchard razor blades 1 kg pack of 6. Store at ambient. Shelf life 162 days. Allergens: none.
N201690,Supplier sheet: Orchard baby spinach 2 L pack of 6. Store at chilled. Shelf life 57 days. Allergens: none.
N202937,Supplier sheet: Meadow blueberry muffin 2 L pack of 2. Store at ambient. Shelf life 130 days. Allergens: gluten;egg.
N202667,Supplier sheet: Orchard garden peas 750 g pack of 4. Store at -18C. Shelf life 126 days. Allergens: gluten;fish.
N200072,Supplier sheet: Harvest cheddar cheese 330 ml pack of 2. Store at chilled. Shelf life 105 days. Allergens: milk.
N202127,Supplier sheet: Northfield body lotion 2 L pack of 6. Store at ambient. Shelf life 150 days. Allergens: none.
N200449,Supplier sheet: Orchard blueberry muffin 330 ml pack of 6. Store at ambient. Shelf life 158 days. Allergens: gluten;egg. Rep contact rep28@example-supplier.test
N200067,Supplier sheet: Meadow vanilla icecream 750 g pack of 4. Store at -18C. Shelf life 142 days. Allergens: gluten;fish.
N200213,Supplier sheet: Valley salted crisps 1 L pack of 4. Store at ambient. Shelf life 107 days. Allergens: nuts;milk.
N200115,Supplier sheet: Bluebell margherita pizza 500 g pack of 2. Store at -18C. Shelf life 175 days. Allergens: gluten;fish.
N202530,Supplier sheet: Orchard gala apple 1 L pack of 12. Store at chilled. Shelf life 101 days. Allergens: none.
N200590,Supplier sheet: Northfield glass cleaner 2 L pack of 4. Store at ambient. Shelf life 115 days. Allergens: none.
N202293,Supplier sheet: Valley rice cakes 250 ml pack of 12. Store at ambient. Shelf life 36 days. Allergens: nuts;milk.
N201286,Supplier sheet: Bluebell laundry pods 750 g pack of 6. Store at ambient. Shelf life 59 days. Allergens: none.
N200398,Supplier sheet: Harvest dish soap 500 g pack of 12. Store at ambient. Shelf life 163 days. Allergens: none.
N201396,Supplier sheet: Bluebell orange juice 500 g pack of 6. Store at ambient. Shelf life 91 days. Allergens: none.
N200111,Supplier sheet: Northfield toothpaste mint 750 g pack of 12. Store at ambient. Shelf life 93 days. Allergens: none.
N201413,Supplier sheet: Bluebell salted crisps 330 ml pack of 4. Store at ambient. Shelf life 147 days. Allergens: nuts;milk.
N201392,Supplier sheet: Orchard salted butter 1 kg pack of 4. Store at chilled. Shelf life 60 days. Allergens: milk.
N202191,Supplier sheet: Orchard body lotion 330 ml pack of 4. Store at ambient. Shelf life 49 days. Allergens: none.
N201120,Supplier sheet: Valley greek yogurt 750 g pack of 12. Store at chilled. Shelf life 4 days. Allergens: milk.
N202869,Supplier sheet: Valley dark chocolate 330 ml pack of 2. Store at ambient. Shelf life 43 days. Allergens: nuts;milk.
N202299,Supplier sheet: Bluebell fish fingers 6 pk pack of 2. Store at -18C. Shelf life 93 days. Allergens: gluten;fish.
N200323,Supplier sheet: Meadow garden peas 330 ml pack of 1. Store at -18C. Shelf life 131 days. Allergens: gluten;fish.
N201319,Supplier sheet: Northfield hand soap 330 ml pack of 4. Store at ambient. Shelf life 61 days. Allergens: none.
N200719,Supplier sheet: Northfield shampoo daily 1 kg pack of 12. Store at ambient. Shelf life 81 days. Allergens: none.
N200040,Supplier sheet: Harvest cheddar cheese 2 L pack of 4. Store at chilled. Shelf life 42 days. Allergens: milk.
N202350,Supplier sheet: Valley dish soap 750 g pack of 6. Store at ambient. Shelf life 147 days. Allergens: none.
N200052,Supplier sheet: Northfield cold brew 250 ml pack of 2. Store at ambient. Shelf life 95 days. Allergens: none.
N200420,Supplier sheet: Bluebell cola zero 750 g pack of 1. Store at ambient. Shelf life 28 days. Allergens: none.
N202800,Supplier sheet: Harvest whole milk 330 ml pack of 6. Store at chilled. Shelf life 110 days. Allergens: milk.
N201905,Supplier sheet: Valley sourdough loaf 1 kg pack of 12. Store at ambient. Shelf life 62 days. Allergens: gluten;egg.
N202754,Supplier sheet: Bluebell banana bunch 750 g pack of 6. Store at chilled. Shelf life 156 days. Allergens: none.
N201904,Supplier sheet: Meadow greek yogurt 2 L pack of 6. Store at chilled. Shelf life 50 days. Allergens: milk.
N201768,Supplier sheet: Bluebell salted butter 750 g pack of 6. Store at chilled. Shelf life 156 days. Allergens: milk.
N202554,Supplier sheet: Harvest avocado ripe 2 L pack of 1. Store at chilled. Shelf life 126 days. Allergens: none.
N200203,Supplier sheet: Meadow margherita pizza 2 L pack of 2. Store at -18C. Shelf life 26 days. Allergens: gluten;fish.
N202842,Supplier sheet: Orchard banana bunch 500 g pack of 6. Store at chilled. Shelf life 137 days. Allergens: none.
N202425,Supplier sheet: Northfield wholemeal bread 750 g pack of 1. Store at ambient. Shelf life 130 days. Allergens: gluten;egg.
N202061,Supplier sheet: Orchard trail mix 750 g pack of 12. Store at ambient. Shelf life 83 days. Allergens: nuts;milk.
N200099,Supplier sheet: Meadow garden peas 1 L pack of 6. Store at -18C. Shelf life 31 days. Allergens: gluten;fish.
N202762,Supplier sheet: Meadow avocado ripe 250 ml pack of 12. Store at chilled. Shelf life 87 days. Allergens: none.
N200836,Supplier sheet: Harvest oat drink 250 ml pack of 4. Store at ambient. Shelf life 110 days. Allergens: none.
N202027,Supplier sheet: Bluebell garden peas 1 L pack of 6. Store at -18C. Shelf life 26 days. Allergens: gluten;fish.
N201923,Supplier sheet: Bluebell margherita pizza 330 ml pack of 6. Store at -18C. Shelf life 63 days. Allergens: gluten;fish.
N202875,Supplier sheet: Bluebell margherita pizza 500 g pack of 2. Store at -18C. Shelf life 127 days. Allergens: gluten;fish.
N202597,Supplier sheet: Valley tortilla chips 2 L pack of 1. Store at ambient. Shelf life 100 days. Allergens: nuts;milk.
N201370,Supplier sheet: Harvest gala apple 6 pk pack of 1. Store at chilled. Shelf life 178 days. Allergens: none.
N202786,Supplier sheet: Meadow avocado ripe 250 ml pack of 2. Store at chilled. Shelf life 41 days. Allergens: none.
N202912,Supplier sheet: Orchard greek yogurt 1 kg pack of 4. Store at chilled. Shelf life 140 days. Allergens: milk.
N201506,Supplier sheet: Orchard avocado ripe 330 ml pack of 12. Store at chilled. Shelf life 78 days. Allergens: none.
N200614,Supplier sheet: Northfield dish soap 1 L pack of 6. Store at ambient. Shelf life 42 days. Allergens: none.
N200493,Supplier sheet: Northfield trail mix 1 L pack of 12. Store at ambient. Shelf life 171 days. Allergens: nuts;milk.
N200809,Supplier sheet: Valley butter croissant 250 ml pack of 2. Store at ambient. Shelf life 113 days. Allergens: gluten;egg.
N200618,Supplier sheet: Meadow baby spinach 500 g pack of 12. Store at chilled. Shelf life 97 days. Allergens: none.
N201109,Supplier sheet: Meadow trail mix 2 L pack of 12. Store at ambient. Shelf life 55 days. Allergens: nuts;milk.
N200973,Supplier sheet: Bluebell trail mix 330 ml pack of 2. Store at ambient. Shelf life 159 days. Allergens: nuts;milk.
N201475,Supplier sheet: Northfield mixed berries 250 ml pack of 6. Store at -18C. Shelf life 8 days. Allergens: gluten;fish.
N202112,Supplier sheet: Northfield greek yogurt 1 kg pack of 6. Store at chilled. Shelf life 23 days. Allergens: milk.
N201872,Supplier sheet: Northfield double cream 6 pk pack of 1. Store at chilled. Shelf life 34 days. Allergens: milk.
N201302,Supplier sheet: Orchard bin liners 250 ml pack of 1. Store at ambient. Shelf life 118 days. Allergens: none.
N200935,Supplier sheet: Orchard body lotion 2 L pack of 4. Store at ambient. Shelf life 21 days. Allergens: none.
N202360,Supplier sheet: Orchard greek yogurt 500 g pack of 1. Store at chilled. Shelf life 144 days. Allergens: milk.
N201193,Supplier sheet: Orchard wholemeal bread 330 ml pack of 4. Store at ambient. Shelf life 37 days. Allergens: gluten;egg.
N201101,Supplier sheet: Valley trail mix 330 ml pack of 2. Store at ambient. Shelf life 122 days. Allergens: nuts;milk.
N200013,Supplier sheet: Bluebell tortilla chips 250 ml pack of 12. Store at ambient. Shelf life 143 days. Allergens: nuts;milk.
N200791,Supplier sheet: Meadow razor blades 6 pk pack of 2. Store at ambient. Shelf life 158 days. Allergens: none. Rep contact rep20@example-supplier.test
N202158,Supplier sheet: Orchard paper towel 2 L pack of 6. Store at ambient. Shelf life 54 days. Allergens: none.
N201646,Supplier sheet: Harvest glass cleaner 1 L pack of 6. Store at ambient. Shelf life 16 days. Allergens: none.
N200313,Supplier sheet: Valley wholemeal bread 1 kg pack of 6. Store at ambient. Shelf life 136 days. Allergens: gluten;egg.
N202965,Supplier sheet: Harvest tortilla chips 330 ml pack of 4. Store at ambient. Shelf life 82 days. Allergens: nuts;milk.
N201579,Supplier sheet: Harvest garden peas 1 kg pack of 1. Store at -18C. Shelf life 170 days. Allergens: gluten;fish.
N200947,Supplier sheet: Harvest margherita pizza 500 g pack of 1. Store at -18C. Shelf life 36 days. Allergens: gluten;fish.
N200895,Supplier sheet: Northfield body lotion 500 g pack of 2. Store at ambient. Shelf life 104 days. Allergens: none.
N200487,Supplier sheet: Valley shampoo daily 6 pk pack of 2. Store at ambient. Shelf life 24 days. Allergens: none.
N200497,Supplier sheet: Bluebell blueberry muffin 1 kg pack of 6. Store at ambient. Shelf life 88 days. Allergens: gluten;egg.
N200495,Supplier sheet: Bluebell hand soap 1 L pack of 4. Store at ambient. Shelf life 3 days. Allergens: none.
N201605N,Supplier sheet: MEADOW TORTILLA CHIPS 330 ML PACK OF 12  . Store at ambient. Shelf life 135 days. Allergens: nuts;milk.
N202216,Supplier sheet: Orchard whole milk 330 ml pack of 1. Store at chilled. Shelf life 110 days. Allergens: milk.
N200934,Supplier sheet: Harvest dish soap 6 pk pack of 12. Store at ambient. Shelf life 20 days. Allergens: none.
N202373,Supplier sheet: Northfield trail mix 2 L pack of 4. Store at ambient. Shelf life 91 days. Allergens: nuts;milk.
N200204,Supplier sheet: Harvest oat drink 250 ml pack of 1. Store at ambient. Shelf life 78 days. Allergens: none.
N201284,Supplier sheet: Northfield sparkling water 500 g pack of 2. Store at ambient. Shelf life 122 days. Allergens: none.
N200357,Supplier sheet: Meadow rice cakes 500 g pack of 6. Store at ambient. Shelf life 91 days. Allergens: nuts;milk.
N200285,Supplier sheet: Northfield trail mix 6 pk pack of 2. Store at ambient. Shelf life 84 days. Allergens: nuts;milk.
N200853,Supplier sheet: Harvest trail mix 500 g pack of 12. Store at ambient. Shelf life 150 days. Allergens: nuts;milk.
N202956,Supplier sheet: Valley cold brew 500 g pack of 4. Store at ambient. Shelf life 94 days. Allergens: none.
N202405,Supplier sheet: Meadow salted crisps 1 L pack of 1. Store at ambient. Shelf life 147 days. Allergens: nuts;milk.
N202257,Supplier sheet: Harvest wholemeal bread 1 L pack of 6. Store at ambient. Shelf life 159 days. Allergens: gluten;egg.
N201842,Supplier sheet: Orchard baby spinach 500 g pack of 6. Store at chilled. Shelf life 153 days. Allergens: none.
N200832,Supplier sheet: Orchard cheddar cheese 1 kg pack of 6. Store at chilled. Shelf life 172 days. Allergens: milk.
N201542,Supplier sheet: Harvest paper towel 1 L pack of 6. Store at ambient. Shelf life 126 days. Allergens: none.
N200656,Supplier sheet: Northfield salted butter 330 ml pack of 1. Store at chilled. Shelf life 102 days. Allergens: milk.
N200824,Supplier sheet: Valley cheddar cheese 1 L pack of 2. Store at chilled. Shelf life 96 days. Allergens: milk.
N202109,Supplier sheet: Valley rice cakes 6 pk pack of 2. Store at ambient. Shelf life 39 days. Allergens: nuts;milk.
N202920,Supplier sheet: Valley double cream 1 L pack of 6. Store at chilled. Shelf life 149 days. Allergens: milk.
N201520,Supplier sheet: Valley whole milk 750 g pack of 6. Store at chilled. Shelf life 125 days. Allergens: milk.
N200554,Supplier sheet: Harvest gala apple 750 g pack of 2. Store at chilled. Shelf life 157 days. Allergens: none.
N202778,Supplier sheet: Northfield banana bunch 1 L pack of 6. Store at chilled. Shelf life 127 days. Allergens: none.
N200665,Supplier sheet: Harvest sourdough loaf 330 ml pack of 4. Store at ambient. Shelf life 88 days. Allergens: gluten;egg.
N200889,Supplier sheet: Harvest wholemeal bread 2 L pack of 4. Store at ambient. Shelf life 55 days. Allergens: gluten;egg.
N202420,Supplier sheet: Harvest cold brew 1 kg pack of 12. Store at ambient. Shelf life 177 days. Allergens: none.
N201728,Supplier sheet: Harvest greek yogurt 250 ml pack of 4. Store at chilled. Shelf life 132 days. Allergens: milk.
N202792,Supplier sheet: Northfield salted butter 1 L pack of 4. Store at chilled. Shelf life 157 days. Allergens: milk.
N202494,Supplier sheet: Meadow paper towel 500 g pack of 2. Store at ambient. Shelf life 106 days. Allergens: none.
N200875,Supplier sheet: Harvest garden peas 6 pk pack of 2. Store at -18C. Shelf life 93 days. Allergens: gluten;fish.
N200260,Supplier sheet: Harvest oat drink 1 L pack of 12. Store at ambient. Shelf life 9 days. Allergens: none.
N201186,Supplier sheet: Valley baby spinach 1 L pack of 4. Store at chilled. Shelf life 15 days. Allergens: none.
N200069,Supplier sheet: Bluebell trail mix 1 kg pack of 2. Store at ambient. Shelf life 128 days. Allergens: nuts;milk.
N202231,Supplier sheet: Meadow razor blades 500 g pack of 6. Store at ambient. Shelf life 42 days. Allergens: none.
N202483,Supplier sheet: Orchard margherita pizza 1 L pack of 1. Store at -18C. Shelf life 17 days. Allergens: gluten;fish.
N200843,Supplier sheet: Northfield garden peas 750 g pack of 1. Store at -18C. Shelf life 140 days. Allergens: gluten;fish.
N200970,Supplier sheet: Meadow avocado ripe 750 g pack of 1. Store at chilled. Shelf life 112 days. Allergens: none.
N201679,Supplier sheet: Orchard hand soap 1 kg pack of 1. Store at ambient. Shelf life 22 days. Allergens: none.
N201967,Supplier sheet: Meadow body lotion 6 pk pack of 12. Store at ambient. Shelf life 91 days. Allergens: none.
N202553,Supplier sheet: Meadow seeded bagel 1 kg pack of 12. Store at ambient. Shelf life 86 days. Allergens: gluten;egg.
N200640,Supplier sheet: Valley greek yogurt 750 g pack of 1. Store at chilled. Shelf life 3 days. Allergens: milk.
N201850,Supplier sheet: Northfield gala apple 6 pk pack of 6. Store at chilled. Shelf life 110 days. Allergens: none.
N201152,Supplier sheet: Bluebell salted butter 1 kg pack of 4. Store at chilled. Shelf life 73 days. Allergens: milk.
N201148,Supplier sheet: Meadow orange juice 1 L pack of 6. Store at ambient. Shelf life 158 days. Allergens: none.
N201329,Supplier sheet: Bluebell butter croissant 1 kg pack of 6. Store at ambient. Shelf life 23 days. Allergens: gluten;egg.
N201546,Supplier sheet: Northfield cherry tomato 2 L pack of 2. Store at chilled. Shelf life 152 days. Allergens: none.
N200742,Supplier sheet: Valley laundry pods 6 pk pack of 12. Store at ambient. Shelf life 4 days. Allergens: none.
N202387,Supplier sheet: Orchard vanilla icecream 750 g pack of 1. Store at ambient. Shelf life 138 days. Allergens: gluten;fish.
N201491,Supplier sheet: Harvest garden peas 500 g pack of 4. Store at -18C. Shelf life 141 days. Allergens: gluten;fish.
N202797,Supplier sheet: Meadow rice cakes 1 kg pack of 12. Store at ambient. Shelf life 75 days. Allergens: nuts;milk.
N200861,Supplier sheet: Bluebell trail mix 1 L pack of 12. Store at ambient. Shelf life 52 days. Allergens: nuts;milk.
N200725,Supplier sheet: Valley dark chocolate 500 g pack of 12. Store at ambient. Shelf life 28 days. Allergens: nuts;milk.
N200362,Supplier sheet: Bluebell avocado ripe 1 L pack of 4. Store at chilled. Shelf life 63 days. Allergens: none.
N200573,Supplier sheet: Meadow rice cakes 250 ml pack of 2. Store at ambient. Shelf life 121 days. Allergens: nuts;milk.
N200434,Supplier sheet: Harvest gala apple 250 ml pack of 2. Store at chilled. Shelf life 131 days. Allergens: none.
N201842N,Supplier sheet: ORCHARD BABY SPINACH 500 G PACK OF 6  . Store at chilled. Shelf life 35 days. Allergens: none.
N200370,Supplier sheet: Northfield banana bunch 330 ml pack of 1. Store at chilled. Shelf life 4 days. Allergens: none.
N202944,Supplier sheet: Valley double cream 250 ml pack of 6. Store at chilled. Shelf life 102 days. Allergens: milk.
N201020,Supplier sheet: Harvest oat drink 6 pk pack of 1. Store at ambient. Shelf life 105 days. Allergens: none.
N201779,Supplier sheet: Valley garden peas 1 L pack of 2. Store at -18C. Shelf life 176 days. Allergens: gluten;fish.
N201371,Supplier sheet: Meadow margherita pizza 750 g pack of 4. Store at -18C. Shelf life 137 days. Allergens: gluten;fish.
N200299,Supplier sheet: Harvest garden peas 750 g pack of 12. Store at -18C. Shelf life 100 days. Allergens: gluten;fish.
N202513,Supplier sheet: Orchard butter croissant 250 ml pack of 4. Store at ambient. Shelf life 107 days. Allergens: gluten;egg.
N202315,Supplier sheet: Bluebell garden peas 2 L pack of 2. Store at -18C. Shelf life 117 days. Allergens: gluten;fish.
N200361,Supplier sheet: Meadow sourdough loaf 330 ml pack of 12. Store at ambient. Shelf life 82 days. Allergens: gluten;egg.
N201115,Supplier sheet: Bluebell fish fingers 330 ml pack of 1. Store at -18C. Shelf life 122 days. Allergens: gluten;fish.
N201654,Supplier sheet: Meadow laundry pods 750 g pack of 12. Store at ambient. Shelf life 37 days. Allergens: none.
N201137,Supplier sheet: Orchard wholemeal bread 500 g pack of 4. Store at ambient. Shelf life 149 days. Allergens: gluten;egg.
N200227,Supplier sheet: Northfield vanilla icecream 1 L pack of 2. Store at -18C. Shelf life 155 days. Allergens: gluten;fish.
N202189,Supplier sheet: Meadow tortilla chips 2 L pack of 6. Store at ambient. Shelf life 79 days. Allergens: nuts;milk.
N201154,Supplier sheet: Northfield avocado ripe 6 pk pack of 4. Store at chilled. Shelf life 83 days. Allergens: none.
N202140,Supplier sheet: Harvest cola zero 250 ml pack of 12. Store at ambient. Shelf life 91 days. Allergens: none.
N200975,Supplier sheet: Orchard hand soap 500 g pack of 4. Store at ambient. Shelf life 147 days. Allergens: none.
N200297,Supplier sheet: Northfield seeded bagel 500 g pack of 2. Store at ambient. Shelf life 34 days. Allergens: gluten;egg.
N202431,Supplier sheet: Meadow hand soap 750 g pack of 2. Store at ambient. Shelf life 63 days. Allergens: none.
N200762,Supplier sheet: Orchard gala apple 2 L pack of 4. Store at chilled. Shelf life 111 days. Allergens: none.
N201343,Supplier sheet: Meadow razor blades 250 ml pack of 6. Store at ambient. Shelf life 125 days. Allergens: none. Call +1-555-0111-1011
N201633,Supplier sheet: Harvest butter croissant 750 g pack of 2. Store at ambient. Shelf life 55 days. Allergens: gluten;egg.
N201990,Supplier sheet: Meadow laundry pods 1 kg pack of 4. Store at ambient. Shelf life 23 days. Allergens: none.
N200785,Supplier sheet: Harvest blueberry muffin 250 ml pack of 12. Store at ambient. Shelf life 92 days. Allergens: gluten;egg.
N201984,Supplier sheet: Meadow greek yogurt 750 g pack of 6. Store at chilled. Shelf life 116 days. Allergens: milk.
N200658,Supplier sheet: Harvest baby spinach 750 g pack of 4. Store at chilled. Shelf life 138 days. Allergens: none.
N200070,Supplier sheet: Meadow glass cleaner 750 g pack of 6. Store at ambient. Shelf life 3 days. Allergens: none.
N201998,Supplier sheet: Harvest laundry pods 750 g pack of 6. Store at ambient. Shelf life 6 days. Allergens: none.
N201382,Supplier sheet: Valley dish soap 750 g pack of 1. Store at ambient. Shelf life 71 days. Allergens: none.
N202545,Supplier sheet: Bluebell seeded bagel 250 ml pack of 6. Store at ambient. Shelf life 102 days. Allergens: gluten;egg.
N201745,Supplier sheet: Northfield sourdough loaf 1 L pack of 12. Store at ambient. Shelf life 3 days. Allergens: gluten;egg.
N202683,Supplier sheet: Orchard margherita pizza 750 g pack of 2. Store at -18C. Shelf life 33 days. Allergens: gluten;fish.
N200035,Supplier sheet: Northfield vanilla icecream 250 ml pack of 6. Store at -18C. Shelf life 77 days. Allergens: gluten;fish.
N201659,Supplier sheet: Bluebell vanilla icecream 750 g pack of 2. Store at -18C. Shelf life 52 days. Allergens: gluten;fish.
N201525,Supplier sheet: Orchard dark chocolate 750 g pack of 2. Store at ambient. Shelf life 128 days. Allergens: nuts;milk.
N202726,Supplier sheet: Meadow glass cleaner 1 L pack of 4. Store at ambient. Shelf life 9 days. Allergens: none.
N201827,Supplier sheet: Orchard garden peas 750 g pack of 4. Store at -18C. Shelf life 160 days. Allergens: gluten;fish.
N202083,Supplier sheet: Valley fish fingers 1 L pack of 1. Store at -18C. Shelf life 32 days. Allergens: gluten;fish.
N201040,Supplier sheet: Orchard greek yogurt 2 L pack of 1. Store at chilled. Shelf life 80 days. Allergens: milk.
N201029,Supplier sheet: Northfield salted crisps 330 ml pack of 12. Store at ambient. Shelf life 177 days. Allergens: nuts;milk.
N202522,Supplier sheet: Orchard avocado ripe 330 ml pack of 1. Store at chilled. Shelf life 120 days. Allergens: none.
N201861,Supplier sheet: Bluebell dark chocolate 1 kg pack of 1. Store at ambient. Shelf life 179 days. Allergens: nuts;milk.
N200218,Supplier sheet: Harvest gala apple 500 g pack of 12. Store at chilled. Shelf life 6 days. Allergens: none.
N200686,Supplier sheet: Harvest bin liners 2 L pack of 6. Store at ambient. Shelf life 130 days. Allergens: none.
N202692,Supplier sheet: Valley cold brew 250 ml pack of 2. Store at ambient. Shelf life 16 days. Allergens: none.
N200750,Supplier sheet: Northfield laundry pods 2 L pack of 4. Store at ambient. Shelf life 111 days. Allergens: none.
N200716,Supplier sheet: Orchard cola zero 2 L pack of 12. Store at ambient. Shelf life 60 days. Allergens: none.
N202709,Supplier sheet: Valley tortilla chips 6 pk pack of 1. Store at ambient. Shelf life 140 days. Allergens: nuts;milk.
N200601,Supplier sheet: Meadow wholemeal bread 330 ml pack of 1. Store at ambient. Shelf life 25 days. Allergens: gluten;egg.
N200491,Supplier sheet: Orchard mixed berries 750 g pack of 12. Store at -18C. Shelf life 161 days. Allergens: gluten;fish. Call +1-555-0121-1021
N200233,Supplier sheet: Meadow sourdough loaf 6 pk pack of 4. Store at ambient. Shelf life 88 days. Allergens: gluten;egg.
N201739,Supplier sheet: Valley garden peas 1 kg pack of 12. Store at -18C. Shelf life 94 days. Allergens: gluten;fish.
N200708,Supplier sheet: Northfield sparkling water 6 pk pack of 12. Store at ambient. Shelf life 104 days. Allergens: none.
N200029,Supplier sheet: Bluebell trail mix 1 L pack of 6. Store at ambient. Shelf life 9 days. Allergens: nuts;milk.
N202393,Supplier sheet: Orchard wholemeal bread 2 L pack of 1. Store at ambient. Shelf life 57 days. Allergens: gluten;egg.
N201362,Supplier sheet: Northfield baby spinach 2 L pack of 2. Store at chilled. Shelf life 128 days. Allergens: none.
N201433,Supplier sheet: Harvest seeded bagel 330 ml pack of 6. Store at ambient. Shelf life 173 days. Allergens: gluten;egg.
N201749,Supplier sheet: Valley salted crisps 2 L pack of 1. Store at ambient. Shelf life 177 days. Allergens: nuts;milk.
N200535,Supplier sheet: Meadow hand soap 6 pk pack of 12. Store at ambient. Shelf life 97 days. Allergens: none.
N200878,Supplier sheet: Orchard bin liners 500 g pack of 12. Store at ambient. Shelf life 48 days. Allergens: none.
N202364,Supplier sheet: Meadow sparkling water 2 L pack of 2. Store at ambient. Shelf life 87 days. Allergens: none.
N200417,Supplier sheet: Valley wholemeal bread 750 g pack of 1. Store at ambient. Shelf life 85 days. Allergens: gluten;egg.
N201223,Supplier sheet: Northfield razor blades 1 L pack of 1. Store at ambient. Shelf life 73 days. Allergens: none.
N201722,Supplier sheet: Bluebell gala apple 330 ml pack of 12. Store at chilled. Shelf life 66 days. Allergens: none.
N200574,Supplier sheet: Harvest bin liners 1 kg pack of 1. Store at ambient. Shelf life 156 days. Allergens: none.
N202560,Supplier sheet: Valley greek yogurt 6 pk pack of 2. Store at chilled. Shelf life 72 days. Allergens: milk.
N202501,Supplier sheet: Bluebell dark chocolate 1 kg pack of 12. Store at ambient. Shelf life 8 days. Allergens: nuts;milk.
N202221,Supplier sheet: Meadow dark chocolate 2 L pack of 12. Store at ambient. Shelf life 130 days. Allergens: nuts;milk.
N201059,Supplier sheet: Harvest fish fingers 2 L pack of 12. Store at -18C. Shelf life 120 days. Allergens: gluten;fish.
N202741,Supplier sheet: Orchard tortilla chips 250 ml pack of 2. Store at ambient. Shelf life 69 days. Allergens: nuts;milk.
N200989,Supplier sheet: Bluebell dark chocolate 500 g pack of 2. Store at ambient. Shelf life 114 days. Allergens: nuts;milk.
N200485,Supplier sheet: Bluebell trail mix 6 pk pack of 1. Store at ambient. Shelf life 169 days. Allergens: nuts;milk.
N202250,Supplier sheet: Meadow gala apple 500 g pack of 6. Store at chilled. Shelf life 166 days. Allergens: none.
N202724,Supplier sheet: Northfield cola zero 750 g pack of 2. Store at ambient. Shelf life 142 days. Allergens: none.
N200281,Supplier sheet: Valley seeded bagel 1 kg pack of 12. Store at ambient. Shelf life 106 days. Allergens: gluten;egg.
N201810,Supplier sheet: Meadow banana bunch 1 L pack of 4. Store at chilled. Shelf life 7 days. Allergens: none.
N202556,Supplier sheet: Meadow orange juice 6 pk pack of 6. Store at ambient. Shelf life 93 days. Allergens: none.
N201715,Supplier sheet: Orchard margherita pizza 1 kg pack of 4. Store at -18C. Shelf life 147 days. Allergens: gluten;fish.
N200867,Supplier sheet: Meadow garden peas 2 L pack of 6. Store at -18C. Shelf life 152 days. Allergens: gluten;fish.
N200071,Supplier sheet: Valley razor blades 250 ml pack of 1. Store at ambient. Shelf life 139 days. Allergens: none.
N201997,Supplier sheet: Northfield tortilla chips 1 kg pack of 1. Store at ambient. Shelf life 177 days. Allergens: nuts;milk.
N201757,Supplier sheet: Bluebell rice cakes 750 g pack of 2. Store at ambient. Shelf life 94 days. Allergens: nuts;milk.
N202012,Supplier sheet: Valley orange juice 250 ml pack of 2. Store at ambient. Shelf life 22 days. Allergens: none.
N201753,Supplier sheet: Harvest wholemeal bread 6 pk pack of 6. Store at ambient. Shelf life 90 days. Allergens: gluten;egg.
N200028,Supplier sheet: Valley orange juice 1 L pack of 12. Store at ambient. Shelf life 59 days. Allergens: none.
N200276,Supplier sheet: Meadow cola zero 1 kg pack of 1. Store at ambient. Shelf life 150 days. Allergens: none.
N201737,Supplier sheet: Meadow sourdough loaf 1 kg pack of 1. Store at ambient. Shelf life 140 days. Allergens: gluten;egg.
N202402,Supplier sheet: Harvest cherry tomato 750 g pack of 12. Store at chilled. Shelf life 78 days. Allergens: none.
N202690,Supplier sheet: Bluebell baby spinach 750 g pack of 4. Store at chilled. Shelf life 71 days. Allergens: none.
N201311,Supplier sheet: Orchard shampoo daily 6 pk pack of 12. Store at ambient. Shelf life 31 days. Allergens: none.
N200144,Supplier sheet: Bluebell cheddar cheese 1 L pack of 6. Store at chilled. Shelf life 10 days. Allergens: milk.
N200511,Supplier sheet: Meadow razor blades 500 g pack of 12. Store at ambient. Shelf life 58 days. Allergens: none.
N202989,Supplier sheet: Orchard salted crisps 500 g pack of 4. Store at ambient. Shelf life 45 days. Allergens: nuts;milk.
N202030,Supplier sheet: Valley dish soap 6 pk pack of 6. Store at ambient. Shelf life 49 days. Allergens: none.
N200087,Supplier sheet: Meadow razor blades 250 ml pack of 6. Store at ambient. Shelf life 179 days. Allergens: none.
N200979,Supplier sheet: Northfield mixed berries 6 pk pack of 6. Store at -18C. Shelf life 123 days. Allergens: gluten;fish.
N201513,Supplier sheet: Orchard wholemeal bread 6 pk pack of 6. Store at ambient. Shelf life 100 days. Allergens: gluten;egg.
N202759,Supplier sheet: Valley hand soap 500 g pack of 6. Store at ambient. Shelf life 34 days. Allergens: none.
N200731,Supplier sheet: Valley mixed berries 500 g pack of 12. Store at -18C. Shelf life 151 days. Allergens: gluten;fish.
N201873,Supplier sheet: Valley butter croissant 750 g pack of 6. Store at ambient. Shelf life 117 days. Allergens: gluten;egg. Rep contact rep18@example-supplier.test
N200476,Supplier sheet: Harvest cola zero 500 g pack of 2. Store at ambient. Shelf life 94 days. Allergens: none.
N200007,Supplier sheet: Bluebell body lotion 1 kg pack of 2. Store at ambient. Shelf life 85 days. Allergens: none.
N200034,Supplier sheet: Harvest cherry tomato 1 kg pack of 4. Store at chilled. Shelf life 100 days. Allergens: none.
N202365,Supplier sheet: Bluebell rice cakes 6 pk pack of 6. Store at ambient. Shelf life 151 days. Allergens: nuts;milk.
N202954,Supplier sheet: Harvest cherry tomato 250 ml pack of 6. Store at chilled. Shelf life 130 days. Allergens: none.
N200594,Supplier sheet: Harvest gala apple 250 ml pack of 2. Store at chilled. Shelf life 88 days. Allergens: none.
N202645,Supplier sheet: Meadow dark chocolate 250 ml pack of 6. Store at ambient. Shelf life 121 days. Allergens: nuts;milk.
N202008,Supplier sheet: Orchard salted butter 6 pk pack of 12. Store at chilled. Shelf life 167 days. Allergens: milk.
N202914,Supplier sheet: Northfield avocado ripe 750 g pack of 6. Store at chilled. Shelf life 60 days. Allergens: none.
N200672,Supplier sheet: Bluebell greek yogurt 250 ml pack of 4. Store at chilled. Shelf life 162 days. Allergens: milk.
N200110,Supplier sheet: Orchard glass cleaner 500 g pack of 6. Store at ambient. Shelf life 110 days. Allergens: none.
N201357,Supplier sheet: Northfield tortilla chips 1 kg pack of 2. Store at ambient. Shelf life 35 days. Allergens: nuts;milk.
N202453,Supplier sheet: Valley trail mix 1 kg pack of 2. Store at ambient. Shelf life 174 days. Allergens: nuts;milk.
N201635,Supplier sheet: Northfield vanilla icecream 6 pk pack of 12. Store at -18C. Shelf life 124 days. Allergens: gluten;fish.
N201327,Supplier sheet: Harvest hand soap 6 pk pack of 6. Store at ambient. Shelf life 71 days. Allergens: none.
N201858,Supplier sheet: Orchard avocado ripe 6 pk pack of 6. Store at chilled. Shelf life 40 days. Allergens: none.
N201175,Supplier sheet: Bluebell body lotion 330 ml pack of 2. Store at ambient. Shelf life 165 days. Allergens: none.
N200549,Supplier sheet: Harvest tortilla chips 250 ml pack of 6. Store at ambient. Shelf life 148 days. Allergens: nuts;milk.
N200088,Supplier sheet: Harvest greek yogurt 500 g pack of 1. Store at chilled. Shelf life 10 days. Allergens: milk.
N200431,Supplier sheet: Harvest hand soap 2 L pack of 2. Store at ambient. Shelf life 115 days. Allergens: none.
N200509,Supplier sheet: Bluebell rice cakes 1 L pack of 4. Store at ambient. Shelf life 23 days. Allergens: nuts;milk.
N201354,Supplier sheet: Harvest cherry tomato 330 ml pack of 2. Store at chilled. Shelf life 55 days. Allergens: none.
N200003,Supplier sheet: Valley garden peas 6 pk pack of 6. Store at -18C. Shelf life 103 days. Allergens: gluten;fish.
N202747,Supplier sheet: Northfield garden peas 250 ml pack of 1. Store at -18C. Shelf life 47 days. Allergens: gluten;fish. Call +1-555-0103-1003
N202952,Supplier sheet: Bluebell cheddar cheese 330 ml pack of 1. Store at chilled. Shelf life 93 days. Allergens: milk.
N200415,Supplier sheet: Meadow body lotion 6 pk pack of 1. Store at ambient. Shelf life 79 days. Allergens: none.
N201957,Supplier sheet: Meadow dark chocolate 6 pk pack of 12. Store at ambient. Shelf life 105 days. Allergens: nuts;milk.
N200571,Supplier sheet: Meadow vanilla icecream 330 ml pack of 2. Store at -18C. Shelf life 144 days. Allergens: gluten;fish.
N202813,Supplier sheet: Orchard tortilla chips 750 g pack of 4. Store at ambient. Shelf life 30 days. Allergens: nuts;milk.
N202757,Supplier sheet: Valley salted crisps 750 g pack of 12. Store at ambient. Shelf life 143 days. Allergens: nuts;milk.
N200810,Supplier sheet: Valley cherry tomato 6 pk pack of 6. Store at chilled. Shelf life 42 days. Allergens: none.
N200829,Supplier sheet: Meadow dark chocolate 1 kg pack of 4. Store at ambient. Shelf life 8 days. Allergens: nuts;milk.
N201003,Supplier sheet: Meadow vanilla icecream 2 L pack of 1. Store at -18C. Shelf life 82 days. Allergens: gluten;fish.
N201734,Supplier sheet: Orchard dish soap 1 L pack of 12. Store at ambient. Shelf life 56 days. Allergens: none.
N200403,Supplier sheet: Bluebell garden peas 6 pk pack of 6. Store at ambient. Shelf life 35 days. Allergens: gluten;fish.
N200486,Supplier sheet: Northfield glass cleaner 250 ml pack of 2. Store at ambient. Shelf life 77 days. Allergens: none.
N200406,Supplier sheet: Bluebell laundry pods 250 ml pack of 4. Store at ambient. Shelf life 156 days. Allergens: none.
N201838,Supplier sheet: Orchard glass cleaner 330 ml pack of 4. Store at ambient. Shelf life 106 days. Allergens: none.
N201499,Supplier sheet: Orchard margherita pizza 1 kg pack of 4. Store at -18C. Shelf life 131 days. Allergens: gluten;fish.
N201244,Supplier sheet: Valley cola zero 1 kg pack of 6. Store at ambient. Shelf life 29 days. Allergens: none.
N201685,Supplier sheet: Meadow trail mix 330 ml pack of 12. Store at ambient. Shelf life 16 days. Allergens: nuts;milk.
N202701,Supplier sheet: Bluebell salted crisps 330 ml pack of 1. Store at ambient. Shelf life 62 days. Allergens: nuts;milk.
N201398,Supplier sheet: Orchard paper towel 2 L pack of 6. Store at ambient. Shelf life 140 days. Allergens: none.
N200423,Supplier sheet: Valley razor blades 500 g pack of 6. Store at ambient. Shelf life 159 days. Allergens: none.
N202141,Supplier sheet: Northfield salted crisps 6 pk pack of 6. Store at ambient. Shelf life 21 days. Allergens: nuts;milk.
N200550,Supplier sheet: Bluebell dish soap 500 g pack of 2. Store at ambient. Shelf life 87 days. Allergens: none.
N200877,Supplier sheet: Valley dark chocolate 500 g pack of 4. Store at ambient. Shelf life 73 days. Allergens: nuts;milk.
N201364,Supplier sheet: Meadow orange juice 750 g pack of 1. Store at ambient. Shelf life 134 days. Allergens: none.
N202805,Supplier sheet: Northfield trail mix 250 ml pack of 1. Store at ambient. Shelf life 39 days. Allergens: nuts;milk.
N202337,Supplier sheet: Valley seeded bagel 1 L pack of 12. Store at ambient. Shelf life 88 days. Allergens: gluten;egg.
N201643,Supplier sheet: Northfield vanilla icecream 250 ml pack of 2. Store at -18C. Shelf life 153 days. Allergens: gluten;fish.
N202447,Supplier sheet: Valley hand soap 1 L pack of 6. Store at ambient. Shelf life 85 days. Allergens: none.
N202333,Supplier sheet: Bluebell rice cakes 2 L pack of 4. Store at ambient. Shelf life 141 days. Allergens: nuts;milk.
N200682,Supplier sheet: Harvest gala apple 1 L pack of 6. Store at chilled. Shelf life 113 days. Allergens: none.
N200230,Supplier sheet: Bluebell dish soap 2 L pack of 6. Store at ambient. Shelf life 108 days. Allergens: none.
N202544,Supplier sheet: Valley double cream 2 L pack of 2. Store at chilled. Shelf life 48 days. Allergens: milk.
N202249,Supplier sheet: Northfield seeded bagel 1 L pack of 12. Store at ambient. Shelf life 178 days. Allergens: gluten;egg.
N200459,Supplier sheet: Meadow margherita pizza 1 L pack of 1. Store at -18C. Shelf life 47 days. Allergens: gluten;fish.
N201142,Supplier sheet: Meadow laundry pods 2 L pack of 2. Store at ambient. Shelf life 167 days. Allergens: none.
N200667,Supplier sheet: Valley garden peas 2 L pack of 2. Store at -18C. Shelf life 178 days. Allergens: gluten;fish.
N202020,Supplier sheet: Northfield oat drink 750 g pack of 2. Store at ambient. Shelf life 93 days. Allergens: none.
N202827,Supplier sheet: Orchard mixed berries 750 g pack of 4. Store at -18C. Shelf life 156 days. Allergens: gluten;fish.
N200391,Supplier sheet: Harvest hand soap 1 L pack of 1. Store at ambient. Shelf life 129 days. Allergens: none.
N200712,Supplier sheet: Harvest whole milk 6 pk pack of 12. Store at chilled. Shelf life 133 days. Allergens: milk.
N200076,Supplier sheet: Northfield sparkling water 330 ml pack of 1. Store at ambient. Shelf life 15 days. Allergens: none.
N200893,Supplier sheet: Harvest dark chocolate 330 ml pack of 2. Store at ambient. Shelf life 27 days. Allergens: nuts;milk.
N200501,Supplier sheet: Bluebell salted crisps 1 L pack of 12. Store at ambient. Shelf life 15 days. Allergens: nuts;milk.
N201342,Supplier sheet: Harvest laundry pods 1 kg pack of 4. Store at ambient. Shelf life 8 days. Allergens: none.
N201331,Supplier sheet: Orchard margherita pizza 1 kg pack of 2. Store at -18C. Shelf life 150 days. Allergens: gluten;fish.
N200879,Supplier sheet: Valley shampoo daily 330 ml pack of 1. Store at ambient. Shelf life 34 days. Allergens: none.
N202836,Supplier sheet: Bluebell oat drink 2 L pack of 1. Store at ambient. Shelf life 4 days. Allergens: none.
N202679,Supplier sheet: Meadow shampoo daily 1 kg pack of 1. Store at ambient. Shelf life 168 days. Allergens: none.
N201744,Supplier sheet: Bluebell cheddar cheese 6 pk pack of 12. Store at chilled. Shelf life 52 days. Allergens: milk.
N202534,Supplier sheet: Valley bin liners 750 g pack of 4. Store at ambient. Shelf life 147 days. Allergens: none.
N200179,Supplier sheet: Bluebell vanilla icecream 500 g pack of 2. Store at -18C. Shelf life 173 days. Allergens: gluten;fish.
N201447N,Supplier sheet: MEADOW TOOTHPASTE MINT 330 ML PACK OF 12  . Store at ambient. Shelf life 95 days. Allergens: none.
N202063,Supplier sheet: Harvest hand soap 1 kg pack of 1. Store at ambient. Shelf life 167 days. Allergens: none.
N200774,Supplier sheet: Orchard bin liners 750 g pack of 12. Store at ambient. Shelf life 174 days. Allergens: none.
N202830,Supplier sheet: Northfield bin liners 500 g pack of 4. Store at ambient. Shelf life 28 days. Allergens: none.
N200693,Supplier sheet: Bluebell salted crisps 500 g pack of 1. Store at ambient. Shelf life 28 days. Allergens: nuts;milk.
N200325,Supplier sheet: Valley dark chocolate 500 g pack of 2. Store at ambient. Shelf life 68 days. Allergens: nuts;milk.
N201219,Supplier sheet: Valley margherita pizza 750 g pack of 4. Store at -18C. Shelf life 101 days. Allergens: gluten;fish.
N201598,Supplier sheet: Orchard dish soap 6 pk pack of 4. Store at ambient. Shelf life 142 days. Allergens: none.
N201110,Supplier sheet: Harvest dish soap 330 ml pack of 12. Store at ambient. Shelf life 35 days. Allergens: none.
N201173,Supplier sheet: Northfield tortilla chips 2 L pack of 1. Store at ambient. Shelf life 37 days. Allergens: nuts;milk.
N201978,Supplier sheet: Valley baby spinach 330 ml pack of 2. Store at chilled. Shelf life 57 days. Allergens: none.
N202910,Supplier sheet: Bluebell dish soap 2 L pack of 4. Store at ambient. Shelf life 51 days. Allergens: none.
N202785,Supplier sheet: Meadow butter croissant 750 g pack of 6. Store at ambient. Shelf life 169 days. Allergens: gluten;egg.
N200876,Supplier sheet: Meadow cold brew 2 L pack of 1. Store at ambient. Shelf life 73 days. Allergens: none.
N200261,Supplier sheet: Meadow rice cakes 6 pk pack of 2. Store at ambient. Shelf life 156 days. Allergens: nuts;milk.
N200392,Supplier sheet: Harvest cheddar cheese 1 kg pack of 12. Store at chilled. Shelf life 12 days. Allergens: milk.
N202176,Supplier sheet: Valley greek yogurt 330 ml pack of 6. Store at chilled. Shelf life 21 days. Allergens: milk.
N200245,Supplier sheet: Meadow rice cakes 250 ml pack of 4. Store at ambient. Shelf life 145 days. Allergens: nuts;milk.
N201468,Supplier sheet: Meadow sparkling water 1 L pack of 12. Store at ambient. Shelf life 47 days. Allergens: none.
N201700,Supplier sheet: Meadow sparkling water 1 kg pack of 4. Store at ambient. Shelf life 17 days. Allergens: none.
N200521,Supplier sheet: Orchard seeded bagel 2 L pack of 1. Store at ambient. Shelf life 108 days. Allergens: gluten;egg.
N201149,Supplier sheet: Harvest trail mix 1 L pack of 4. Store at ambient. Shelf life 29 days. Allergens: nuts;milk.
N202532,Supplier sheet: Meadow cola zero 250 ml pack of 4. Store at ambient. Shelf life 13 days. Allergens: none.
N201587,Supplier sheet: Orchard fish fingers 6 pk pack of 12. Store at -18C. Shelf life 74 days. Allergens: gluten;fish.
N202969,Supplier sheet: Meadow butter croissant 330 ml pack of 4. Store at ambient. Shelf life 100 days. Allergens: gluten;egg.
N202200,Supplier sheet: Meadow whole milk 500 g pack of 4. Store at chilled. Shelf life 96 days. Allergens: milk.
N200161,Supplier sheet: Orchard butter croissant 2 L pack of 4. Store at ambient. Shelf life 106 days. Allergens: gluten;egg.
N202018,Supplier sheet: Northfield gala apple 250 ml pack of 2. Store at chilled. Shelf life 7 days. Allergens: none.
N200216,Supplier sheet: Bluebell greek yogurt 1 kg pack of 12. Store at chilled. Shelf life 54 days. Allergens: milk.
N200236,Supplier sheet: Northfield cold brew 1 kg pack of 2. Store at ambient. Shelf life 63 days. Allergens: none.
N200347,Supplier sheet: Harvest garden peas 330 ml pack of 1. Store at -18C. Shelf life 54 days. Allergens: gluten;fish.
N201107,Supplier sheet: Meadow vanilla icecream 250 ml pack of 2. Store at -18C. Shelf life 101 days. Allergens: gluten;fish.
N202984,Supplier sheet: Meadow cheddar cheese 2 L pack of 1. Store at chilled. Shelf life 43 days. Allergens: milk.
N202727,Supplier sheet: Orchard shampoo daily 1 L pack of 2. Store at ambient. Shelf life 114 days. Allergens: none.
N200870,Supplier sheet: Harvest glass cleaner 1 kg pack of 4. Store at ambient. Shelf life 168 days. Allergens: none.
N202043,Supplier sheet: Orchard garden peas 2 L pack of 1. Store at -18C. Shelf life 119 days. Allergens: gluten;fish. Call +1-555-0105-1005
N200597,Supplier sheet: Valley rice cakes 1 L pack of 1. Store at ambient. Shelf life 71 days. Allergens: nuts;milk.
N201879,Supplier sheet: Valley razor blades 750 g pack of 4. Store at ambient. Shelf life 79 days. Allergens: none.
N201940,Supplier sheet: Valley sparkling water 750 g pack of 2. Store at ambient. Shelf life 106 days. Allergens: none.
N200401,Supplier sheet: Harvest blueberry muffin 1 kg pack of 4. Store at ambient. Shelf life 131 days. Allergens: gluten;egg.
N200452,Supplier sheet: Northfield cold brew 2 L pack of 2. Store at ambient. Shelf life 56 days. Allergens: none.
N202839,Supplier sheet: Harvest shampoo daily 1 L pack of 6. Store at ambient. Shelf life 9 days. Allergens: none.
N200698,Supplier sheet: Bluebell baby spinach 1 L pack of 4. Store at chilled. Shelf life 127 days. Allergens: none.
N200126,Supplier sheet: Valley dish soap 750 g pack of 6. Store at ambient. Shelf life 120 days. Allergens: none.
N202504,Supplier sheet: Meadow greek yogurt 2 L pack of 4. Store at chilled. Shelf life 20 days. Allergens: milk.
N200393,Supplier sheet: Northfield butter croissant 2 L pack of 12. Store at ambient. Shelf life 113 days. Allergens: gluten;egg.
N200948,Supplier sheet: Northfield orange juice 750 g pack of 2. Store at ambient. Shelf life 15 days. Allergens: none.
N202419,Supplier sheet: Valley garden peas 330 ml pack of 6. Store at -18C. Shelf life 116 days. Allergens: gluten;fish.
N201942,Supplier sheet: Meadow dish soap 500 g pack of 4. Store at ambient. Shelf life 134 days. Allergens: none.
N201035,Supplier sheet: Valley garden peas 750 g pack of 4. Store at -18C. Shelf life 5 days. Allergens: gluten;fish.
N201221,Supplier sheet: Meadow salted crisps 1 kg pack of 12. Store at ambient. Shelf life 131 days. Allergens: nuts;milk.
N200799,Supplier sheet: Orchard razor blades 1 L pack of 4. Store at ambient. Shelf life 24 days. Allergens: none.
N200964,Supplier sheet: Valley cold brew 2 L pack of 4. Store at ambient. Shelf life 49 days. Allergens: none.
N201508,Supplier sheet: Bluebell orange juice 330 ml pack of 6. Store at ambient. Shelf life 127 days. Allergens: none.
N201898,Supplier sheet: Bluebell banana bunch 2 L pack of 6. Store at chilled. Shelf life 65 days. Allergens: none.
N200741,Supplier sheet: Northfield tortilla chips 1 L pack of 6. Store at ambient. Shelf life 175 days. Allergens: nuts;milk.
N202175,Supplier sheet: Bluebell toothpaste mint 250 ml pack of 2. Store at ambient. Shelf life 172 days. Allergens: none.
N200433,Supplier sheet: Harvest butter croissant 500 g pack of 1. Store at ambient. Shelf life 177 days. Allergens: gluten;egg.
N201394,Supplier sheet: Meadow banana bunch 330 ml pack of 1. Store at chilled. Shelf life 21 days. Allergens: none. Rep contact rep8@example-supplier.test
N200735,Supplier sheet: Bluebell hand soap 750 g pack of 2. Store at ambient. Shelf life 34 days. Allergens: none.
N202165,Supplier sheet: Northfield rice cakes 500 g pack of 12. Store at ambient. Shelf life 35 days. Allergens: nuts;milk.
N201049,Supplier sheet: Orchard blueberry muffin 1 L pack of 1. Store at ambient. Shelf life 106 days. Allergens: gluten;egg.
N202339,Supplier sheet: Valley vanilla icecream 250 ml pack of 4. Store at -18C. Shelf life 79 days. Allergens: gluten;fish.
N202456,Supplier sheet: Meadow salted butter 750 g pack of 6. Store at chilled. Shelf life 135 days. Allergens: milk.
N201297,Supplier sheet: Valley seeded bagel 500 g pack of 1. Store at ambient. Shelf life 52 days. Allergens: gluten;egg.
N202574,Supplier sheet: Orchard dish soap 2 L pack of 4. Store at ambient. Shelf life 38 days. Allergens: none.
N201441,Supplier sheet: Valley butter croissant 1 kg pack of 1. Store at ambient. Shelf life 117 days. Allergens: gluten;egg.
N201688,Supplier sheet: Orchard greek yogurt 750 g pack of 1. Store at chilled. Shelf life 112 days. Allergens: milk.
N200671,Supplier sheet: Northfield toothpaste mint 500 g pack of 12. Store at ambient. Shelf life 125 days. Allergens: none.
N201456,Supplier sheet: Northfield salted butter 6 pk pack of 6. Store at chilled. Shelf life 58 days. Allergens: milk.
N201387N,Supplier sheet: NORTHFIELD GARDEN PEAS 6 PK PACK OF 4  . Store at -18C. Shelf life 96 days. Allergens: gluten;fish.
N201153,Supplier sheet: Valley blueberry muffin 1 L pack of 12. Store at ambient. Shelf life 167 days. Allergens: gluten;egg.
N202050,Supplier sheet: Northfield gala apple 1 L pack of 1. Store at chilled. Shelf life 111 days. Allergens: none.
N202366,Supplier sheet: Northfield laundry pods 250 ml pack of 2. Store at ambient. Shelf life 168 days. Allergens: none.
N202962,Supplier sheet: Valley baby spinach 500 g pack of 4. Store at chilled. Shelf life 79 days. Allergens: none.
N201231,Supplier sheet: Meadow shampoo daily 2 L pack of 1. Store at ambient. Shelf life 10 days. Allergens: none.
N200169,Supplier sheet: Valley butter croissant 1 L pack of 1. Store at ambient. Shelf life 137 days. Allergens: gluten;egg.
N201672,Supplier sheet: Northfield whole milk 6 pk pack of 2. Store at chilled. Shelf life 84 days. Allergens: milk.
N202450,Supplier sheet: Harvest baby spinach 2 L pack of 1. Store at chilled. Shelf life 10 days. Allergens: none.
N200136,Supplier sheet: Orchard cheddar cheese 750 g pack of 6. Store at chilled. Shelf life 27 days. Allergens: milk.
N202305,Supplier sheet: Valley seeded bagel 1 kg pack of 2. Store at ambient. Shelf life 58 days. Allergens: gluten;egg.
N200467,Supplier sheet: Meadow garden peas 250 ml pack of 6. Store at -18C. Shelf life 36 days. Allergens: gluten;fish.
N201300,Supplier sheet: Harvest orange juice 250 ml pack of 6. Store at ambient. Shelf life 124 days. Allergens: none.
N202156,Supplier sheet: Valley cold brew 1 L pack of 1. Store at ambient. Shelf life 111 days. Allergens: none.
N200576,Supplier sheet: Harvest greek yogurt 250 ml pack of 1. Store at chilled. Shelf life 61 days. Allergens: milk.
N200567,Supplier sheet: Orchard hand soap 6 pk pack of 1. Store at ambient. Shelf life 17 days. Allergens: none.
N200602,Supplier sheet: Bluebell avocado ripe 250 ml pack of 2. Store at chilled. Shelf life 16 days. Allergens: none.
N202259,Supplier sheet: Orchard mixed berries 750 g pack of 1. Store at -18C. Shelf life 170 days. Allergens: gluten;fish.
N202329,Supplier sheet: Orchard blueberry muffin 330 ml pack of 4. Store at ambient. Shelf life 64 days. Allergens: gluten;egg.
N202831,Supplier sheet: Harvest razor blades 750 g pack of 2. Store at ambient. Shelf life 21 days. Allergens: none.
N202202,Supplier sheet: Orchard baby spinach 330 ml pack of 2. Store at chilled. Shelf life 128 days. Allergens: none.
N202621,Supplier sheet: Northfield trail mix 6 pk pack of 12. Store at ambient. Shelf life 156 days. Allergens: nuts;milk.
N200253,Supplier sheet: Valley dark chocolate 250 ml pack of 6. Store at ambient. Shelf life 24 days. Allergens: nuts;milk.
N202673,Supplier sheet: Harvest blueberry muffin 6 pk pack of 1. Store at ambient. Shelf life 170 days. Allergens: gluten;egg.
N202115,Supplier sheet: Harvest vanilla icecream 330 ml pack of 2. Store at -18C. Shelf life 131 days. Allergens: gluten;fish.
N202209,Supplier sheet: Valley sourdough loaf 1 L pack of 6. Store at ambient. Shelf life 47 days. Allergens: gluten;egg.
N200405,Supplier sheet: Orchard tortilla chips 6 pk pack of 2. Store at ambient. Shelf life 140 days. Allergens: nuts;milk.
N200930,Supplier sheet: Harvest avocado ripe 500 g pack of 1. Store at chilled. Shelf life 77 days. Allergens: none.
N200659,Supplier sheet: Orchard margherita pizza 250 ml pack of 2. Store at -18C. Shelf life 115 days. Allergens: gluten;fish.
N201655,Supplier sheet: Northfield shampoo daily 500 g pack of 12. Store at ambient. Shelf life 25 days. Allergens: none.
N202682,Supplier sheet: Valley avocado ripe 1 kg pack of 2. Store at chilled. Shelf life 46 days. Allergens: none.
N200258,Supplier sheet: Northfield baby spinach 500 g pack of 12. Store at chilled. Shelf life 139 days. Allergens: none.
N200830,Supplier sheet: Bluebell bin liners 1 L pack of 12. Store at ambient. Shelf life 145 days. Allergens: none.
N200615,Supplier sheet: Bluebell body lotion 750 g pack of 12. Store at ambient. Shelf life 4 days. Allergens: none.
N202646,Supplier sheet: Valley dish soap 2 L pack of 6. Store at ambient. Shelf life 40 days. Allergens: none.
N202570,Supplier sheet: Bluebell avocado ripe 500 g pack of 12. Store at chilled. Shelf life 110 days. Allergens: none.
N202128N,Supplier sheet: ORCHARD CHEDDAR CHEESE 1 L PACK OF 4  . Store at chilled. Shelf life 163 days. Allergens: milk.
N201769,Supplier sheet: Northfield seeded bagel 1 kg pack of 4. Store at ambient. Shelf life 122 days. Allergens: gluten;egg.
N200863,Supplier sheet: Valley toothpaste mint 2 L pack of 4. Store at ambient. Shelf life 128 days. Allergens: none.
N202368,Supplier sheet: Northfield greek yogurt 2 L pack of 2. Store at chilled. Shelf life 71 days. Allergens: milk.
N202352,Supplier sheet: Orchard double cream 1 L pack of 6. Store at chilled. Shelf life 12 days. Allergens: milk.
N201400,Supplier sheet: Bluebell cheddar cheese 2 L pack of 2. Store at chilled. Shelf life 138 days. Allergens: milk.
N200992,Supplier sheet: Bluebell cheddar cheese 250 ml pack of 4. Store at chilled. Shelf life 144 days. Allergens: milk.
N200351,Supplier sheet: Meadow hand soap 500 g pack of 2. Store at ambient. Shelf life 81 days. Allergens: none.
N202499,Supplier sheet: Bluebell vanilla icecream 750 g pack of 1. Store at -18C. Shelf life 92 days. Allergens: gluten;fish.
N201721,Supplier sheet: Meadow sourdough loaf 750 g pack of 1. Store at ambient. Shelf life 44 days. Allergens: gluten;egg.
N202945,Supplier sheet: Northfield wholemeal bread 2 L pack of 1. Store at ambient. Shelf life 83 days. Allergens: gluten;egg.
N202566,Supplier sheet: Meadow laundry pods 1 L pack of 6. Store at ambient. Shelf life 45 days. Allergens: none.
N200128,Supplier sheet: Orchard whole milk 500 g pack of 6. Store at chilled. Shelf life 77 days. Allergens: milk.
N202103,Supplier sheet: Valley body lotion 750 g pack of 6. Store at ambient. Shelf life 26 days. Allergens: none.
N202241,Supplier sheet: Orchard blueberry muffin 500 g pack of 1. Store at ambient. Shelf life 110 days. Allergens: gluten;egg.
N201031,Supplier sheet: Harvest toothpaste mint 1 kg pack of 2. Store at ambient. Shelf life 46 days. Allergens: none.
N200691,Supplier sheet: Northfield mixed berries 6 pk pack of 6. Store at -18C. Shelf life 131 days. Allergens: gluten;fish.
N200890,Supplier sheet: Valley cherry tomato 1 kg pack of 1. Store at chilled. Shelf life 94 days. Allergens: none.
N201763,Supplier sheet: Meadow fish fingers 250 ml pack of 4. Store at -18C. Shelf life 161 days. Allergens: gluten;fish.
N202992,Supplier sheet: Northfield salted butter 2 L pack of 12. Store at chilled. Shelf life 42 days. Allergens: milk.
N200652,Supplier sheet: Meadow sparkling water 2 L pack of 6. Store at ambient. Shelf life 51 days. Allergens: none.
N201837,Supplier sheet: Northfield tortilla chips 250 ml pack of 4. Store at ambient. Shelf life 46 days. Allergens: nuts;milk.
N200265,Supplier sheet: Meadow wholemeal bread 330 ml pack of 4. Store at ambient. Shelf life 114 days. Allergens: gluten;egg.
N202081,Supplier sheet: Northfield sourdough loaf 6 pk pack of 1. Store at ambient. Shelf life 21 days. Allergens: gluten;egg.
N200897,Supplier sheet: Valley sourdough loaf 1 L pack of 4. Store at ambient. Shelf life 124 days. Allergens: gluten;egg.
N202622,Supplier sheet: Northfield laundry pods 330 ml pack of 6. Store at ambient. Shelf life 147 days. Allergens: none.
N201866,Supplier sheet: Valley avocado ripe 1 L pack of 6. Store at chilled. Shelf life 122 days. Allergens: none.
N200926,Supplier sheet: Meadow laundry pods 2 L pack of 12. Store at ambient. Shelf life 26 days. Allergens: none.
N202466,Supplier sheet: Harvest baby spinach 250 ml pack of 1. Store at chilled. Shelf life 90 days. Allergens: none.
N202950,Supplier sheet: Orchard dish soap 2 L pack of 2. Store at ambient. Shelf life 97 days. Allergens: none.
N201007,Supplier sheet: Orchard razor blades 250 ml pack of 6. Store at ambient. Shelf life 72 days. Allergens: none. Rep contact rep4@example-supplier.test
N202130,Supplier sheet: Harvest baby spinach 330 ml pack of 6. Store at chilled. Shelf life 85 days. Allergens: none.
N201386,Supplier sheet: Valley cherry tomato 500 g pack of 12. Store at chilled. Shelf life 137 days. Allergens: none.
N201714,Supplier sheet: Valley avocado ripe 330 ml pack of 4. Store at chilled. Shelf life 150 days. Allergens: none.
N201481,Supplier sheet: Bluebell wholemeal bread 500 g pack of 1. Store at ambient. Shelf life 56 days. Allergens: gluten;egg.
N202435N,Supplier sheet: MEADOW MARGHERITA PIZZA 250 ML PACK OF 2  . Store at -18C. Shelf life 61 days. Allergens: gluten;fish.
N200441,Supplier sheet: Harvest wholemeal bread 250 ml pack of 2. Store at ambient. Shelf life 39 days. Allergens: gluten;egg.
N201112,Supplier sheet: Valley cheddar cheese 2 L pack of 4. Store at chilled. Shelf life 74 days. Allergens: milk.
N200157,Supplier sheet: Valley trail mix 250 ml pack of 12. Store at ambient. Shelf life 99 days. Allergens: nuts;milk.
N202755,Supplier sheet: Meadow mixed berries 500 g pack of 12. Store at -18C. Shelf life 129 days. Allergens: gluten;fish.
N201249,Supplier sheet: Northfield butter croissant 330 ml pack of 1. Store at ambient. Shelf life 50 days. Allergens: gluten;egg.
N200669,Supplier sheet: Northfield trail mix 2 L pack of 12. Store at ambient. Shelf life 41 days. Allergens: nuts;milk.
N202423,Supplier sheet: Northfield razor blades 1 kg pack of 4. Store at ambient. Shelf life 8 days. Allergens: none.
N202968,Supplier sheet: Bluebell whole milk 6 pk pack of 1. Store at chilled. Shelf life 19 days. Allergens: milk.
N202860,Supplier sheet: Valley oat drink 500 g pack of 4. Store at ambient. Shelf life 12 days. Allergens: none.
N200074,Supplier sheet: Valley baby spinach 1 L pack of 1. Store at chilled. Shelf life 39 days. Allergens: none.
N200827,Supplier sheet: Meadow vanilla icecream 500 g pack of 2. Store at -18C. Shelf life 126 days. Allergens: gluten;fish.
N202206,Supplier sheet: Orchard glass cleaner 1 L pack of 1. Store at ambient. Shelf life 140 days. Allergens: none.
N200436,Supplier sheet: Bluebell sparkling water 750 g pack of 4. Store at ambient. Shelf life 175 days. Allergens: none.
N200736,Supplier sheet: Harvest salted butter 750 g pack of 12. Store at chilled. Shelf life 99 days. Allergens: milk.
N202348,Supplier sheet: Northfield cold brew 750 g pack of 12. Store at ambient. Shelf life 83 days. Allergens: none.
N202467,Supplier sheet: Northfield garden peas 250 ml pack of 6. Store at -18C. Shelf life 162 days. Allergens: gluten;fish.
N201772,Supplier sheet: Harvest cold brew 250 ml pack of 1. Store at ambient. Shelf life 29 days. Allergens: none.
N201686,Supplier sheet: Orchard dish soap 2 L pack of 1. Store at ambient. Shelf life 114 days. Allergens: none.
N202942,Supplier sheet: Meadow laundry pods 1 L pack of 4. Store at ambient. Shelf life 147 days. Allergens: none.
N200609,Supplier sheet: Bluebell butter croissant 6 pk pack of 2. Store at ambient. Shelf life 91 days. Allergens: gluten;egg.
N200582,Supplier sheet: Harvest dish soap 6 pk pack of 6. Store at ambient. Shelf life 49 days. Allergens: none.
N202600,Supplier sheet: Valley greek yogurt 6 pk pack of 4. Store at chilled. Shelf life 112 days. Allergens: milk.
N202563,Supplier sheet: Meadow mixed berries 250 ml pack of 12. Store at -18C. Shelf life 179 days. Allergens: gluten;fish.
N201975,Supplier sheet: Orchard hand soap 2 L pack of 1. Store at ambient. Shelf life 44 days. Allergens: none.
N202853,Supplier sheet: Meadow rice cakes 750 g pack of 4. Store at ambient. Shelf life 102 days. Allergens: nuts;milk.
N200295,Supplier sheet: Orchard body lotion 6 pk pack of 2. Store at ambient. Shelf life 11 days. Allergens: none.
N202319,Supplier sheet: Orchard body lotion 1 L pack of 2. Store at ambient. Shelf life 44 days. Allergens: none.
N200565,Supplier sheet: Meadow trail mix 2 L pack of 1. Store at ambient. Shelf life 138 days. Allergens: nuts;milk.
N201946,Supplier sheet: Orchard banana bunch 500 g pack of 2. Store at chilled. Shelf life 90 days. Allergens: none.
N201123,Supplier sheet: Orchard vanilla icecream 330 ml pack of 2. Store at -18C. Shelf life 38 days. Allergens: gluten;fish.
N201695,Supplier sheet: Harvest hand soap 1 kg pack of 1. Store at ambient. Shelf life 62 days. Allergens: none.
N201994,Supplier sheet: Northfield cherry tomato 2 L pack of 12. Store at chilled. Shelf life 24 days. Allergens: none.
N200813,Supplier sheet: Orchard tortilla chips 1 kg pack of 4. Store at ambient. Shelf life 140 days. Allergens: nuts;milk.
N200131,Supplier sheet: Bluebell fish fingers 2 L pack of 12. Store at -18C. Shelf life 169 days. Allergens: gluten;fish.
N202195,Supplier sheet: Valley margherita pizza 750 g pack of 6. Store at -18C. Shelf life 21 days. Allergens: gluten;fish.
N201701,Supplier sheet: Northfield trail mix 250 ml pack of 2. Store at ambient. Shelf life 45 days. Allergens: nuts;milk.
N202218,Supplier sheet: Bluebell banana bunch 250 ml pack of 6. Store at chilled. Shelf life 154 days. Allergens: none.
N201108,Supplier sheet: Northfield orange juice 750 g pack of 4. Store at ambient. Shelf life 158 days. Allergens: none.
N202111,Supplier sheet: Northfield hand soap 1 kg pack of 12. Store at ambient. Shelf life 138 days. Allergens: none.
N201783,Supplier sheet: Orchard shampoo daily 1 kg pack of 4. Store at ambient. Shelf life 129 days. Allergens: none.
N200714,Supplier sheet: Bluebell baby spinach 1 kg pack of 1. Store at chilled. Shelf life 155 days. Allergens: none.
N201619,Supplier sheet: Harvest margherita pizza 6 pk pack of 2. Store at -18C. Shelf life 69 days. Allergens: gluten;fish.
N201582,Supplier sheet: Harvest bin liners 250 ml pack of 2. Store at ambient. Shelf life 161 days. Allergens: none.
N200338,Supplier sheet: Valley gala apple 1 kg pack of 1. Store at chilled. Shelf life 159 days. Allergens: none.
N201215,Supplier sheet: Harvest hand soap 330 ml pack of 1. Store at ambient. Shelf life 43 days. Allergens: none.
N201220,Supplier sheet: Orchard cola zero 250 ml pack of 4. Store at ambient. Shelf life 15 days. Allergens: none.
N200753,Supplier sheet: Valley wholemeal bread 250 ml pack of 6. Store at ambient. Shelf life 95 days. Allergens: gluten;egg.
N201773,Supplier sheet: Bluebell dark chocolate 250 ml pack of 1. Store at ambient. Shelf life 137 days. Allergens: nuts;milk.
N200555,Supplier sheet: Valley garden peas 1 kg pack of 1. Store at -18C. Shelf life 153 days. Allergens: gluten;fish.
N202107,Supplier sheet: Orchard vanilla icecream 1 kg pack of 1. Store at -18C. Shelf life 28 days. Allergens: gluten;fish.
N201625,Supplier sheet: Harvest seeded bagel 750 g pack of 1. Store at ambient. Shelf life 69 days. Allergens: gluten;egg.
N202357,Supplier sheet: Northfield trail mix 250 ml pack of 1. Store at ambient. Shelf life 138 days. Allergens: nuts;milk.
N202069,Supplier sheet: Harvest trail mix 2 L pack of 6. Store at ambient. Shelf life 13 days. Allergens: nuts;milk.
N202500,Supplier sheet: Orchard oat drink 250 ml pack of 4. Store at ambient. Shelf life 130 days. Allergens: none.
N201502,Supplier sheet: Valley laundry pods 750 g pack of 4. Store at ambient. Shelf life 54 days. Allergens: none.
N200454,Supplier sheet: Harvest dish soap 1 kg pack of 1. Store at ambient. Shelf life 6 days. Allergens: none. Rep contact rep26@example-supplier.test
N202824,Supplier sheet: Valley greek yogurt 330 ml pack of 12. Store at chilled. Shelf life 45 days. Allergens: milk.
N201443,Supplier sheet: Harvest mixed berries 250 ml pack of 4. Store at -18C. Shelf life 134 days. Allergens: gluten;fish. Call +1-555-0115-1015
N200008,Supplier sheet: Orchard whole milk 2 L pack of 6. Store at chilled. Shelf life 157 days. Allergens: milk.
N201953,Supplier sheet: Northfield wholemeal bread 500 g pack of 2. Store at ambient. Shelf life 17 days. Allergens: gluten;egg.
N200024,Supplier sheet: Valley whole milk 500 g pack of 1. Store at chilled. Shelf life 85 days. Allergens: milk.
N200282,Supplier sheet: Orchard gala apple 6 pk pack of 2. Store at chilled. Shelf life 38 days. Allergens: none.
N202073,Supplier sheet: Northfield wholemeal bread 250 ml pack of 2. Store at ambient. Shelf life 123 days. Allergens: gluten;egg.
N202481,Supplier sheet: Meadow butter croissant 1 kg pack of 6. Store at ambient. Shelf life 141 days. Allergens: gluten;egg.
N200317,Supplier sheet: Harvest tortilla chips 1 kg pack of 1. Store at ambient. Shelf life 173 days. Allergens: nuts;milk.
N200411,Supplier sheet: Meadow mixed berries 6 pk pack of 1. Store at -18C. Shelf life 65 days. Allergens: gluten;fish.
N201511,Supplier sheet: Harvest hand soap 330 ml pack of 6. Store at ambient. Shelf life 55 days. Allergens: none.
N201670,Supplier sheet: Northfield glass cleaner 2 L pack of 12. Store at ambient. Shelf life 57 days. Allergens: none.
N202277,Supplier sheet: Northfield dark chocolate 2 L pack of 2. Store at ambient. Shelf life 137 days. Allergens: nuts;milk.
N200751,Supplier sheet: Harvest body lotion 1 kg pack of 12. Store at ambient. Shelf life 81 days. Allergens: none.
N200855,Supplier sheet: Harvest razor blades 330 ml pack of 12. Store at ambient. Shelf life 7 days. Allergens: none.
N201765,Supplier sheet: Valley tortilla chips 1 L pack of 12. Store at ambient. Shelf life 170 days. Allergens: nuts;milk.
N201164,Supplier sheet: Northfield orange juice 750 g pack of 4. Store at ambient. Shelf life 21 days. Allergens: none.
N200409,Supplier sheet: Orchard sourdough loaf 500 g pack of 2. Store at ambient. Shelf life 167 days. Allergens: gluten;egg.
N200045,Supplier sheet: Orchard rice cakes 2 L pack of 12. Store at ambient. Shelf life 31 days. Allergens: nuts;milk.
N200154,Supplier sheet: Valley avocado ripe 6 pk pack of 12. Store at chilled. Shelf life 98 days. Allergens: none.
N202655,Supplier sheet: Bluebell shampoo daily 500 g pack of 2. Store at ambient. Shelf life 58 days. Allergens: none.
N200273,Supplier sheet: Meadow sourdough loaf 750 g pack of 2. Store at ambient. Shelf life 124 days. Allergens: gluten;egg.
N201349,Supplier sheet: Orchard rice cakes 1 L pack of 12. Store at ambient. Shelf life 74 days. Allergens: nuts;milk.
N202454,Supplier sheet: Meadow bin liners 500 g pack of 4. Store at ambient. Shelf life 68 days. Allergens: none. Call +1-555-0125-1025
N200412,Supplier sheet: Valley orange juice 6 pk pack of 1. Store at ambient. Shelf life 87 days. Allergens: none.
N201604,Supplier sheet: Valley oat drink 750 g pack of 2. Store at ambient. Shelf life 174 days. Allergens: none.
N202355,Supplier sheet: Meadow fish fingers 1 L pack of 1. Store at -18C. Shelf life 46 days. Allergens: gluten;fish.
N202223,Supplier sheet: Bluebell toothpaste mint 1 L pack of 4. Store at ambient. Shelf life 41 days. Allergens: none.
N202435,Supplier sheet: Meadow margherita pizza 250 ml pack of 2. Store at -18C. Shelf life 14 days. Allergens: gluten;fish.
N200848,Supplier sheet: Northfield cheddar cheese 6 pk pack of 1. Store at chilled. Shelf life 133 days. Allergens: milk.
N201856,Supplier sheet: Orchard cheddar cheese 1 L pack of 4. Store at chilled. Shelf life 122 days. Allergens: milk.
N201002,Supplier sheet: Valley avocado ripe 330 ml pack of 6. Store at chilled. Shelf life 110 days. Allergens: none.
N201664,Supplier sheet: Valley greek yogurt 250 ml pack of 1. Store at chilled. Shelf life 7 days. Allergens: milk.
N200188,Supplier sheet: Bluebell cold brew 250 ml pack of 2. Store at ambient. Shelf life 142 days. Allergens: none.
N202067,Supplier sheet: Orchard margherita pizza 750 g pack of 12. Store at -18C. Shelf life 146 days. Allergens: gluten;fish.
N200446,Supplier sheet: Valley bin liners 250 ml pack of 12. Store at ambient. Shelf life 170 days. Allergens: none.
N200164,Supplier sheet: Bluebell cola zero 1 L pack of 4. Store at ambient. Shelf life 167 days. Allergens: none.
N200787,Supplier sheet: Meadow margherita pizza 750 g pack of 12. Store at -18C. Shelf life 49 days. Allergens: gluten;fish.
N201792,Supplier sheet: Orchard cheddar cheese 750 g pack of 1. Store at chilled. Shelf life 128 days. Allergens: milk.
N202592,Supplier sheet: Bluebell salted butter 1 kg pack of 6. Store at chilled. Shelf life 74 days. Allergens: milk.
N201594,Supplier sheet: Bluebell cherry tomato 250 ml pack of 6. Store at chilled. Shelf life 108 days. Allergens: none.
N200468,Supplier sheet: Northfield sparkling water 6 pk pack of 6. Store at ambient. Shelf life 61 days. Allergens: none.
N201389,Supplier sheet: Meadow dark chocolate 1 L pack of 12. Store at ambient. Shelf life 119 days. Allergens: nuts;milk.
N202947,Supplier sheet: Bluebell garden peas 750 g pack of 2. Store at -18C. Shelf life 171 days. Allergens: gluten;fish.
N202906,Supplier sheet: Meadow banana bunch 750 g pack of 12. Store at chilled. Shelf life 118 days. Allergens: none.
N201065,Supplier sheet: Harvest butter croissant 2 L pack of 1. Store at ambient. Shelf life 165 days. Allergens: gluten;egg.
N200517,Supplier sheet: Northfield tortilla chips 1 kg pack of 2. Store at ambient. Shelf life 167 days. Allergens: nuts;milk.
N200834,Supplier sheet: Harvest cherry tomato 750 g pack of 12. Store at chilled. Shelf life 24 days. Allergens: none.
N201971,Supplier sheet: Orchard margherita pizza 6 pk pack of 4. Store at -18C. Shelf life 173 days. Allergens: gluten;fish.
N200364,Supplier sheet: Valley orange juice 2 L pack of 2. Store at ambient. Shelf life 147 days. Allergens: none.
N200060,Supplier sheet: Meadow oat drink 750 g pack of 4. Store at ambient. Shelf life 78 days. Allergens: none.
N202806,Supplier sheet: Meadow glass cleaner 2 L pack of 4. Store at ambient. Shelf life 109 days. Allergens: none.
N200604,Supplier sheet: Valley orange juice 500 g pack of 12. Store at ambient. Shelf life 112 days. Allergens: none.
N200532,Supplier sheet: Northfield cola zero 500 g pack of 4. Store at ambient. Shelf life 142 days. Allergens: none.
N200153,Supplier sheet: Harvest blueberry muffin 330 ml pack of 4. Store at ambient. Shelf life 145 days. Allergens: gluten;egg.
N200600,Supplier sheet: Bluebell salted butter 1 L pack of 1. Store at chilled. Shelf life 21 days. Allergens: milk.
N200047,Supplier sheet: Orchard hand soap 1 L pack of 2. Store at ambient. Shelf life 3 days. Allergens: none.
N201162,Supplier sheet: Bluebell cherry tomato 750 g pack of 12. Store at chilled. Shelf life 46 days. Allergens: none.
N202684,Supplier sheet: Harvest oat drink 1 kg pack of 6. Store at ambient. Shelf life 96 days. Allergens: none.
N200780,Supplier sheet: Meadow orange juice 2 L pack of 2. Store at ambient. Shelf life 153 days. Allergens: none.
N200710,Supplier sheet: Meadow paper towel 750 g pack of 6. Store at ambient. Shelf life 118 days. Allergens: none.
N202629,Supplier sheet: Meadow rice cakes 250 ml pack of 2. Store at ambient. Shelf life 27 days. Allergens: nuts;milk.
N201378,Supplier sheet: Valley cherry tomato 6 pk pack of 4. Store at chilled. Shelf life 129 days. Allergens: none.
N202370,Supplier sheet: Bluebell baby spinach 750 g pack of 6. Store at chilled. Shelf life 85 days. Allergens: none.
N200342,Supplier sheet: Valley bin liners 6 pk pack of 2. Store at ambient. Shelf life 68 days. Allergens: none.
N200066,Supplier sheet: Bluebell baby spinach 500 g pack of 12. Store at chilled. Shelf life 139 days. Allergens: none. Call +1-555-0123-1023
N202704,Supplier sheet: Valley double cream 1 kg pack of 2. Store at chilled. Shelf life 55 days. Allergens: milk.
N200429,Supplier sheet: Meadow rice cakes 1 L pack of 4. Store at ambient. Shelf life 112 days. Allergens: nuts;milk.
N202957,Supplier sheet: Bluebell trail mix 1 L pack of 2. Store at ambient. Shelf life 35 days. Allergens: nuts;milk.
N201322,Supplier sheet: Meadow banana bunch 250 ml pack of 1. Store at chilled. Shelf life 70 days. Allergens: none.
N202035,Supplier sheet: Meadow margherita pizza 750 g pack of 2. Store at -18C. Shelf life 101 days. Allergens: gluten;fish.
N202872,Supplier sheet: Harvest salted butter 750 g pack of 4. Store at chilled. Shelf life 113 days. Allergens: milk.
N202224,Supplier sheet: Harvest greek yogurt 750 g pack of 12. Store at chilled. Shelf life 165 days. Allergens: milk.
N201564N,Supplier sheet: MEADOW OAT DRINK 500 G PACK OF 1  . Store at ambient. Shelf life 54 days. Allergens: none.
N202907,Supplier sheet: Harvest vanilla icecream 2 L pack of 4. Store at -18C. Shelf life 161 days. Allergens: gluten;fish.
N200041,Supplier sheet: Orchard butter croissant 250 ml pack of 12. Store at ambient. Shelf life 147 days. Allergens: gluten;egg.
N202253,Supplier sheet: Valley rice cakes 1 L pack of 2. Store at ambient. Shelf life 66 days. Allergens: nuts;milk.
N201045,Supplier sheet: Valley rice cakes 6 pk pack of 4. Store at ambient. Shelf life 27 days. Allergens: nuts;milk.
N200546,Supplier sheet: Orchard gala apple 330 ml pack of 12. Store at chilled. Shelf life 48 days. Allergens: none.
N200316,Supplier sheet: Orchard orange juice 500 g pack of 2. Store at ambient. Shelf life 119 days. Allergens: none.
N201181,Supplier sheet: Orchard salted crisps 330 ml pack of 2. Store at ambient. Shelf life 142 days. Allergens: nuts;milk.
N200662,Supplier sheet: Northfield bin liners 750 g pack of 4. Store at ambient. Shelf life 111 days. Allergens: none.
N202215,Supplier sheet: Meadow hand soap 750 g pack of 12. Store at ambient. Shelf life 131 days. Allergens: none.
N202416,Supplier sheet: Harvest double cream 1 L pack of 12. Store at chilled. Shelf life 20 days. Allergens: milk.
N200120,Supplier sheet: Harvest salted butter 6 pk pack of 1. Store at chilled. Shelf life 92 days. Allergens: milk.
N202118,Supplier sheet: Northfield laundry pods 330 ml pack of 6. Store at ambient. Shelf life 157 days. Allergens: none.
N201867,Supplier sheet: Valley margherita pizza 1 kg pack of 4. Store at -18C. Shelf life 71 days. Allergens: gluten;fish.
N201423,Supplier sheet: Meadow body lotion 1 kg pack of 6. Store at ambient. Shelf life 162 days. Allergens: none.
N202794,Supplier sheet: Harvest avocado ripe 250 ml pack of 1. Store at chilled. Shelf life 24 days. Allergens: none.
N202240,Supplier sheet: Meadow double cream 250 ml pack of 2. Store at chilled. Shelf life 176 days. Allergens: milk.
N201880,Supplier sheet: Valley double cream 6 pk pack of 6. Store at chilled. Shelf life 141 days. Allergens: milk.
N201881,Supplier sheet: Harvest wholemeal bread 250 ml pack of 6. Store at ambient. Shelf life 113 days. Allergens: gluten;egg.
N201461,Supplier sheet: Meadow salted crisps 500 g pack of 1. Store at ambient. Shelf life 112 days. Allergens: nuts;milk.
N202173,Supplier sheet: Meadow rice cakes 750 g pack of 1. Store at ambient. Shelf life 168 days. Allergens: nuts;milk.
N202538,Supplier sheet: Northfield gala apple 1 kg pack of 4. Store at chilled. Shelf life 69 days. Allergens: none.
N201046,Supplier sheet: Meadow glass cleaner 250 ml pack of 12. Store at ambient. Shelf life 32 days. Allergens: none. Rep contact rep14@example-supplier.test
N200542,Supplier sheet: Meadow paper towel 2 L pack of 1. Store at ambient. Shelf life 165 days. Allergens: none.
N200608,Supplier sheet: Harvest whole milk 330 ml pack of 1. Store at chilled. Shelf life 21 days. Allergens: milk.
N200821,Supplier sheet: Harvest tortilla chips 500 g pack of 12. Store at ambient. Shelf life 119 days. Allergens: nuts;milk.
N201414,Supplier sheet: Orchard bin liners 330 ml pack of 2. Store at ambient. Shelf life 50 days. Allergens: none.
N202042,Supplier sheet: Valley cherry tomato 1 L pack of 6. Store at chilled. Shelf life 167 days. Allergens: none.
N202311,Supplier sheet: Valley toothpaste mint 500 g pack of 1. Store at ambient. Shelf life 175 days. Allergens: none.
N200784,Supplier sheet: Meadow greek yogurt 250 ml pack of 6. Store at chilled. Shelf life 86 days. Allergens: milk.
N201235,Supplier sheet: Orchard vanilla icecream 500 g pack of 12. Store at -18C. Shelf life 97 days. Allergens: gluten;fish.
N200798,Supplier sheet: Harvest glass cleaner 750 g pack of 12. Store at ambient. Shelf life 83 days. Allergens: none.
N202313,Supplier sheet: Meadow butter croissant 500 g pack of 12. Store at ambient. Shelf life 78 days. Allergens: gluten;egg.
N202776,Supplier sheet: Harvest greek yogurt 2 L pack of 1. Store at chilled. Shelf life 168 days. Allergens: milk.
N200632,Supplier sheet: Harvest double cream 1 L pack of 4. Store at chilled. Shelf life 53 days. Allergens: milk.
N202803,Supplier sheet: Harvest margherita pizza 250 ml pack of 6. Store at -18C. Shelf life 172 days. Allergens: gluten;fish.
N202835,Supplier sheet: Orchard vanilla icecream 500 g pack of 1. Store at -18C. Shelf life 118 days. Allergens: gluten;fish.
N201789,Supplier sheet: Northfield rice cakes 500 g pack of 4. Store at ambient. Shelf life 173 days. Allergens: nuts;milk.
N201048,Supplier sheet: Meadow greek yogurt 500 g pack of 4. Store at chilled. Shelf life 111 days. Allergens: milk.
N202271,Supplier sheet: Harvest hand soap 6 pk pack of 12. Store at ambient. Shelf life 147 days. Allergens: none.
N200042,Supplier sheet: Orchard baby spinach 750 g pack of 4. Store at chilled. Shelf life 89 days. Allergens: none.
N202116,Supplier sheet: Northfield cola zero 2 L pack of 4. Store at ambient. Shelf life 84 days. Allergens: none. Call +1-555-0109-1009
N202070,Supplier sheet: Bluebell glass cleaner 1 kg pack of 12. Store at ambient. Shelf life 48 days. Allergens: none.
N200510,Supplier sheet: Bluebell glass cleaner 2 L pack of 2. Store at ambient. Shelf life 40 days. Allergens: none.
N200788,Supplier sheet: Orchard oat drink 330 ml pack of 4. Store at ambient. Shelf life 9 days. Allergens: none.
N201609,Supplier sheet: Harvest seeded bagel 250 ml pack of 1. Store at ambient. Shelf life 70 days. Allergens: gluten;egg.
N200516,Supplier sheet: Orchard orange juice 750 g pack of 4. Store at ambient. Shelf life 177 days. Allergens: none.
N200683,Supplier sheet: Orchard fish fingers 750 g pack of 12. Store at -18C. Shelf life 169 days. Allergens: gluten;fish.
N201019,Supplier sheet: Meadow garden peas 250 ml pack of 4. Store at -18C. Shelf life 125 days. Allergens: gluten;fish.
N202464,Supplier sheet: Bluebell greek yogurt 750 g pack of 1. Store at chilled. Shelf life 67 days. Allergens: milk.
N202449,Supplier sheet: Meadow seeded bagel 750 g pack of 4. Store at ambient. Shelf life 95 days. Allergens: gluten;egg.
N202004,Supplier sheet: Bluebell sparkling water 750 g pack of 12. Store at ambient. Shelf life 136 days. Allergens: none.
N201230,Supplier sheet: Harvest dish soap 250 ml pack of 4. Store at ambient. Shelf life 3 days. Allergens: none.
N202666,Supplier sheet: Valley gala apple 6 pk pack of 2. Store at chilled. Shelf life 166 days. Allergens: none.
N201094,Supplier sheet: Orchard bin liners 330 ml pack of 4. Store at ambient. Shelf life 157 days. Allergens: none.
N201197,Supplier sheet: Valley dark chocolate 500 g pack of 4. Store at ambient. Shelf life 174 days. Allergens: nuts;milk.
N201620,Supplier sheet: Meadow oat drink 330 ml pack of 12. Store at ambient. Shelf life 19 days. Allergens: none.
N201463,Supplier sheet: Orchard hand soap 1 L pack of 1. Store at ambient. Shelf life 170 days. Allergens: none.
N200058,Supplier sheet: Valley gala apple 6 pk pack of 1. Store at chilled. Shelf life 111 days. Allergens: none.
N200257,Supplier sheet: Orchard sourdough loaf 250 ml pack of 4. Store at ambient. Shelf life 101 days. Allergens: gluten;egg.
N200189,Supplier sheet: Meadow tortilla chips 1 kg pack of 6. Store at ambient. Shelf life 34 days. Allergens: nuts;milk.
N202017,Supplier sheet: Valley butter croissant 1 kg pack of 12. Store at ambient. Shelf life 90 days. Allergens: gluten;egg.
N202663,Supplier sheet: Bluebell shampoo daily 1 L pack of 4. Store at ambient. Shelf life 67 days. Allergens: none.
N202459,Supplier sheet: Harvest garden peas 2 L pack of 6. Store at -18C. Shelf life 177 days. Allergens: gluten;fish.
N201592,Supplier sheet: Bluebell cheddar cheese 1 L pack of 12. Store at chilled. Shelf life 63 days. Allergens: milk.
N200139,Supplier sheet: Valley garden peas 1 kg pack of 1. Store at -18C. Shelf life 41 days. Allergens: gluten;fish.
N201657,Supplier sheet: Valley seeded bagel 250 ml pack of 6. Store at ambient. Shelf life 170 days. Allergens: gluten;egg.
N201122,Supplier sheet: Bluebell avocado ripe 500 g pack of 1. Store at chilled. Shelf life 36 days. Allergens: none.
N201160,Supplier sheet: Valley double cream 2 L pack of 6. Store at chilled. Shelf life 163 days. Allergens: milk.
N202193,Supplier sheet: Orchard wholemeal bread 1 L pack of 4. Store at ambient. Shelf life 173 days. Allergens: gluten;egg.
N200116,Supplier sheet: Bluebell sparkling water 750 g pack of 12. Store at ambient. Shelf life 57 days. Allergens: none.
N200209,Supplier sheet: Northfield seeded bagel 500 g pack of 6. Store at ambient. Shelf life 124 days. Allergens: gluten;egg.
N202082,Supplier sheet: Meadow gala apple 1 L pack of 4. Store at chilled. Shelf life 144 days. Allergens: none.
N201954,Supplier sheet: Meadow avocado ripe 2 L pack of 6. Store at chilled. Shelf life 97 days. Allergens: none.
N200929,Supplier sheet: Orchard butter croissant 1 L pack of 12. Store at ambient. Shelf life 126 days. Allergens: gluten;egg.
N200999,Supplier sheet: Bluebell body lotion 750 g pack of 2. Store at ambient. Shelf life 26 days. Allergens: none.
N201280,Supplier sheet: Valley cheddar cheese 6 pk pack of 6. Store at chilled. Shelf life 94 days. Allergens: milk.
N202561,Supplier sheet: Orchard blueberry muffin 1 L pack of 1. Store at ambient. Shelf life 93 days. Allergens: gluten;egg.
N202009,Supplier sheet: Harvest wholemeal bread 1 kg pack of 4. Store at ambient. Shelf life 103 days. Allergens: gluten;egg.
N201554,Supplier sheet: Bluebell gala apple 500 g pack of 1. Store at chilled. Shelf life 170 days. Allergens: none. Call +1-555-0101-1001
N201091,Supplier sheet: Bluebell mixed berries 750 g pack of 6. Store at -18C. Shelf life 148 days. Allergens: gluten;fish.
N200077,Supplier sheet: Northfield rice cakes 500 g pack of 1. Store at ambient. Shelf life 109 days. Allergens: nuts;milk.
N201537,Supplier sheet: Bluebell wholemeal bread 1 kg pack of 12. Store at ambient. Shelf life 74 days. Allergens: gluten;egg.
N201161,Supplier sheet: Orchard wholemeal bread 500 g pack of 1. Store at ambient. Shelf life 74 days. Allergens: gluten;egg.
N202881,Supplier sheet: Meadow sourdough loaf 2 L pack of 4. Store at ambient. Shelf life 6 days. Allergens: gluten;egg.
N201350,Supplier sheet: Bluebell paper towel 2 L pack of 12. Store at ambient. Shelf life 100 days. Allergens: none.
N202375,Supplier sheet: Northfield shampoo daily 1 L pack of 12. Store at ambient. Shelf life 47 days. Allergens: none.
N201725,Supplier sheet: Harvest rice cakes 1 kg pack of 12. Store at ambient. Shelf life 159 days. Allergens: nuts;milk.
N201428,Supplier sheet: Meadow sparkling water 330 ml pack of 6. Store at ambient. Shelf life 139 days. Allergens: none.
N201653,Supplier sheet: Bluebell tortilla chips 6 pk pack of 12. Store at ambient. Shelf life 164 days. Allergens: nuts;milk.
N202097,Supplier sheet: Meadow sourdough loaf 330 ml pack of 4. Store at ambient. Shelf life 179 days. Allergens: gluten;egg. Call +1-555-0107-1007
N202308,Supplier sheet: Orchard cola zero 2 L pack of 12. Store at ambient. Shelf life 73 days. Allergens: none.
N202941,Supplier sheet: Valley tortilla chips 500 g pack of 4. Store at ambient. Shelf life 78 days. Allergens: nuts;milk.
N202010,Supplier sheet: Orchard cherry tomato 1 kg pack of 1. Store at ambient. Shelf life 110 days. Allergens: none.
N202493,Supplier sheet: Meadow tortilla chips 6 pk pack of 6. Store at ambient. Shelf life 79 days. Allergens: nuts;milk.
N201033,Supplier sheet: Bluebell butter croissant 1 L pack of 2. Store at ambient. Shelf life 52 days. Allergens: gluten;egg.
N202583,Supplier sheet: Northfield toothpaste mint 1 kg pack of 6. Store at ambient. Shelf life 128 days. Allergens: none.
N202301,Supplier sheet: Bluebell rice cakes 6 pk pack of 1. Store at ambient. Shelf life 82 days. Allergens: nuts;milk.
N202668,Supplier sheet: Northfield cold brew 2 L pack of 2. Store at ambient. Shelf life 169 days. Allergens: none.
N201061,Supplier sheet: Bluebell tortilla chips 750 g pack of 12. Store at ambient. Shelf life 41 days. Allergens: nuts;milk.
N202095,Supplier sheet: Valley toothpaste mint 2 L pack of 4. Store at ambient. Shelf life 81 days. Allergens: none.
N200141,Supplier sheet: Harvest dark chocolate 750 g pack of 2. Store at ambient. Shelf life 97 days. Allergens: nuts;milk.
N201143,Supplier sheet: Bluebell toothpaste mint 1 L pack of 12. Store at ambient. Shelf life 163 days. Allergens: none.
N200490,Supplier sheet: Harvest cherry tomato 1 kg pack of 2. Store at chilled. Shelf life 105 days. Allergens: none.
N202131,Supplier sheet: Northfield fish fingers 2 L pack of 4. Store at -18C. Shelf life 15 days. Allergens: gluten;fish.
N202578,Supplier sheet: Valley baby spinach 750 g pack of 6. Store at chilled. Shelf life 62 days. Allergens: none.
N201224,Supplier sheet: Northfield double cream 6 pk pack of 1. Store at chilled. Shelf life 159 days. Allergens: milk.
N200162,Supplier sheet: Orchard gala apple 2 L pack of 2. Store at chilled. Shelf life 51 days. Allergens: none.
N201267,Supplier sheet: Orchard garden peas 330 ml pack of 12. Store at -18C. Shelf life 63 days. Allergens: gluten;fish.
N202909,Supplier sheet: Orchard tortilla chips 1 kg pack of 2. Store at ambient. Shelf life 29 days. Allergens: nuts;milk.
N201168,Supplier sheet: Northfield whole milk 2 L pack of 1. Store at chilled. Shelf life 130 days. Allergens: milk.
N200422,Supplier sheet: Harvest glass cleaner 500 g pack of 4. Store at ambient. Shelf life 27 days. Allergens: none.
N201710,Supplier sheet: Bluebell paper towel 330 ml pack of 1. Store at ambient. Shelf life 68 days. Allergens: none.
N202922,Supplier sheet: Orchard gala apple 250 ml pack of 1. Store at chilled. Shelf life 128 days. Allergens: none.
N200158,Supplier sheet: Harvest glass cleaner 6 pk pack of 1. Store at ambient. Shelf life 161 days. Allergens: none.
N202267,Supplier sheet: Orchard garden peas 1 L pack of 1. Store at -18C. Shelf life 42 days. Allergens: gluten;fish.
N201514,Supplier sheet: Meadow gala apple 2 L pack of 4. Store at chilled. Shelf life 61 days. Allergens: none.
N202632,Supplier sheet: Bluebell whole milk 250 ml pack of 1. Store at chilled. Shelf life 23 days. Allergens: milk.
N200814,Supplier sheet: Bluebell paper towel 330 ml pack of 2. Store at ambient. Shelf life 80 days. Allergens: none.
N200275,Supplier sheet: Northfield fish fingers 1 kg pack of 1. Store at -18C. Shelf life 179 days. Allergens: gluten;fish.
N201055,Supplier sheet: Northfield body lotion 330 ml pack of 2. Store at ambient. Shelf life 56 days. Allergens: none.
N202495,Supplier sheet: Valley body lotion 250 ml pack of 12. Store at ambient. Shelf life 49 days. Allergens: none.
N201332,Supplier sheet: Valley cold brew 1 kg pack of 1. Store at ambient. Shelf life 73 days. Allergens: none.
N202616,Supplier sheet: Bluebell cheddar cheese 1 kg pack of 1. Store at chilled. Shelf life 161 days. Allergens: milk.
N202123,Supplier sheet: Bluebell margherita pizza 2 L pack of 6. Store at -18C. Shelf life 99 days. Allergens: gluten;fish.
N202089,Supplier sheet: Harvest sourdough loaf 250 ml pack of 6. Store at ambient. Shelf life 110 days. Allergens: gluten;egg.
N202808,Supplier sheet: Meadow cheddar cheese 2 L pack of 4. Store at chilled. Shelf life 141 days. Allergens: milk.
N200826,Supplier sheet: Meadow avocado ripe 330 ml pack of 6. Store at chilled. Shelf life 129 days. Allergens: none.
N200068,Supplier sheet: Meadow orange juice 2 L pack of 1. Store at ambient. Shelf life 108 days. Allergens: none.
N201649,Supplier sheet: Meadow seeded bagel 1 kg pack of 12. Store at ambient. Shelf life 102 days. Allergens: gluten;egg.
N201321,Supplier sheet: Meadow butter croissant 500 g pack of 6. Store at ambient. Shelf life 97 days. Allergens: gluten;egg.
N202274,Supplier sheet: Harvest avocado ripe 2 L pack of 1. Store at chilled. Shelf life 35 days. Allergens: none.
N201803,Supplier sheet: Northfield fish fingers 750 g pack of 1. Store at -18C. Shelf life 76 days. Allergens: gluten;fish.
N201888,Supplier sheet: Orchard whole milk 1 L pack of 1. Store at chilled. Shelf life 152 days. Allergens: milk.
N201407,Supplier sheet: Valley shampoo daily 1 L pack of 12. Store at ambient. Shelf life 9 days. Allergens: none.
N202774,Supplier sheet: Valley bin liners 330 ml pack of 12. Store at ambient. Shelf life 149 days. Allergens: none.
N200308,Supplier sheet: Valley oat drink 750 g pack of 2. Store at ambient. Shelf life 103 days. Allergens: none.
N201190,Supplier sheet: Northfield paper towel 2 L pack of 1. Store at ambient. Shelf life 64 days. Allergens: none.
N201503,Supplier sheet: Orchard toothpaste mint 330 ml pack of 4. Store at ambient. Shelf life 23 days. Allergens: none.
N200127,Supplier sheet: Harvest shampoo daily 2 L pack of 4. Store at ambient. Shelf life 138 days. Allergens: none.
N201618,Supplier sheet: Northfield gala apple 500 g pack of 2. Store at chilled. Shelf life 3 days. Allergens: none.
N202825,Supplier sheet: Bluebell blueberry muffin 500 g pack of 1. Store at ambient. Shelf life 99 days. Allergens: gluten;egg.
N202911,Supplier sheet: Harvest hand soap 1 kg pack of 1. Store at ambient. Shelf life 31 days. Allergens: none.
N200057,Supplier sheet: Harvest seeded bagel 750 g pack of 2. Store at ambient. Shelf life 163 days. Allergens: gluten;egg.
N200513,Supplier sheet: Harvest seeded bagel 330 ml pack of 2. Store at ambient. Shelf life 35 days. Allergens: gluten;egg.
N200539,Supplier sheet: Northfield margherita pizza 1 kg pack of 4. Store at -18C. Shelf life 145 days. Allergens: gluten;fish.
N202461,Supplier sheet: Northfield rice cakes 500 g pack of 12. Store at ambient. Shelf life 104 days. Allergens: nuts;milk.
N200649,Supplier sheet: Orchard butter croissant 750 g pack of 4. Store at ambient. Shelf life 10 days. Allergens: gluten;egg.
N200570,Supplier sheet: Bluebell cherry tomato 1 kg pack of 2. Store at chilled. Shelf life 130 days. Allergens: none.
N200727,Supplier sheet: Orchard razor blades 250 ml pack of 1. Store at ambient. Shelf life 158 days. Allergens: none.
N200728,Supplier sheet: Orchard greek yogurt 6 pk pack of 2. Store at chilled. Shelf life 42 days. Allergens: milk. Call +1-555-0117-1017
N200802,Supplier sheet: Orchard cherry tomato 750 g pack of 1. Store at chilled. Shelf life 174 days. Allergens: none.
N201595,Supplier sheet: Harvest mixed berries 2 L pack of 6. Store at -18C. Shelf life 144 days. Allergens: gluten;fish.
N201310,Supplier sheet: Orchard bin liners 500 g pack of 4. Store at ambient. Shelf life 134 days. Allergens: none.
N202882,Supplier sheet: Meadow avocado ripe 2 L pack of 1. Store at chilled. Shelf life 62 days. Allergens: none.
N202609,Supplier sheet: Bluebell sourdough loaf 250 ml pack of 1. Store at ambient. Shelf life 24 days. Allergens: gluten;egg.
N201176,Supplier sheet: Meadow cheddar cheese 1 L pack of 12. Store at chilled. Shelf life 78 days. Allergens: milk.
N201194,Supplier sheet: Bluebell avocado ripe 1 kg pack of 6. Store at chilled. Shelf life 145 days. Allergens: none.
N202981,Supplier sheet: Valley rice cakes 1 L pack of 4. Store at ambient. Shelf life 106 days. Allergens: nuts;milk.
N202185,Supplier sheet: Valley seeded bagel 1 L pack of 12. Store at ambient. Shelf life 117 days. Allergens: gluten;egg.
N200147,Supplier sheet: Valley margherita pizza 1 kg pack of 6. Store at -18C. Shelf life 141 days. Allergens: gluten;fish.
N201099,Supplier sheet: Bluebell vanilla icecream 2 L pack of 4. Store at -18C. Shelf life 62 days. Allergens: gluten;fish.
N200163,Supplier sheet: Valley mixed berries 750 g pack of 2. Store at -18C. Shelf life 9 days. Allergens: gluten;fish.
N201282,Supplier sheet: Harvest gala apple 750 g pack of 2. Store at chilled. Shelf life 159 days. Allergens: none.
N202327,Supplier sheet: Orchard body lotion 330 ml pack of 12. Store at ambient. Shelf life 111 days. Allergens: none.
N200818,Supplier sheet: Orchard gala apple 250 ml pack of 4. Store at chilled. Shelf life 103 days. Allergens: none.
N202205,Supplier sheet: Bluebell rice cakes 750 g pack of 4. Store at ambient. Shelf life 104 days. Allergens: nuts;milk.
N201820,Supplier sheet: Valley cola zero 1 L pack of 1. Store at ambient. Shelf life 153 days. Allergens: none. Rep contact rep24@example-supplier.test
N200277,Supplier sheet: Harvest salted crisps 1 L pack of 12. Store at ambient. Shelf life 139 days. Allergens: nuts;milk.
N201669,Supplier sheet: Harvest rice cakes 1 L pack of 6. Store at ambient. Shelf life 121 days. Allergens: nuts;milk.
N201299,Supplier sheet: Meadow fish fingers 1 L pack of 1. Store at -18C. Shelf life 141 days. Allergens: gluten;fish.
N200599,Supplier sheet: Northfield hand soap 250 ml pack of 4. Store at ambient. Shelf life 54 days. Allergens: none.
N200416,Supplier sheet: Valley greek yogurt 250 ml pack of 4. Store at chilled. Shelf life 128 days. Allergens: milk.
N202586,Supplier sheet: Valley baby spinach 500 g pack of 12. Store at chilled. Shelf life 175 days. Allergens: none.
N201822,Supplier sheet: Bluebell glass cleaner 1 L pack of 2. Store at ambient. Shelf life 44 days. Allergens: none.
N201372,Supplier sheet: Valley orange juice 1 L pack of 4. Store at ambient. Shelf life 104 days. Allergens: none.
N201692,Supplier sheet: Northfield oat drink 750 g pack of 2. Store at ambient. Shelf life 123 days. Allergens: none.
N200053,Supplier sheet: Orchard trail mix 1 L pack of 12. Store at ambient. Shelf life 94 days. Allergens: nuts;milk.
N201567,Supplier sheet: Meadow toothpaste mint 6 pk pack of 6. Store at ambient. Shelf life 174 days. Allergens: none.
N202328,Supplier sheet: Northfield double cream 6 pk pack of 1. Store at chilled. Shelf life 74 days. Allergens: milk.
N200971,Supplier sheet: Bluebell margherita pizza 2 L pack of 12. Store at -18C. Shelf life 41 days. Allergens: gluten;fish.
N202720,Supplier sheet: Meadow double cream 750 g pack of 6. Store at chilled. Shelf life 27 days. Allergens: milk.
N202183,Supplier sheet: Northfield body lotion 6 pk pack of 1. Store at ambient. Shelf life 153 days. Allergens: none.
N201544,Supplier sheet: Northfield cheddar cheese 250 ml pack of 6. Store at chilled. Shelf life 124 days. Allergens: milk.
N201283,Supplier sheet: Orchard mixed berries 750 g pack of 2. Store at -18C. Shelf life 105 days. Allergens: gluten;fish.
N201451,Supplier sheet: Valley mixed berries 2 L pack of 12. Store at -18C. Shelf life 79 days. Allergens: gluten;fish.
N201136,Supplier sheet: Meadow whole milk 2 L pack of 1. Store at chilled. Shelf life 75 days. Allergens: milk.
N202840,Supplier sheet: Orchard double cream 750 g pack of 2. Store at chilled. Shelf life 168 days. Allergens: milk. Call +1-555-0129-1029
N200914,Supplier sheet: Orchard avocado ripe 330 ml pack of 6. Store at chilled. Shelf life 123 days. Allergens: none.
N201113,Supplier sheet: Orchard blueberry muffin 1 L pack of 1. Store at ambient. Shelf life 173 days. Allergens: gluten;egg.
N202846,Supplier sheet: Bluebell laundry pods 330 ml pack of 1. Store at ambient. Shelf life 144 days. Allergens: none.
N200955,Supplier sheet: Northfield garden peas 500 g pack of 6. Store at -18C. Shelf life 138 days. Allergens: gluten;fish.
N201201,Supplier sheet: Orchard sourdough loaf 2 L pack of 12. Store at ambient. Shelf life 100 days. Allergens: gluten;egg.
N202822,Supplier sheet: Bluebell glass cleaner 330 ml pack of 1. Store at ambient. Shelf life 45 days. Allergens: none.
N202823,Supplier sheet: Harvest body lotion 500 g pack of 12. Store at ambient. Shelf life 118 days. Allergens: none.
N201295,Supplier sheet: Orchard razor blades 250 ml pack of 4. Store at ambient. Shelf life 129 days. Allergens: none.
N200886,Supplier sheet: Harvest dish soap 500 g pack of 12. Store at ambient. Shelf life 95 days. Allergens: none. Rep contact rep0@example-supplier.test
N202861,Supplier sheet: Northfield dark chocolate 6 pk pack of 12. Store at ambient. Shelf life 6 days. Allergens: nuts;milk.
N200101,Supplier sheet: Orchard trail mix 250 ml pack of 6. Store at ambient. Shelf life 172 days. Allergens: nuts;milk.
N200960,Supplier sheet: Meadow greek yogurt 1 kg pack of 2. Store at chilled. Shelf life 149 days. Allergens: milk.
N200226,Supplier sheet: Orchard baby spinach 2 L pack of 2. Store at ambient. Shelf life 65 days. Allergens: none.
N201859,Supplier sheet: Meadow fish fingers 500 g pack of 6. Store at -18C. Shelf life 90 days. Allergens: gluten;fish.
N200705,Supplier sheet: Orchard seeded bagel 330 ml pack of 2. Store at ambient. Shelf life 24 days. Allergens: gluten;egg.
N200924,Supplier sheet: Orchard orange juice 500 g pack of 1. Store at ambient. Shelf life 168 days. Allergens: none.
N200977,Supplier sheet: Meadow wholemeal bread 750 g pack of 4. Store at ambient. Shelf life 43 days. Allergens: gluten;egg.
N202188,Supplier sheet: Harvest orange juice 250 ml pack of 4. Store at ambient. Shelf life 69 days. Allergens: none.
N202404,Supplier sheet: Harvest orange juice 1 L pack of 12. Store at ambient. Shelf life 78 days. Allergens: none.
N200732,Supplier sheet: Northfield oat drink 1 kg pack of 4. Store at ambient. Shelf life 49 days. Allergens: none.
N200730,Supplier sheet: Orchard cherry tomato 6 pk pack of 1. Store at chilled. Shelf life 115 days. Allergens: none.
N201938,Supplier sheet: Harvest gala apple 330 ml pack of 6. Store at chilled. Shelf life 179 days. Allergens: none.
N201498,Supplier sheet: Meadow banana bunch 6 pk pack of 4. Store at chilled. Shelf life 154 days. Allergens: none.
N201958,Supplier sheet: Valley laundry pods 1 L pack of 1. Store at ambient. Shelf life 96 days. Allergens: none.
N201800,Supplier sheet: Bluebell greek yogurt 6 pk pack of 4. Store at chilled. Shelf life 26 days. Allergens: milk.
N202593,Supplier sheet: Northfield wholemeal bread 750 g pack of 4. Store at ambient. Shelf life 155 days. Allergens: gluten;egg. Rep contact rep6@example-supplier.test
N202266,Supplier sheet: Northfield baby spinach 750 g pack of 1. Store at chilled. Shelf life 48 days. Allergens: none.
N202523,Supplier sheet: Northfield vanilla icecream 330 ml pack of 4. Store at -18C. Shelf life 164 days. Allergens: gluten;fish.
N202094,Supplier sheet: Orchard laundry pods 330 ml pack of 2. Store at ambient. Shelf life 72 days. Allergens: none.
N202863,Supplier sheet: Harvest razor blades 1 L pack of 12. Store at ambient. Shelf life 94 days. Allergens: none.
N201705,Supplier sheet: Harvest wholemeal bread 330 ml pack of 6. Store at ambient. Shelf life 80 days. Allergens: gluten;egg.
N200104,Supplier sheet: Valley salted butter 2 L pack of 4. Store at chilled. Shelf life 83 days. Allergens: milk.
N202855,Supplier sheet: Valley hand soap 1 kg pack of 2. Store at ambient. Shelf life 32 days. Allergens: none.
N201435,Supplier sheet: Meadow margherita pizza 2 L pack of 2. Store at -18C. Shelf life 100 days. Allergens: gluten;fish.
N202887,Supplier sheet: Orchard shampoo daily 1 L pack of 6. Store at ambient. Shelf life 74 days. Allergens: none.
N200465,Supplier sheet: Harvest sourdough loaf 1 kg pack of 4. Store at ambient. Shelf life 153 days. Allergens: gluten;egg.
N201929,Supplier sheet: Harvest sourdough loaf 750 g pack of 4. Store at ambient. Shelf life 87 days. Allergens: gluten;egg.
N200936,Supplier sheet: Harvest cheddar cheese 250 ml pack of 4. Store at chilled. Shelf life 173 days. Allergens: milk.
N201981,Supplier sheet: Bluebell rice cakes 2 L pack of 1. Store at ambient. Shelf life 55 days. Allergens: nuts;milk.
N201991,Supplier sheet: Orchard razor blades 330 ml pack of 6. Store at ambient. Shelf life 61 days. Allergens: none.
N202080,Supplier sheet: Northfield salted butter 500 g pack of 1. Store at chilled. Shelf life 9 days. Allergens: milk.
N200020,Supplier sheet: Meadow sparkling water 1 L pack of 4. Store at ambient. Shelf life 133 days. Allergens: none.
N200214,Supplier sheet: Valley glass cleaner 330 ml pack of 2. Store at ambient. Shelf life 16 days. Allergens: none.
N201296,Supplier sheet: Northfield salted butter 250 ml pack of 12. Store at chilled. Shelf life 53 days. Allergens: milk.
N201543,Supplier sheet: Bluebell toothpaste mint 1 kg pack of 6. Store at ambient. Shelf life 164 days. Allergens: none.
N202414,Supplier sheet: Harvest bin liners 6 pk pack of 12. Store at ambient. Shelf life 111 days. Allergens: none.
N200885,Supplier sheet: Valley rice cakes 1 L pack of 1. Store at ambient. Shelf life 101 days. Allergens: nuts;milk.
N202832,Supplier sheet: Meadow double cream 1 kg pack of 2. Store at chilled. Shelf life 145 days. Allergens: milk.
N201707,Supplier sheet: Meadow vanilla icecream 1 kg pack of 6. Store at -18C. Shelf life 139 days. Allergens: gluten;fish.
N200639,Supplier sheet: Northfield razor blades 1 L pack of 12. Store at ambient. Shelf life 159 days. Allergens: none.
N201042,Supplier sheet: Harvest banana bunch 1 L pack of 2. Store at chilled. Shelf life 120 days. Allergens: none.
N201661,Supplier sheet: Bluebell trail mix 330 ml pack of 6. Store at ambient. Shelf life 82 days. Allergens: nuts;milk.
N202509,Supplier sheet: Northfield trail mix 6 pk pack of 1. Store at ambient. Shelf life 26 days. Allergens: nuts;milk.
N200017,Supplier sheet: Northfield butter croissant 2 L pack of 6. Store at ambient. Shelf life 68 days. Allergens: gluten;egg.
N201970,Supplier sheet: Northfield gala apple 750 g pack of 12. Store at chilled. Shelf life 127 days. Allergens: none.
N202573,Supplier sheet: Bluebell tortilla chips 500 g pack of 12. Store at ambient. Shelf life 47 days. Allergens: nuts;milk.
N200063,Supplier sheet: Harvest shampoo daily 250 ml pack of 4. Store at ambient. Shelf life 121 days. Allergens: none.
N202611,Supplier sheet: Harvest mixed berries 1 kg pack of 6. Store at -18C. Shelf life 26 days. Allergens: gluten;fish.
N201116,Supplier sheet: Northfield cola zero 250 ml pack of 12. Store at ambient. Shelf life 13 days. Allergens: none.
N202025,Supplier sheet: Harvest sourdough loaf 1 kg pack of 12. Store at ambient. Shelf life 67 days. Allergens: gluten;egg.
N202507,Supplier sheet: Bluebell garden peas 1 kg pack of 4. Store at -18C. Shelf life 43 days. Allergens: gluten;fish.
N202763,Supplier sheet: Harvest fish fingers 6 pk pack of 4. Store at -18C. Shelf life 157 days. Allergens: gluten;fish.
N202428,Supplier sheet: Northfield cold brew 1 L pack of 1. Store at ambient. Shelf life 69 days. Allergens: none.
N202353,Supplier sheet: Northfield seeded bagel 6 pk pack of 2. Store at ambient. Shelf life 77 days. Allergens: gluten;egg.
N201638,Supplier sheet: Bluebell glass cleaner 750 g pack of 1. Store at ambient. Shelf life 74 days. Allergens: none.
N201011,Supplier sheet: Northfield fish fingers 1 L pack of 2. Store at -18C. Shelf life 59 days. Allergens: gluten;fish.
N201366,Supplier sheet: Orchard glass cleaner 6 pk pack of 12. Store at ambient. Shelf life 165 days. Allergens: none.
N202401,Supplier sheet: Meadow blueberry muffin 6 pk pack of 12. Store at ambient. Shelf life 133 days. Allergens: gluten;egg.
N202344,Supplier sheet: Meadow greek yogurt 6 pk pack of 2. Store at chilled. Shelf life 31 days. Allergens: milk.
N201612,Supplier sheet: Orchard oat drink 500 g pack of 2. Store at ambient. Shelf life 41 days. Allergens: none.
N202104,Supplier sheet: Valley whole milk 1 kg pack of 1. Store at chilled. Shelf life 17 days. Allergens: milk.
N201243,Supplier sheet: Harvest mixed berries 500 g pack of 6. Store at -18C. Shelf life 48 days. Allergens: gluten;fish.
N201993,Supplier sheet: Northfield blueberry muffin 750 g pack of 12. Store at ambient. Shelf life 119 days. Allergens: gluten;egg.
N201557,Supplier sheet: Valley salted crisps 500 g pack of 1. Store at ambient. Shelf life 168 days. Allergens: nuts;milk.
N200125,Supplier sheet: Orchard trail mix 2 L pack of 4. Store at ambient. Shelf life 88 days. Allergens: nuts;milk.
N200756,Supplier sheet: Valley oat drink 6 pk pack of 6. Store at ambient. Shelf life 17 days. Allergens: none.
N200208,Supplier sheet: Meadow cheddar cheese 1 L pack of 4. Store at chilled. Shelf life 11 days. Allergens: milk.
N202016,Supplier sheet: Harvest double cream 6 pk pack of 1. Store at chilled. Shelf life 76 days. Allergens: milk.
N200011,Supplier sheet: Harvest margherita pizza 2 L pack of 12. Store at -18C. Shelf life 49 days. Allergens: gluten;fish.
N202994,Supplier sheet: Meadow avocado ripe 1 kg pack of 12. Store at chilled. Shelf life 105 days. Allergens: none.
N202126,Supplier sheet: Bluebell glass cleaner 750 g pack of 6. Store at ambient. Shelf life 23 days. Allergens: none.
N200779,Supplier sheet: Bluebell fish fingers 1 kg pack of 1. Store at -18C. Shelf life 43 days. Allergens: gluten;fish.
N201431,Supplier sheet: Bluebell razor blades 250 ml pack of 2. Store at ambient. Shelf life 101 days. Allergens: none.
N200432,Supplier sheet: Valley salted butter 500 g pack of 6. Store at chilled. Shelf life 52 days. Allergens: milk.
N202369,Supplier sheet: Meadow sourdough loaf 250 ml pack of 6. Store at ambient. Shelf life 67 days. Allergens: gluten;egg.
N201741,Supplier sheet: Orchard salted crisps 6 pk pack of 6. Store at ambient. Shelf life 42 days. Allergens: nuts;milk.
N202237,Supplier sheet: Harvest salted crisps 6 pk pack of 4. Store at ambient. Shelf life 12 days. Allergens: nuts;milk.
N201780,Supplier sheet: Valley cola zero 6 pk pack of 4. Store at ambient. Shelf life 64 days. Allergens: none.
N200098,Supplier sheet: Valley baby spinach 250 ml pack of 6. Store at chilled. Shelf life 61 days. Allergens: none.
N200427,Supplier sheet: Valley margherita pizza 2 L pack of 1. Store at -18C. Shelf life 162 days. Allergens: gluten;fish.
N202347,Supplier sheet: Harvest garden peas 500 g pack of 6. Store at -18C. Shelf life 161 days. Allergens: gluten;fish.
N202101,Supplier sheet: Orchard salted crisps 250 ml pack of 12. Store at ambient. Shelf life 79 days. Allergens: nuts;milk.
N200288,Supplier sheet: Valley salted butter 2 L pack of 4. Store at chilled. Shelf life 53 days. Allergens: milk.
N202079,Supplier sheet: Valley toothpaste mint 2 L pack of 4. Store at ambient. Shelf life 76 days. Allergens: none.
N200740,Supplier sheet: Meadow oat drink 2 L pack of 12. Store at ambient. Shelf life 110 days. Allergens: none.
N202993,Supplier sheet: Northfield butter croissant 250 ml pack of 4. Store at ambient. Shelf life 71 days. Allergens: gluten;egg.
N201683,Supplier sheet: Meadow mixed berries 330 ml pack of 2. Store at -18C. Shelf life 136 days. Allergens: gluten;fish.
N202802,Supplier sheet: Harvest gala apple 500 g pack of 4. Store at chilled. Shelf life 173 days. Allergens: none.
N200310,Supplier sheet: Northfield bin liners 6 pk pack of 6. Store at ambient. Shelf life 74 days. Allergens: none.
N200358,Supplier sheet: Valley bin liners 250 ml pack of 1. Store at ambient. Shelf life 23 days. Allergens: none.
N201015,Supplier sheet: Valley shampoo daily 330 ml pack of 2. Store at ambient. Shelf life 24 days. Allergens: none.
N200499,Supplier sheet: Bluebell mixed berries 330 ml pack of 1. Store at -18C. Shelf life 157 days. Allergens: gluten;fish.
N201697,Supplier sheet: Meadow wholemeal bread 2 L pack of 6. Store at ambient. Shelf life 76 days. Allergens: gluten;egg.
N200178,Supplier sheet: Meadow baby spinach 1 L pack of 12. Store at chilled. Shelf life 60 days. Allergens: none.
N200375,Supplier sheet: Orchard razor blades 500 g pack of 6. Store at ambient. Shelf life 112 days. Allergens: none.
N202041,Supplier sheet: Northfield blueberry muffin 750 g pack of 4. Store at ambient. Shelf life 172 days. Allergens: gluten;egg.
N202186,Supplier sheet: Meadow banana bunch 250 ml pack of 4. Store at chilled. Shelf life 78 days. Allergens: none.
N201169,Supplier sheet: Bluebell butter croissant 750 g pack of 4. Store at ambient. Shelf life 58 days. Allergens: gluten;egg.
N200148,Supplier sheet: Meadow orange juice 250 ml pack of 12. Store at ambient. Shelf life 155 days. Allergens: none.
N202876,Supplier sheet: Northfield sparkling water 1 L pack of 12. Store at ambient. Shelf life 17 days. Allergens: none.
N201157,Supplier sheet: Bluebell trail mix 6 pk pack of 1. Store at ambient. Shelf life 152 days. Allergens: nuts;milk.
N202059,Supplier sheet: Orchard garden peas 500 g pack of 12. Store at -18C. Shelf life 95 days. Allergens: gluten;fish.
N202588,Supplier sheet: Harvest orange juice 250 ml pack of 12. Store at ambient. Shelf life 6 days. Allergens: none.
N200026,Supplier sheet: Valley cherry tomato 250 ml pack of 4. Store at chilled. Shelf life 43 days. Allergens: none.
N200372,Supplier sheet: Bluebell oat drink 330 ml pack of 2. Store at ambient. Shelf life 123 days. Allergens: none.
N200723,Supplier sheet: Orchard vanilla icecream 2 L pack of 4. Store at -18C. Shelf life 136 days. Allergens: gluten;fish.
N202265,Supplier sheet: Valley wholemeal bread 500 g pack of 2. Store at ambient. Shelf life 37 days. Allergens: gluten;egg.
N200038,Supplier sheet: Valley paper towel 330 ml pack of 4. Store at ambient. Shelf life 119 days. Allergens: none.
N200232,Supplier sheet: Orchard double cream 330 ml pack of 4. Store at chilled. Shelf life 178 days. Allergens: milk.
N201147,Supplier sheet: Orchard fish fingers 330 ml pack of 6. Store at -18C. Shelf life 124 days. Allergens: gluten;fish.
N201211,Supplier sheet: Orchard vanilla icecream 2 L pack of 6. Store at -18C. Shelf life 127 days. Allergens: gluten;fish.
N201949,Supplier sheet: Meadow dark chocolate 250 ml pack of 4. Store at ambient. Shelf life 37 days. Allergens: nuts;milk.
N200103,Supplier sheet: Meadow razor blades 500 g pack of 6. Store at ambient. Shelf life 115 days. Allergens: none.
N200626,Supplier sheet: Valley baby spinach 250 ml pack of 6. Store at chilled. Shelf life 128 days. Allergens: none.
N200508,Supplier sheet: Bluebell sparkling water 1 kg pack of 4. Store at ambient. Shelf life 22 days. Allergens: none.
N201817,Supplier sheet: Valley butter croissant 1 L pack of 1. Store at ambient. Shelf life 58 days. Allergens: gluten;egg.
N202515,Supplier sheet: Northfield mixed berries 1 kg pack of 2. Store at -18C. Shelf life 159 days. Allergens: gluten;fish.
N202210,Supplier sheet: Orchard banana bunch 330 ml pack of 6. Store at chilled. Shelf life 179 days. Allergens: none.
N201723,Supplier sheet: Valley garden peas 250 ml pack of 2. Store at -18C. Shelf life 33 days. Allergens: gluten;fish.
N202897,Supplier sheet: Northfield seeded bagel 500 g pack of 2. Store at ambient. Shelf life 132 days. Allergens: gluten;egg.
N202292,Supplier sheet: Harvest cola zero 500 g pack of 4. Store at ambient. Shelf life 91 days. Allergens: none.
N201902,Supplier sheet: Bluebell glass cleaner 330 ml pack of 6. Store at ambient. Shelf life 107 days. Allergens: none.
N200842,Supplier sheet: Orchard cherry tomato 500 g pack of 12. Store at chilled. Shelf life 93 days. Allergens: none.
N202323,Supplier sheet: Orchard mixed berries 6 pk pack of 1. Store at -18C. Shelf life 156 days. Allergens: gluten;fish.
N200283,Supplier sheet: Orchard garden peas 750 g pack of 6. Store at -18C. Shelf life 81 days. Allergens: gluten;fish.
N201352,Supplier sheet: Northfield greek yogurt 2 L pack of 2. Store at chilled. Shelf life 107 days. Allergens: milk.
N202478,Supplier sheet: Valley dish soap 1 L pack of 1. Store at ambient. Shelf life 121 days. Allergens: none.
N202602,Supplier sheet: Orchard baby spinach 1 L pack of 12. Store at chilled. Shelf life 100 days. Allergens: none.
N202564,Supplier sheet: Northfield sparkling water 750 g pack of 1. Store at ambient. Shelf life 158 days. Allergens: none.
N201256,Supplier sheet: Orchard whole milk 250 ml pack of 6. Store at chilled. Shelf life 45 days. Allergens: milk.
N202297,Supplier sheet: Meadow butter croissant 1 kg pack of 1. Store at ambient. Shelf life 170 days. Allergens: gluten;egg.
N202147,Supplier sheet: Bluebell vanilla icecream 330 ml pack of 1. Store at -18C. Shelf life 123 days. Allergens: gluten;fish.
N201624,Supplier sheet: Meadow cheddar cheese 750 g pack of 1. Store at chilled. Shelf life 172 days. Allergens: milk.
N202809,Supplier sheet: Harvest blueberry muffin 2 L pack of 12. Store at ambient. Shelf life 69 days. Allergens: gluten;egg.
N201141,Supplier sheet: Harvest salted crisps 1 kg pack of 2. Store at ambient. Shelf life 87 days. Allergens: nuts;milk.
N200544,Supplier sheet: Orchard salted butter 1 kg pack of 4. Store at chilled. Shelf life 10 days. Allergens: milk.
N200988,Supplier sheet: Northfield orange juice 500 g pack of 6. Store at ambient. Shelf life 166 days. Allergens: none.
N202924N,Supplier sheet: MEADOW OAT DRINK 2 L PACK OF 2  . Store at ambient. Shelf life 147 days. Allergens: none.
N201724,Supplier sheet: Meadow cola zero 1 L pack of 12. Store at ambient. Shelf life 55 days. Allergens: none.
N202371,Supplier sheet: Northfield garden peas 1 L pack of 12. Store at -18C. Shelf life 12 days. Allergens: gluten;fish.
N202441,Supplier sheet: Meadow seeded bagel 1 L pack of 4. Store at ambient. Shelf life 126 days. Allergens: gluten;egg.
N201312,Supplier sheet: Meadow salted butter 500 g pack of 2. Store at chilled. Shelf life 121 days. Allergens: milk.
N202678,Supplier sheet: Northfield glass cleaner 330 ml pack of 4. Store at ambient. Shelf life 96 days. Allergens: none.
N200015,Supplier sheet: Bluebell body lotion 2 L pack of 4. Store at ambient. Shelf life 30 days. Allergens: none. Call +1-555-0113-1013
N200194,Supplier sheet: Northfield banana bunch 500 g pack of 1. Store at chilled. Shelf life 165 days. Allergens: none.
N202343,Supplier sheet: Northfield shampoo daily 6 pk pack of 12. Store at ambient. Shelf life 79 days. Allergens: none.
